uid,split_mutation,split_pdb_id,split_hold_out_proteins
1CSE_E_I|LI38G|0,test,train,train
1CSE_E_I|LI38S|0,train,train,train
1CSE_E_I|LI38P|0,train,train,train
1CSE_E_I|LI38I|0,val,train,train
1CSE_E_I|LI38D|0,train,train,train
1CSE_E_I|LI38E|0,test,train,train
1ACB_E_I|LI38G|0,train,test,train
1ACB_E_I|LI38S|0,train,test,train
1ACB_E_I|LI38P|0,val,test,train
1ACB_E_I|LI38I|0,val,test,train
1ACB_E_I|LI38D|0,train,test,train
1ACB_E_I|LI38E|0,train,test,train
1SBN_E_I|RI38K|0,train,train,train
1SIB_E_I|KI46R|0,val,test,train
1TM1_E_I|YI42A|0,train,train,train
1TM1_E_I|YI42G|0,test,train,train
1TM1_E_I|RI46A|0,train,train,train
1TM1_E_I|RI48A|0,test,train,train
1TM1_E_I|RI48C|0,test,train,train
1TM1_E_I|TI39D|0,test,train,train
1TM1_E_I|TI39A|0,train,train,train
1TM1_E_I|EI41A|0,test,train,train
1TM1_E_I|VI51A|0,train,train,train
1Y1K_E_I|AI39T|0,train,val,train
1Y33_E_I|PI39T|0,test,test,train
1Y34_E_I|AI41E|0,train,train,train
1Y3B_E_I|SI41E|0,train,train,train
1Y3C_E_I|AI43R|0,train,train,train
1Y48_E_I|AI46R|0,train,train,train
1Y3D_E_I|AI48R|0,val,test,train
1TM1_E_I|TI39A|1,train,train,train
1TM1_E_I|TI39P|0,train,train,train
1TM1_E_I|EI41A|1,train,train,train
1TM1_E_I|EI41S|0,train,train,train
1TM1_E_I|RI43A|0,train,train,train
1TM1_E_I|RI46A|1,train,train,train
1TM1_E_I|RI48A|1,train,train,train
1TM4_E_I|GI40M|0,train,val,train
1TM5_E_I|AI40M|0,val,train,train
1TM3_E_I|KI40M|0,train,train,train
1TM7_E_I|YI40M|0,train,test,train
1TMG_E_I|FI40M|0,train,train,train
1TO1_E_I|AI42Y|0,train,test,train
1TM1_E_I|MI40G|0,train,train,train
1TM1_E_I|MI40A|0,val,train,train
1TM1_E_I|MI40K|0,train,train,train
1TM1_E_I|MI40Y|0,train,train,train
1TM1_E_I|MI40F|0,val,train,train
1TM1_E_I|YI42A|1,train,train,train
2SIC_E_I|MI67E|0,val,train,train
2SIC_E_I|MI67D|0,train,train,train
2SIC_E_I|MI67H|0,train,train,train
2SIC_E_I|MI67K|0,train,train,train
2SIC_E_I|MI67R|0,train,train,train
2SIC_E_I|MI67G|0,train,train,train
2SIC_E_I|MI67A|0,val,train,train
2SIC_E_I|MI67L|0,train,train,train
2SIC_E_I|MI67V|0,train,train,train
2SIC_E_I|MI67I|0,train,train,train
1IAR_A_B|IA5A|0,val,val,test
1IAR_A_B|IA5R|0,train,val,test
1IAR_A_B|TA6A|0,val,val,test
1IAR_A_B|TA6D|0,train,val,test
1IAR_A_B|QA8A|0,val,val,test
1IAR_A_B|QA8R|0,train,val,test
1IAR_A_B|EA9Q|0,train,val,test
1IAR_A_B|IA11A|0,train,val,test
1IAR_A_B|KA12S|0,train,val,test
1IAR_A_B|KA12E|0,train,val,test
1IAR_A_B|TA13A|0,test,val,test
1IAR_A_B|TA13D|0,train,val,test
1IAR_A_B|NA15A|0,train,val,test
1IAR_A_B|NA15D|0,train,val,test
1IAR_A_B|SA16A|0,test,val,test
1IAR_A_B|SA16D|0,val,val,test
1IAR_A_B|EA19A|0,train,val,test
1IAR_A_B|EA19R|0,train,val,test
1IAR_A_B|RA53Q|0,train,val,test
1IAR_A_B|KA77A|0,train,val,test
1IAR_A_B|KA77E|0,train,val,test
1IAR_A_B|QA78A|0,test,val,test
1IAR_A_B|QA78E|0,val,val,test
1IAR_A_B|RA81A|0,train,val,test
1IAR_A_B|RA81E|0,train,val,test
1IAR_A_B|FA82A|0,train,val,test
1IAR_A_B|FA82D|0,val,val,test
1IAR_A_B|KA84A|0,test,val,test
1IAR_A_B|KA84D|0,train,val,test
1IAR_A_B|RA85A|0,train,val,test
1IAR_A_B|RA85E|0,train,val,test
1IAR_A_B|RA88Q|0,test,val,test
1IAR_A_B|RA88A|0,train,val,test
1IAR_A_B|NA89A|0,train,val,test
1IAR_A_B|WA91A|0,test,val,test
1IAR_A_B|WA91D|0,train,val,test
1BRS_A_D|KA25A|0,val,train,train
1BRS_A_D|RA57A|0,train,train,train
1BRS_A_D|RA81Q|0,train,train,train
1BRS_A_D|RA85A|0,train,train,train
1BRS_A_D|HA100A|0,train,train,train
1BRS_A_D|YD29F|0,train,train,train
1BRS_A_D|YD29A|0,train,train,train
1BRS_A_D|DD35A|0,train,train,train
1BRS_A_D|WD38F|0,train,train,train
1BRS_A_D|DD39A|0,train,train,train
1BRS_A_D|TD42A|0,train,train,train
1BRS_A_D|WD44F|0,train,train,train
1BRS_A_D|ED74A|0,train,train,train
1BRS_A_D|ED78A|0,val,train,train
1BRS_A_D|EA71Q|0,train,train,train
1BRS_A_D|EA71W|0,train,train,train
1BRS_A_D|EA71Y|0,train,train,train
1BRS_A_D|EA71F|0,train,train,train
1BRS_A_D|EA71C|0,train,train,train
1BRS_A_D|EA71S|0,val,train,train
1BRS_A_D|EA71A|0,train,train,train
1BRS_A_D|RA57K|0,val,train,train
1BRS_A_D|RA57A|1,train,train,train
1BRS_A_D|HA100Q|0,train,train,train
1BRS_A_D|HA100D|0,val,train,train
1BRS_A_D|HA100G|0,val,train,train
1BRS_A_D|HA100A|1,train,train,train
1BRS_A_D|HA100L|0,train,train,train
1B2U_A_D|AA27K|0,train,test,train
1B2U_A_D|AD36D|0,train,test,train
1B2S_A_D|AA27K|0,test,test,train
1B2S_A_D|AD43T|0,train,test,train
1B3S_A_D|AA102H|0,train,val,train
1B3S_A_D|FD30Y|0,test,val,train
1BRS_A_D|DD35A|1,train,train,train
1BRS_A_D|DD39A|1,train,train,train
1BRS_A_D|ED74A|1,val,train,train
1BRS_A_D|ED78A|1,train,train,train
1X1W_A_D|AD81E|0,train,test,train
1X1X_A_D|AD76E|0,train,val,train
1BRS_A_D|KA25A|1,train,train,train
1BRS_A_D|WA33F|0,test,train,train
1BRS_A_D|DA52A|0,train,train,train
1BRS_A_D|NA56A|0,val,train,train
1BRS_A_D|RA57A|2,val,train,train
1BRS_A_D|EA58A|0,train,train,train
1BRS_A_D|EA71A|1,train,train,train
1BRS_A_D|RA85A|1,train,train,train
1BRS_A_D|HA100A|2,test,train,train
1BRS_A_D|KA25A|2,train,train,train
1BRS_A_D|WA33F|1,val,train,train
1BRS_A_D|DA52A|1,test,train,train
1BRS_A_D|NA56A|1,train,train,train
1BRS_A_D|RA57A|3,train,train,train
1BRS_A_D|EA58A|1,train,train,train
1BRS_A_D|EA71A|2,train,train,train
1BRS_A_D|HA100A|3,test,train,train
1SBB_A_B|LB20T|0,train,val,test
1SBB_A_B|VB26Y|0,test,val,test
1SBB_A_B|YB91V|0,train,val,test
1JCK_A_B|TB20A|0,train,train,test
1JCK_A_B|YB26A|0,test,train,test
1JCK_A_B|NB60A|0,train,train,test
1JCK_A_B|YB90A|0,train,train,test
1JCK_A_B|VB91A|0,train,train,test
1JCK_A_B|KB103A|0,train,train,test
1JCK_A_B|FB176A|0,train,train,test
1SBB_A_B|LB20T|1,val,val,test
1SBB_A_B|VB26Y|1,train,val,test
1SBB_A_B|YB91V|1,train,val,test
1JCK_A_B|TB20A|1,train,train,test
1JCK_A_B|YB26A|1,train,train,test
1JCK_A_B|NB60A|1,train,train,test
1JCK_A_B|VB91A|1,train,train,test
1JCK_A_B|GB102A|0,train,train,test
1JCK_A_B|KB103A|1,val,train,test
1JCK_A_B|FB176A|1,train,train,test
1GCQ_AB_C|PC5A|0,val,val,train
1GCQ_AB_C|AC42G|0,train,val,train
1GCQ_AB_C|WC47Y|0,train,val,train
1GCQ_AB_C|PC67A|0,val,val,train
1GCQ_AB_C|PC18A|0,val,val,train
1GCQ_AB_C|PC19A|0,train,val,train
1GCQ_AB_C|GC21V|0,val,val,train
1E96_A_B|NA26H|0,train,val,test
1E96_A_B|IA33N|0,train,val,test
1E96_A_B|DA38N|0,train,val,test
1E96_A_B|MA45T|0,train,val,test
1E96_A_B|KA132E|0,val,val,test
1E96_A_B|LA134R|0,train,val,test
1AK4_A_D|PD85A|0,train,val,val
1AK4_A_D|VD86A|0,val,val,val
1AK4_A_D|HD87A|0,test,val,val
1AK4_A_D|HD87Q|0,train,val,val
1AK4_A_D|HD87R|0,val,val,val
1AK4_A_D|AD88V|0,train,val,val
1AK4_A_D|AD88G|0,test,val,val
1AK4_A_D|GD89A|0,train,val,val
1AK4_A_D|GD89V|0,train,val,val
1AK4_A_D|PD90A|0,train,val,val
1AK4_A_D|ID91A|0,train,val,val
1AK4_A_D|ID91V|0,train,val,val
1AK4_A_D|AD92G|0,train,val,val
1AK4_A_D|AD92V|0,train,val,val
1AK4_A_D|PD93A|0,test,val,val
1M9E_A_D|AD76H|0,train,test,val
2B42_A_B|HA357A|0,train,test,train
2B42_A_B|HA357Q|0,val,test,train
2B42_A_B|HA357K|0,train,test,train
2I26_N_L|AN29V|0,train,train,train
2I26_N_L|SN60R|0,train,train,train
2HLE_A_B|KA141Q|0,train,train,test
2HLE_A_B|LA87R|0,test,train,test
3BT1_A_U|RU135A|0,train,train,train
3BT1_A_U|KU137A|0,train,train,train
3BT1_A_U|RU140A|0,train,train,train
3BT1_A_U|HU141A|0,train,train,train
3BT1_A_U|RU143A|0,train,train,train
1AHW_AB_C|YC146A|0,train,train,train
1AHW_AB_C|TC156A|0,train,train,train
1AHW_AB_C|TC159A|0,val,train,train
1AHW_AB_C|LC165A|0,train,train,train
1AHW_AB_C|DC167A|0,train,train,train
1AHW_AB_C|TC186A|0,test,train,train
1AHW_AB_C|VC187A|0,train,train,train
1AHW_AB_C|NC188A|0,val,train,train
1UUZ_A_D|HA62Q|0,test,test,train
1UUZ_A_D|HA62N|0,train,test,train
1UUZ_A_D|HA62D|0,train,test,train
1UUZ_A_D|HA62A|0,train,test,train
1UUZ_A_D|CA64A|0,train,test,train
1DVF_AB_CD|HA30A|0,train,test,train
1DVF_AB_CD|YA32A|0,train,test,train
1DVF_AB_CD|YA49A|0,train,test,train
1DVF_AB_CD|YA50A|0,val,test,train
1DVF_AB_CD|WA92A|0,train,test,train
1DVF_AB_CD|SA93A|0,train,test,train
1DVF_AB_CD|TB30A|0,train,test,train
1DVF_AB_CD|YB32A|0,test,test,train
1DVF_AB_CD|WB52A|0,test,test,train
1DVF_AB_CD|DB54A|0,val,test,train
1DVF_AB_CD|NB56A|0,train,test,train
1DVF_AB_CD|DB58A|0,val,test,train
1DVF_AB_CD|EB98A|0,train,test,train
1DVF_AB_CD|RB99A|0,train,test,train
1DVF_AB_CD|DB100A|0,train,test,train
1DVF_AB_CD|YB101F|0,train,test,train
1DVF_AB_CD|EB98A|1,train,test,train
1DVF_AB_CD|DB54A|1,train,test,train
1DVF_AB_CD|DB58A|1,test,test,train
1DVF_AB_CD|YA49A|1,val,test,train
1DVF_AB_CD|YA32A|1,test,test,train
1DVF_AB_CD|NB56A|1,test,test,train
1DVF_AB_CD|WB52A|1,train,test,train
1DVF_AB_CD|DB100A|1,train,test,train
1DVF_AB_CD|YD102A|0,train,test,train
1DVF_AB_CD|YC49A|0,train,test,train
1DVF_AB_CD|QD104A|0,train,test,train
1DVF_AB_CD|ND55A|0,train,test,train
1DVF_AB_CD|RD106A|0,train,test,train
1DVF_AB_CD|KD30A|0,test,test,train
1DVF_AB_CD|HD33A|0,test,test,train
1DVF_AB_CD|DD52A|0,val,test,train
1DVF_AB_CD|ID101A|0,val,test,train
1VFB_AB_C|HA30A|0,train,train,train
1VFB_AB_C|YA32A|0,train,train,train
1VFB_AB_C|YA49A|0,train,train,train
1VFB_AB_C|YA50A|0,train,train,train
1VFB_AB_C|WA92A|0,train,train,train
1VFB_AB_C|SA93A|0,train,train,train
1VFB_AB_C|TB30A|0,val,train,train
1VFB_AB_C|YB32A|0,val,train,train
1VFB_AB_C|WB52A|0,val,train,train
1VFB_AB_C|DB54A|0,train,train,train
1VFB_AB_C|NB56A|0,train,train,train
1VFB_AB_C|DB58A|0,train,train,train
1VFB_AB_C|EB98A|0,val,train,train
1VFB_AB_C|RB99A|0,train,train,train
1VFB_AB_C|DB100A|0,train,train,train
1VFB_AB_C|YB101F|0,train,train,train
1VFB_AB_C|SB28N|0,train,train,train
1VFB_AB_C|SB28Q|0,train,train,train
1VFB_AB_C|SB28D|0,train,train,train
1VFB_AB_C|SB28E|0,train,train,train
1VFB_AB_C|GB31A|0,test,train,train
1VFB_AB_C|GB31E|0,val,train,train
1VFB_AB_C|GB31W|0,train,train,train
1VFB_AB_C|YB32E|0,train,train,train
1VFB_AB_C|DB58N|0,train,train,train
1VFB_AB_C|DB58E|0,train,train,train
1VFB_AB_C|RB99Y|0,train,train,train
1VFB_AB_C|RB99W|0,val,train,train
1VFB_AB_C|NA31W|0,val,train,train
1VFB_AB_C|YA50R|0,train,train,train
1VFB_AB_C|YA50K|0,val,train,train
1VFB_AB_C|TA52F|0,train,train,train
1VFB_AB_C|TA53R|0,train,train,train
1EFN_A_B|TA13H|0,val,test,val
1EFN_A_B|IA12A|0,train,test,val
2GOX_A_B|RB31A|0,train,test,test
2GOX_A_B|NB38A|0,train,test,test
3D5S_A_C|AC31R|0,train,train,test
3D5R_A_C|AC38N|0,train,train,test
2GOX_A_B|RB31A|1,val,test,test
2GOX_A_B|NB38A|1,train,test,test
3D5S_A_C|AC31R|1,train,train,test
3D5R_A_C|AC38N|1,test,train,test
3BP8_A_C|FA115A|0,train,val,test
3BP8_A_C|AC51F|0,val,val,test
2VIS_AB_C|IC89T|0,train,test,train
2VIR_AB_C|SC115L|0,test,train,train
2VIR_AB_C|TC89I|0,test,train,train
2HRK_A_B|TB55V|0,train,train,train
2HRK_A_B|TA108V|0,train,train,train
2HRK_A_B|KA140A|0,val,train,train
2WPT_A_B|DA30L|0,val,train,val
2WPT_A_B|NA31V|0,train,train,val
2WPT_A_B|RA35T|0,train,train,val
2WPT_A_B|EA36H|0,train,train,val
2WPT_A_B|RA39E|0,test,train,val
2WPT_A_B|EA27A|0,val,train,val
2WPT_A_B|DA30A|0,train,train,val
2WPT_A_B|NA31A|0,train,train,val
2WPT_A_B|VA34A|0,train,train,val
2WPT_A_B|RA35A|0,train,train,val
2WPT_A_B|EA38A|0,train,train,val
2WPT_A_B|RA39A|0,train,train,val
2WPT_A_B|SA47A|0,test,train,val
2WPT_A_B|PA53A|0,test,train,val
2WPT_A_B|RB47A|0,test,train,val
2WPT_A_B|NB65A|0,train,train,val
2WPT_A_B|SB67A|0,train,train,val
2WPT_A_B|NB68A|0,train,train,val
2WPT_A_B|SB70A|0,train,train,val
2WPT_A_B|SB71A|0,train,train,val
2WPT_A_B|SB77A|0,train,train,val
2WPT_A_B|FB79A|0,train,train,val
2WPT_A_B|TB80A|0,train,train,val
2WPT_A_B|QB85A|0,train,train,val
2WPT_A_B|KB90A|0,train,train,val
2WPT_A_B|VB91A|0,train,train,val
2WPT_A_B|RB47A|1,val,train,val
2WPT_A_B|NB65A|1,train,train,val
2WPT_A_B|SB67A|1,train,train,val
2WPT_A_B|NB68A|1,train,train,val
2WPT_A_B|SB70A|1,train,train,val
2WPT_A_B|SB71A|1,train,train,val
2WPT_A_B|SB77A|1,train,train,val
2WPT_A_B|FB79A|1,val,train,val
2WPT_A_B|TB80A|1,train,train,val
2WPT_A_B|QB85A|1,val,train,val
2WPT_A_B|KB90A|1,train,train,val
2WPT_A_B|VB91A|1,train,train,val
2VLP_A_B|AB54R|0,train,train,val
2VLN_A_B|AB75N|0,val,train,val
2VLQ_A_B|AB86F|0,train,train,val
2VLO_A_B|AB95K|0,train,test,val
1EMV_A_B|RB54A|0,train,train,val
1EMV_A_B|NB72A|0,train,train,val
1EMV_A_B|SB74A|0,val,train,val
1EMV_A_B|NB75A|0,val,train,val
1EMV_A_B|SB77A|0,train,train,val
1EMV_A_B|SB78A|0,train,train,val
1EMV_A_B|SB84A|0,train,train,val
1EMV_A_B|FB86A|0,train,train,val
1EMV_A_B|TB87A|0,train,train,val
1EMV_A_B|QB92A|0,train,train,val
1EMV_A_B|KB97A|0,train,train,val
1EMV_A_B|VB98A|0,train,train,val
1EMV_A_B|CA21A|0,train,train,val
1EMV_A_B|NA22A|0,test,train,val
1EMV_A_B|DA24A|0,train,train,val
1EMV_A_B|TA25A|0,train,train,val
1EMV_A_B|SA26A|0,train,train,val
1EMV_A_B|SA27A|0,train,train,val
1EMV_A_B|EA28A|0,test,train,val
1EMV_A_B|EA29A|0,train,train,val
1EMV_A_B|EA30A|0,val,train,val
1EMV_A_B|LA31A|0,train,train,val
1EMV_A_B|VA32A|0,train,train,val
1EMV_A_B|KA33A|0,train,train,val
1EMV_A_B|LA34A|0,train,train,val
1EMV_A_B|VA35A|0,train,train,val
1EMV_A_B|TA36A|0,train,train,val
1EMV_A_B|EA39A|0,train,train,val
1EMV_A_B|EA40A|0,train,train,val
1EMV_A_B|TA42A|0,train,train,val
1EMV_A_B|EA43A|0,train,train,val
1EMV_A_B|HA44A|0,val,train,val
1EMV_A_B|PA45A|0,train,train,val
1EMV_A_B|SA46A|0,train,train,val
1EMV_A_B|GA47A|0,train,train,val
1EMV_A_B|SA48A|0,test,train,val
1EMV_A_B|DA49A|0,train,train,val
1EMV_A_B|LA50A|0,train,train,val
1EMV_A_B|IA51A|0,val,train,val
1EMV_A_B|YA52A|0,train,train,val
1EMV_A_B|YA53A|0,train,train,val
1EMV_A_B|PA54A|0,train,train,val
1EMV_A_B|DA58A|0,train,train,val
1EMV_A_B|SA61A|0,train,train,val
1EMV_A_B|VA66A|0,test,train,val
1EMV_A_B|NA67A|0,val,train,val
1FR2_A_B|AA39E|0,test,val,val
2GYK_A_B|AA49D|0,train,train,val
1KIQ_AB_C|FB101Y|0,train,test,train
1KIP_AB_C|AB32Y|0,test,train,train
1KIR_AB_C|SA50Y|0,train,val,train
2B0Z_A_B|IB87F|0,train,val,test
2B10_A_B|SB87F|0,train,val,test
2B11_A_B|WB87F|0,train,train,test
2B12_A_B|YB87F|0,train,test,test
2PCC_A_B|DA34A|0,train,train,test
2PCC_A_B|VA197A|0,train,train,test
2PCC_A_B|EA290A|0,train,train,test
2PCC_A_B|KB92A|0,train,train,test
2PCC_A_B|KB77A|0,test,train,test
2PCC_A_B|AB86G|0,train,train,test
2PCB_A_B|EA291Q|0,train,test,test
2PCB_A_B|EA32Q|0,train,test,test
2PCB_A_B|EA35Q|0,train,test,test
2PCB_A_B|AA193F|0,train,test,test
2PCB_A_B|DA34N|0,train,test,test
2PCB_A_B|EA290N|0,train,test,test
2JEL_LH_P|FP2Y|0,train,test,train
2JEL_LH_P|FP2W|0,train,test,train
2JEL_LH_P|QP3K|0,val,test,train
2JEL_LH_P|QP4K|0,train,test,train
2JEL_LH_P|EP5D|0,train,test,train
2JEL_LH_P|EP5Q|0,test,test,train
2JEL_LH_P|VP6F|0,test,test,train
2JEL_LH_P|TP7N|0,train,test,train
2JEL_LH_P|TP7S|0,train,test,train
2JEL_LH_P|PP11E|0,val,test,train
2JEL_LH_P|NP12D|0,val,test,train
2JEL_LH_P|RP17G|0,test,test,train
2JEL_LH_P|RP17K|0,val,test,train
2JEL_LH_P|KP24E|0,train,test,train
2JEL_LH_P|KP27E|0,val,test,train
2JEL_LH_P|TP34Q|0,train,test,train
2JEL_LH_P|TP36Q|0,train,test,train
2JEL_LH_P|NP38T|0,train,test,train
2JEL_LH_P|SP41C|0,train,test,train
2JEL_LH_P|SP43C|0,train,test,train
2JEL_LH_P|SP46C|0,val,test,train
2JEL_LH_P|QP57E|0,train,test,train
2JEL_LH_P|TP62N|0,train,test,train
2JEL_LH_P|TP62A|0,test,test,train
2JEL_LH_P|SP64T|0,train,test,train
2JEL_LH_P|EP68A|0,test,test,train
2JEL_LH_P|DP69E|0,val,test,train
2JEL_LH_P|QP71E|0,train,test,train
2JEL_LH_P|KP72R|0,train,test,train
2JEL_LH_P|KP72E|0,train,test,train
2JEL_LH_P|EP75R|0,test,test,train
2JEL_LH_P|HP76D|0,val,test,train
2JEL_LH_P|HP76A|0,train,test,train
2JEL_LH_P|KP79E|0,test,test,train
2JEL_LH_P|AP82S|0,train,test,train
2JEL_LH_P|EP83A|0,train,test,train
2JEL_LH_P|EP85Q|0,val,test,train
2JEL_LH_P|EP85D|0,train,test,train
2JEL_LH_P|EP85A|0,train,test,train
2JEL_LH_P|EP85K|0,train,test,train
2OOB_A_B|KA7E|0,train,test,val
2OOB_A_B|GA13S|0,train,test,val
2O3B_A_B|EB24A|0,val,test,train
2O3B_A_B|EB24D|0,train,test,train
2O3B_A_B|EB24Q|0,train,test,train
2O3B_A_B|QB74A|0,train,test,train
2O3B_A_B|DB75E|0,test,test,train
2O3B_A_B|DB75N|0,test,test,train
2O3B_A_B|WB76A|0,train,test,train
2J0T_A_D|VD4A|0,train,test,test
2J0T_A_D|VD4I|0,train,test,test
2J0T_A_D|VD4K|0,train,test,test
2J0T_A_D|VD4S|0,train,test,test
2J0T_A_D|SD68A|0,test,test,test
2J0T_A_D|SD68E|0,train,test,test
2J0T_A_D|SD68R|0,train,test,test
2J0T_A_D|SD68Y|0,train,test,test
2J0T_A_D|TD2L|0,train,test,test
2J0T_A_D|TD2R|0,train,test,test
2J0T_A_D|TD2S|0,train,test,test
2J0T_A_D|TD2A|0,train,test,test
2J0T_A_D|MD66A|0,val,test,test
2J0T_A_D|VD69I|0,val,test,test
2J0T_A_D|VD69T|0,train,test,test
2J0T_A_D|CD70S|0,train,test,test
2C0L_A_B|NA48A|0,val,test,val
2C0L_A_B|QA239R|0,val,test,val
2C0L_A_B|SA242Y|0,train,test,val
2BTF_A_P|FP59A|0,train,train,val
2BTF_A_P|VP60E|0,test,train,val
2BTF_A_P|GP120F|0,train,train,val
2BTF_A_P|KP125A|0,train,train,val
2AJF_A_E|KE22R|0,test,val,test
2AJF_A_E|FE38S|0,train,val,test
2AJF_A_E|NE151K|0,train,val,test
2AJF_A_E|TE159S|0,train,val,test
2A9K_A_B|GB55D|0,val,val,val
4CPA_A_I|PI35G|0,train,val,train
4CPA_A_I|YI36G|0,test,val,train
4CPA_A_I|YI36F|0,train,val,train
4CPA_A_I|VI37G|0,train,val,train
4CPA_A_I|VI37A|0,val,val,train
4CPA_A_I|VI37L|0,test,val,train
4CPA_A_I|VI37I|0,train,val,train
4CPA_A_I|VI37F|0,train,val,train
1XD3_A_B|KB6A|0,val,val,train
1XD3_A_B|KB27A|0,train,val,train
1XD3_A_B|RB42L|0,train,val,train
1XD3_A_B|RB54L|0,train,val,train
1XD3_A_B|HB68N|0,train,val,train
1XD3_A_B|RB72L|0,train,val,train
1XD3_A_B|RB74L|0,train,val,train
1XD3_A_B|EB24A|0,train,val,train
1XD3_A_B|DB39A|0,train,val,train
1XD3_A_B|EB51A|0,train,val,train
1XD3_A_B|DB52A|0,val,val,train
1XD3_A_B|DB58A|0,train,val,train
1XD3_A_B|KB6R|0,test,val,train
1XD3_A_B|LB8A|0,train,val,train
1XD3_A_B|KB11R|0,train,val,train
1XD3_A_B|KB27R|0,train,val,train
1XD3_A_B|KB33R|0,train,val,train
1XD3_A_B|IB44A|0,val,val,train
1S1Q_A_B|VA41A|0,train,val,train
1S1Q_A_B|FA42A|0,train,val,train
1S1Q_A_B|NA43A|0,train,val,train
1S1Q_A_B|DA44A|0,val,val,train
1S1Q_A_B|WA73A|0,train,val,train
1S1Q_A_B|FA86A|0,test,val,train
1NCA_N_LH|NH31Q|0,train,test,train
1NCA_N_LH|EH100D|0,val,test,train
1NCA_N_LH|DH101K|0,train,test,train
1NCA_N_LH|NH102Q|0,train,test,train
1N8O_ABC_E|ME80L|0,train,val,train
1N8O_ABC_E|ME80K|0,train,val,train
1N8O_ABC_E|ME80R|0,train,val,train
1MAH_A_F|FA285L|0,train,test,test
1MAH_A_F|FA287I|0,train,test,test
1MAH_A_F|FA287Y|0,train,test,test
1MAH_A_F|FA328G|0,test,test,test
1MAH_A_F|YA327A|0,train,test,test
1MAH_A_F|DA71N|0,val,test,test
1MAH_A_F|YA121Q|0,train,test,test
1MAH_A_F|YA69N|0,train,test,test
1MAH_A_F|WA276R|0,train,test,test
1LFD_A_B|RA7A|0,train,train,test
1LFD_A_B|SA9K|0,train,train,test
1LFD_A_B|LA10K|0,val,train,test
1LFD_A_B|NA14K|0,train,train,test
1LFD_A_B|MA17K|0,train,train,test
1LFD_A_B|KA19A|0,val,train,test
1LFD_A_B|KA35A|0,train,train,test
1LFD_A_B|DA38A|0,train,train,test
1LFD_A_B|DA38K|0,train,train,test
1LFD_A_B|KA39A|0,train,train,test
1LFD_A_B|NA41K|0,train,train,test
1LFD_A_B|LA42K|0,train,train,test
1LFD_A_B|DA43A|0,train,train,test
1LFD_A_B|EA44A|0,train,train,test
1LFD_A_B|EA44K|0,train,train,test
1LFD_A_B|DA45K|0,train,train,test
1LFD_A_B|NA79K|0,train,train,test
1LFD_A_B|YA80K|0,train,train,test
1LFD_A_B|DA81K|0,train,train,test
1LFD_A_B|RA7A|1,train,train,test
1LFD_A_B|SA9K|1,train,train,test
1LFD_A_B|LA10K|1,train,train,test
1LFD_A_B|NA14K|1,train,train,test
1LFD_A_B|MA17K|1,train,train,test
1LFD_A_B|KA19A|1,train,train,test
1LFD_A_B|KA35A|1,test,train,test
1LFD_A_B|DA38A|1,val,train,test
1LFD_A_B|DA38K|1,val,train,test
1LFD_A_B|KA39A|1,train,train,test
1LFD_A_B|NA41K|1,train,train,test
1LFD_A_B|LA42K|1,test,train,test
1LFD_A_B|DA43A|1,train,train,test
1LFD_A_B|EA44A|1,train,train,test
1LFD_A_B|EA44K|1,val,train,test
1LFD_A_B|DA45K|1,train,train,test
1LFD_A_B|NA79K|1,train,train,test
1LFD_A_B|YA80K|1,train,train,test
1LFD_A_B|DA81K|1,test,train,test
1KTZ_A_B|VA62I|0,train,val,test
1KTZ_A_B|RA13K|0,train,val,test
1KTZ_A_B|RA64K|0,train,val,test
1KTZ_A_B|RA13A|0,train,val,test
1KTZ_A_B|RA64A|0,train,val,test
1KTZ_A_B|LB3A|0,train,val,test
1KTZ_A_B|FB6A|0,test,val,test
1KTZ_A_B|DB8A|0,train,val,test
1KTZ_A_B|DB8N|0,train,val,test
1KTZ_A_B|SB25A|0,train,val,test
1KTZ_A_B|IB26A|0,train,val,test
1KTZ_A_B|TB27A|0,test,val,test
1KTZ_A_B|SB28A|0,test,val,test
1KTZ_A_B|SB28L|0,test,val,test
1KTZ_A_B|IB29A|0,train,val,test
1KTZ_A_B|EB31A|0,test,val,test
1KTZ_A_B|VB53A|0,val,val,test
1KTZ_A_B|DB94A|0,train,val,test
1KTZ_A_B|EB95A|0,train,val,test
1KTZ_A_B|EB95Q|0,val,val,test
1KTZ_A_B|NB23A|0,train,val,test
1KTZ_A_B|VB38A|0,val,val,test
1KTZ_A_B|EB51A|0,train,val,test
1KTZ_A_B|HB55A|0,train,val,test
1KTZ_A_B|FB86A|0,train,val,test
1KTZ_A_B|MB88A|0,train,val,test
1KTZ_A_B|IB101A|0,train,val,test
1REW_AB_C|QC55A|0,test,test,val
3BK3_A_C|LC2A|0,test,val,val
3BK3_A_C|LC2R|0,train,val,val
3BK3_A_C|IC3A|0,train,val,val
3BK3_A_C|IC3R|0,train,val,val
3BK3_A_C|TC4P|0,train,val,val
3BK3_A_C|TC6P|0,train,val,val
3BK3_A_C|IC19A|0,train,val,val
3BK3_A_C|IC19R|0,val,val,val
3BK3_A_C|IC22A|0,train,val,val
3BK3_A_C|IC22R|0,train,val,val
3BK3_A_C|IC28A|0,train,val,val
3BK3_A_C|IC28R|0,train,val,val
3BK3_A_C|AC37R|0,train,val,val
1S0W_A_C|AC142F|0,val,train,val
1JTG_A_B|GA212S|0,test,train,val
1JTG_A_B|EA79K|0,train,train,val
1JTG_A_B|DB49A|0,train,train,val
1JTG_A_B|FB142A|0,train,train,val
1JTG_A_B|DB49A|1,train,train,val
1JTG_A_B|SA209A|0,train,train,val
1JTG_A_B|SA105A|0,train,train,val
1JTG_A_B|RA217A|0,test,train,val
1JTG_A_B|KA208A|0,val,train,val
1JTG_A_B|DB49A|2,train,train,val
1JTG_A_B|KB74A|0,train,train,val
1JTG_A_B|FB142A|1,train,train,val
1JTG_A_B|YB143A|0,train,train,val
1JTG_A_B|EA79A|0,train,train,val
1JTG_A_B|YA80A|0,train,train,val
1JTG_A_B|RA217A|1,train,train,val
1JTG_A_B|KA208A|1,val,train,val
1JTG_A_B|SA105A|1,test,train,val
1JTG_A_B|QA74A|0,train,train,val
1JTG_A_B|NA75A|0,val,train,val
1JTG_A_B|VA78A|0,train,train,val
1JTG_A_B|EA79A|1,val,train,val
1JTG_A_B|PA82A|0,train,train,val
1JTG_A_B|EA85A|0,val,train,val
1JTG_A_B|MA104A|0,train,train,val
1JTG_A_B|EA143A|0,test,train,val
1JTG_A_B|VA190A|0,train,train,val
1JTG_A_B|FB36A|0,train,train,val
1JTG_A_B|HB41A|0,train,train,val
1JTG_A_B|DB49A|3,train,train,val
1JTG_A_B|YB50A|0,test,train,val
1JTG_A_B|YB53A|0,train,train,val
1JTG_A_B|SB71A|0,train,train,val
1JTG_A_B|KB74A|1,train,train,val
1JTG_A_B|WB112A|0,test,train,val
1JTG_A_B|SB113A|0,train,train,val
1JTG_A_B|FB142A|2,train,train,val
1JTG_A_B|HB148A|0,train,train,val
1JTG_A_B|WB150A|0,test,train,val
1JTG_A_B|RB160A|0,train,train,val
1JTG_A_B|WB162A|0,train,train,val
1JTG_A_B|TB32K|0,val,train,val
1JTG_A_B|VB93K|0,train,train,val
1JTG_A_B|TB140K|0,train,train,val
1JTG_A_B|NB89K|0,train,train,val
1JTG_A_B|DB163A|0,test,train,val
1JTG_A_B|DB163K|0,train,train,val
1JTG_A_B|KA86N|0,train,train,val
1JTG_A_B|RA214Y|0,train,train,val
1JTG_A_B|PA82Q|0,train,train,val
1JTG_A_B|EA143G|0,test,train,val
1JTG_A_B|EA85V|0,train,train,val
1JTG_A_B|EA85G|0,test,train,val
1JTG_A_B|EA146K|0,train,train,val
1JTG_A_B|EA213K|0,train,train,val
1HE8_A_B|KA80V|0,train,val,train
1H9D_A_B|RB2A|0,val,val,val
1H9D_A_B|VB3A|0,train,val,val
1H9D_A_B|GB60A|0,train,val,val
1H9D_A_B|QB66A|0,train,val,val
1H9D_A_B|LB93A|0,train,val,val
1H9D_A_B|NB94A|0,test,val,val
1GRN_A_B|DA38E|0,train,val,val
1GL1_A_I|LI29V|0,val,test,train
1GL0_E_I|MI28K|0,train,train,train
1FFW_A_B|DA12K|0,val,test,test
1FFW_A_B|TA86I|0,val,test,test
1FFW_A_B|AA89V|0,train,test,test
1FFW_A_B|EA92K|0,test,test,test
1FFW_A_B|YA105W|0,val,test,test
1FFW_A_B|VA107M|0,train,test,test
1FFW_A_B|FA110V|0,test,test,test
1FFW_A_B|TA111I|0,train,test,test
1FFW_A_B|EA116K|0,train,test,test
1FFW_A_B|EB13A|0,train,test,test
1FFW_A_B|EB20A|0,train,test,test
1FFW_A_B|HB23A|0,val,test,test
1FFW_A_B|DB44A|0,train,test,test
1FFW_A_B|DB49A|0,train,test,test
1FFW_A_B|CB55A|0,train,test,test
1FFW_A_B|FB56A|0,train,test,test
1FFW_A_B|IB58A|0,train,test,test
1FC2_C_D|YC10W|0,train,test,train
1FC2_C_D|IC12W|0,test,test,train
1FC2_C_D|FC26W|0,train,test,train
1FC2_C_D|LC40W|0,val,test,train
1FC2_C_D|LC13D|0,train,test,train
1FC2_C_D|NC24A|0,val,test,train
1FC2_C_D|FC26A|0,train,test,train
1FC2_C_D|IC27A|0,val,test,train
1FC2_C_D|KC31A|0,test,test,train
1FC2_C_D|LC13D|1,train,test,train
1FC2_C_D|NC24A|1,train,test,train
1FC2_C_D|FC26A|1,train,test,train
1FC2_C_D|IC27A|1,train,test,train
1FC2_C_D|KC31A|1,train,test,train
1FC2_C_D|NC2F|0,train,test,train
1FC2_C_D|NC7F|0,test,test,train
1FC2_C_D|QC28K|0,val,test,train
1FC2_C_D|NC2Q|0,train,test,train
1FC2_C_D|QC28L|0,train,test,train
1FC2_C_D|FC1M|0,train,test,train
1FC2_C_D|KC3D|0,test,test,train
1FC2_C_D|YC10F|0,train,test,train
1FC2_C_D|NC24F|0,val,test,train
1EAW_A_B|QA23A|0,test,test,train
1EAW_A_B|IA26A|0,train,test,train
1EAW_A_B|IA45A|0,train,test,train
1EAW_A_B|DA46A|0,train,test,train
1EAW_A_B|DA47A|0,train,test,train
1EAW_A_B|RA48A|0,train,test,train
1EAW_A_B|FA50A|0,train,test,train
1EAW_A_B|RA51A|0,train,test,train
1EAW_A_B|YA52A|0,train,test,train
1EAW_A_B|RA82A|0,train,test,train
1EAW_A_B|FA89A|0,train,test,train
1EAW_A_B|NA90A|0,val,test,train
1EAW_A_B|DA91A|0,test,test,train
1EAW_A_B|FA92A|0,val,test,train
1EAW_A_B|TA93A|0,train,test,train
1EAW_A_B|HA138A|0,test,test,train
1EAW_A_B|QA140A|0,test,test,train
1EAW_A_B|YA141A|0,train,test,train
1EAW_A_B|TA144A|0,train,test,train
1EAW_A_B|LA147A|0,test,test,train
1EAW_A_B|EA163A|0,train,test,train
1EAW_A_B|QA168A|0,test,test,train
1EAW_A_B|QA169A|0,test,test,train
1EAW_A_B|DA214A|0,train,test,train
1EAW_A_B|QA218A|0,train,test,train
1EAW_A_B|RA219A|0,train,test,train
1EAW_A_B|KA221A|0,train,test,train
3BN9_B_CD|QB23A|0,train,train,val
3BN9_B_CD|IB26A|0,train,train,val
3BN9_B_CD|IB45A|0,train,train,val
3BN9_B_CD|DB46A|0,val,train,val
3BN9_B_CD|DB47A|0,val,train,val
3BN9_B_CD|RB48A|0,train,train,val
3BN9_B_CD|FB50A|0,train,train,val
3BN9_B_CD|RB51A|0,train,train,val
3BN9_B_CD|YB52A|0,train,train,val
3BN9_B_CD|RB82A|0,train,train,val
3BN9_B_CD|FB89A|0,train,train,val
3BN9_B_CD|NB90A|0,test,train,val
3BN9_B_CD|TB93A|0,train,train,val
3BN9_B_CD|HB138A|0,train,train,val
3BN9_B_CD|QB140A|0,train,train,val
3BN9_B_CD|YB141A|0,train,train,val
3BN9_B_CD|TB144A|0,train,train,val
3BN9_B_CD|LB147A|0,train,train,val
3BN9_B_CD|EB163A|0,train,train,val
3BN9_B_CD|QB168A|0,test,train,val
3BN9_B_CD|QB169A|0,test,train,val
3BN9_B_CD|DB214A|0,val,train,val
3BN9_B_CD|QB218A|0,train,train,val
3BN9_B_CD|RB219A|0,train,train,val
3BN9_B_CD|KB221A|0,train,train,val
3BN9_B_CD|TD28R|0,val,train,val
3BN9_B_CD|SD30G|0,train,train,val
3BN9_B_CD|SD30N|0,test,train,val
3BN9_B_CD|TD102Q|0,train,train,val
3BN9_B_CD|TD102R|0,train,train,val
3BN9_B_CD|YD103S|0,test,train,val
3BN9_B_CD|PD104H|0,train,train,val
3BN9_B_CD|QD105V|0,train,train,val
3NPS_A_BC|QA23A|0,train,train,val
3NPS_A_BC|IA26A|0,train,train,val
3NPS_A_BC|IA45A|0,val,train,val
3NPS_A_BC|DA46A|0,train,train,val
3NPS_A_BC|DA47A|0,test,train,val
3NPS_A_BC|RA48A|0,test,train,val
3NPS_A_BC|FA50A|0,train,train,val
3NPS_A_BC|RA51A|0,train,train,val
3NPS_A_BC|YA52A|0,test,train,val
3NPS_A_BC|RA82A|0,train,train,val
3NPS_A_BC|FA89A|0,train,train,val
3NPS_A_BC|NA90A|0,train,train,val
3NPS_A_BC|DA91A|0,train,train,val
3NPS_A_BC|FA92A|0,test,train,val
3NPS_A_BC|TA93A|0,train,train,val
3NPS_A_BC|HA138A|0,val,train,val
3NPS_A_BC|QA140A|0,val,train,val
3NPS_A_BC|YA141A|0,train,train,val
3NPS_A_BC|TA144A|0,train,train,val
3NPS_A_BC|LA147A|0,train,train,val
3NPS_A_BC|EA163A|0,train,train,val
3NPS_A_BC|QA168A|0,val,train,val
3NPS_A_BC|QA169A|0,test,train,val
3NPS_A_BC|DA214A|0,train,train,val
3NPS_A_BC|QA218A|0,test,train,val
3NPS_A_BC|RA219A|0,train,train,val
3NPS_A_BC|KA221A|0,train,train,val
1DQJ_AB_C|YC20A|0,train,train,train
1DQJ_AB_C|RC21A|0,test,train,train
1DQJ_AB_C|WC63A|0,train,train,train
1DQJ_AB_C|KC97A|0,train,train,train
1DQJ_AB_C|DC101A|0,train,train,train
1DQJ_AB_C|YC20A|1,train,train,train
1DQJ_AB_C|RC21A|1,train,train,train
1DQJ_AB_C|WC62A|0,train,train,train
1DQJ_AB_C|WC63A|1,train,train,train
1DQJ_AB_C|LC75A|0,train,train,train
1DQJ_AB_C|TC89A|0,test,train,train
1DQJ_AB_C|NC93A|0,test,train,train
1DQJ_AB_C|KC96A|0,train,train,train
1DQJ_AB_C|KC97A|1,train,train,train
1DQJ_AB_C|SC100A|0,train,train,train
1DQJ_AB_C|DC101A|1,train,train,train
1DQJ_AB_C|NA31A|0,test,train,train
1DQJ_AB_C|NA32A|0,train,train,train
1DQJ_AB_C|YA50A|0,train,train,train
1DQJ_AB_C|SA91A|0,test,train,train
1DQJ_AB_C|YA96A|0,train,train,train
1DQJ_AB_C|DB32A|0,train,train,train
1DQJ_AB_C|YB33A|0,train,train,train
1DQJ_AB_C|YB50A|0,train,train,train
1DQJ_AB_C|YB53A|0,train,train,train
1DQJ_AB_C|WB98A|0,val,train,train
2G2U_A_B|EB31A|0,train,train,val
2G2U_A_B|SB35A|0,train,train,val
2G2U_A_B|FB36A|0,train,train,val
2G2U_A_B|SB39A|0,train,train,val
2G2U_A_B|HB41A|0,train,train,val
2G2U_A_B|GB48A|0,train,train,val
2G2U_A_B|YB50A|0,test,train,val
2G2U_A_B|YB51A|0,test,train,val
2G2U_A_B|YB53A|0,train,train,val
2G2U_A_B|SB71A|0,train,train,val
2G2U_A_B|EB73A|0,test,train,val
2G2U_A_B|KB74A|0,test,train,val
2G2U_A_B|WB112A|0,train,train,val
2G2U_A_B|SB113A|0,train,train,val
2G2U_A_B|GB141A|0,test,train,val
2G2U_A_B|FB142A|0,train,train,val
2G2U_A_B|YB143A|0,train,train,val
2G2U_A_B|RB144A|0,val,train,val
2G2U_A_B|HB148A|0,train,train,val
2G2U_A_B|WB150A|0,test,train,val
2G2U_A_B|RB160A|0,train,train,val
2G2U_A_B|WB162A|0,train,train,val
2G2U_A_B|EB73M|0,train,train,val
2G2U_A_B|SB130K|0,train,train,val
2G2U_A_B|DA79K|0,val,train,val
2G2W_A_B|KA79D|0,train,train,val
1JTG_A_B|EA79A|2,train,train,val
1JTG_A_B|EA79D|0,train,train,val
1JTG_A_B|EA79K|1,val,train,val
1JTG_A_B|EB73M|0,train,train,val
2G2U_A_B|DA79A|0,test,train,val
2G2U_A_B|DA79E|0,val,train,val
2G2U_A_B|DA79K|1,val,train,val
2G2U_A_B|EB73M|1,train,train,val
3N4I_A_B|EA79D|0,train,train,val
2FTL_E_I|GI12A|0,train,test,train
2FTL_E_I|KI15A|0,train,test,train
2FTL_E_I|II18A|0,val,test,train
2FTL_E_I|GI36A|0,train,test,train
1CBW_FGH_I|TI11A|0,val,train,train
1CBW_FGH_I|GI12A|0,val,train,train
1CBW_FGH_I|PI13A|0,train,train,train
1CBW_FGH_I|KI15A|0,train,train,train
1CBW_FGH_I|RI17A|0,val,train,train
1CBW_FGH_I|II19A|0,train,train,train
1CBW_FGH_I|RI20A|0,train,train,train
1CBW_FGH_I|VI34A|0,train,train,train
1CBW_FGH_I|YI35A|0,train,train,train
1CBW_FGH_I|GI36A|0,train,train,train
1CBW_FGH_I|GI37A|0,train,train,train
1CBW_FGH_I|RI39A|0,test,train,train
1CBW_FGH_I|KI46A|0,train,train,train
1CBW_FGH_I|TI11A|1,test,train,train
1CBW_FGH_I|GI12A|1,train,train,train
1CBW_FGH_I|PI13A|1,train,train,train
1CBW_FGH_I|KI15A|1,val,train,train
1CBW_FGH_I|RI17A|1,train,train,train
1CBW_FGH_I|II18A|0,test,train,train
1CBW_FGH_I|II19A|1,train,train,train
1CBW_FGH_I|RI20A|1,train,train,train
1CBW_FGH_I|FI33A|0,val,train,train
1CBW_FGH_I|VI34A|1,train,train,train
1CBW_FGH_I|YI35A|1,train,train,train
1CBW_FGH_I|GI36A|1,test,train,train
1CBW_FGH_I|GI37A|1,train,train,train
1CBW_FGH_I|RI39A|1,test,train,train
1CBW_FGH_I|KI46A|1,train,train,train
1CBW_FGH_I|KI15G|0,train,train,train
1CBW_FGH_I|KI15A|2,test,train,train
1CBW_FGH_I|KI15S|0,train,train,train
1CBW_FGH_I|KI15V|0,train,train,train
1CBW_FGH_I|KI15T|0,val,train,train
1CBW_FGH_I|KI15D|0,train,train,train
1CBW_FGH_I|KI15N|0,train,train,train
1CBW_FGH_I|KI15M|0,test,train,train
1CBW_FGH_I|KI15I|0,train,train,train
1CBW_FGH_I|KI15L|0,train,train,train
1CBW_FGH_I|KI15E|0,train,train,train
1CBW_FGH_I|KI15Q|0,train,train,train
1CBW_FGH_I|KI15H|0,train,train,train
1CBW_FGH_I|KI15R|0,train,train,train
1CBW_FGH_I|KI15F|0,val,train,train
1CBW_FGH_I|KI15Y|0,test,train,train
1CBW_FGH_I|KI15W|0,train,train,train
2FTL_E_I|KI15G|0,train,test,train
2FTL_E_I|KI15A|1,val,test,train
2FTL_E_I|KI15S|0,train,test,train
2FTL_E_I|KI15V|0,test,test,train
2FTL_E_I|KI15T|0,train,test,train
2FTL_E_I|KI15D|0,train,test,train
2FTL_E_I|KI15N|0,train,test,train
2FTL_E_I|KI15M|0,train,test,train
2FTL_E_I|KI15I|0,train,test,train
2FTL_E_I|KI15L|0,test,test,train
2FTL_E_I|KI15E|0,train,test,train
2FTL_E_I|KI15Q|0,train,test,train
2FTL_E_I|KI15H|0,test,test,train
2FTL_E_I|KI15F|0,train,test,train
2FTL_E_I|KI15Y|0,train,test,train
2FTL_E_I|KI15W|0,val,test,train
1A4Y_A_B|HB8A|0,train,val,train
1A4Y_A_B|QB12A|0,test,val,train
1A4Y_A_B|NB68A|0,train,val,train
1A4Y_A_B|EB108A|0,val,val,train
1A4Y_A_B|YA434A|0,train,val,train
1A4Y_A_B|DA435A|0,test,val,train
1A4Y_A_B|YA437A|0,train,val,train
1Z7X_W_X|YW434A|0,train,val,test
1Z7X_W_X|DW435A|0,train,val,test
1Z7X_W_X|YW437A|0,train,val,test
1Z7X_W_X|RW457A|0,train,val,test
1Z7X_W_X|IW459A|0,train,val,test
1A4Y_A_B|RA457A|0,train,val,train
1A4Y_A_B|IA459A|0,train,val,train
1Z7X_W_X|EW206A|0,train,val,test
1Z7X_W_X|WW261A|0,val,val,test
1Z7X_W_X|WW263A|0,train,val,test
1Z7X_W_X|EW287A|0,train,val,test
1Z7X_W_X|SW289A|0,train,val,test
1Z7X_W_X|WW318A|0,train,val,test
1Z7X_W_X|KW320A|0,train,val,test
1Z7X_W_X|EW344A|0,test,val,test
1Z7X_W_X|WW375A|0,train,val,test
1Z7X_W_X|EW401A|0,val,val,test
1A4Y_A_B|HB84A|0,test,val,train
1A4Y_A_B|WB89A|0,val,val,train
1A4Y_A_B|WA261A|0,test,val,train
1A4Y_A_B|WA263A|0,val,val,train
1A4Y_A_B|EA287A|0,val,val,train
1A4Y_A_B|SA289A|0,train,val,train
1A4Y_A_B|WA318A|0,test,val,train
1A4Y_A_B|KA320A|0,test,val,train
1A4Y_A_B|EA344A|0,test,val,train
1A4Y_A_B|WA375A|0,train,val,train
1A4Y_A_B|EA401A|0,train,val,train
1A4Y_A_B|RB5A|0,val,val,train
1A4Y_A_B|RB32A|0,test,val,train
1A4Y_A_B|RB66A|0,val,val,train
1A4Y_A_B|RB70A|0,train,val,train
1A4Y_A_B|RB31A|0,train,val,train
1A4Y_A_B|RB33A|0,train,val,train
1A4Y_A_B|KB40Q|0,train,val,train
1A4Y_A_B|HB13A|0,val,val,train
1A4Y_A_B|HB114A|0,test,val,train
1A4Y_A_B|YA434F|0,train,val,train
1A4Y_A_B|YA437F|0,train,val,train
1A4Y_A_B|KB40G|0,train,val,train
1Z7X_W_X|YW434F|0,val,val,test
1Z7X_W_X|YW437F|0,train,val,test
1A22_A_B|MA14A|0,train,train,train
1A22_A_B|HA18A|0,test,train,train
1A22_A_B|HA21A|0,val,train,train
1A22_A_B|QA22A|0,val,train,train
1A22_A_B|FA25A|0,train,train,train
1A22_A_B|DA26A|0,test,train,train
1A22_A_B|QA29A|0,val,train,train
1A22_A_B|YA42A|0,train,train,train
1A22_A_B|LA45A|0,test,train,train
1A22_A_B|QA46A|0,train,train,train
1A22_A_B|PA48A|0,train,train,train
1A22_A_B|SA51A|0,train,train,train
1A22_A_B|EA56A|0,train,train,train
1A22_A_B|PA61A|0,val,train,train
1A22_A_B|SA62A|0,val,train,train
1A22_A_B|NA63A|0,train,train,train
1A22_A_B|RA64A|0,test,train,train
1A22_A_B|EA65A|0,train,train,train
1A22_A_B|QA68A|0,train,train,train
1A22_A_B|YA153A|0,test,train,train
1A22_A_B|RA156A|0,test,train,train
1A22_A_B|KA157A|0,test,train,train
1A22_A_B|DA160A|0,test,train,train
1A22_A_B|KA161A|0,train,train,train
1A22_A_B|EA163A|0,train,train,train
1A22_A_B|TA164A|0,train,train,train
1A22_A_B|FA165A|0,train,train,train
1A22_A_B|RA167A|0,train,train,train
1A22_A_B|IA168A|0,train,train,train
1A22_A_B|RA172A|0,train,train,train
1A22_A_B|EA175A|0,train,train,train
1A22_A_B|RB11A|0,train,train,train
1A22_A_B|EB12A|0,train,train,train
1A22_A_B|RB29A|0,train,train,train
1A22_A_B|RB30A|0,train,train,train
1A22_A_B|TB32A|0,train,train,train
1A22_A_B|QB33A|0,train,train,train
1A22_A_B|EB34A|0,train,train,train
1A22_A_B|WB35A|0,train,train,train
1A22_A_B|WB39A|0,test,train,train
1A22_A_B|SB57A|0,train,train,train
1A22_A_B|SB61A|0,val,train,train
1A22_A_B|IB62A|0,train,train,train
1A22_A_B|IB64A|0,train,train,train
1A22_A_B|PB65A|0,train,train,train
1A22_A_B|EB79A|0,train,train,train
1A22_A_B|KB80A|0,train,train,train
1A22_A_B|SB83A|0,train,train,train
1A22_A_B|DB85A|0,train,train,train
1A22_A_B|EB86A|0,test,train,train
1A22_A_B|DB119A|0,train,train,train
1A22_A_B|IB120A|0,train,train,train
1A22_A_B|QB121A|0,train,train,train
1A22_A_B|KB122A|0,train,train,train
1A22_A_B|VB126A|0,test,train,train
1A22_A_B|TB150A|0,train,train,train
1A22_A_B|QB171A|0,train,train,train
1A22_A_B|RB172A|0,train,train,train
1A22_A_B|NB173A|0,train,train,train
1A22_A_B|SB174A|0,train,train,train
1A22_A_B|EB10A|0,test,train,train
1A22_A_B|NB31A|0,train,train,train
1A22_A_B|TB36A|0,train,train,train
1A22_A_B|FB55S|0,train,train,train
1A22_A_B|TB60A|0,train,train,train
1A22_A_B|TB149A|0,train,train,train
1A22_A_B|KB170A|0,val,train,train
1A22_A_B|RB11L|0,train,train,train
1A22_A_B|RB11M|0,test,train,train
1A22_A_B|FB55S|1,train,train,train
1A22_A_B|RB7A|0,train,train,train
1A22_A_B|EB10A|1,test,train,train
1A22_A_B|RB11A|1,train,train,train
1A22_A_B|EB12A|1,train,train,train
1A22_A_B|RB29A|1,val,train,train
1A22_A_B|RB30A|1,train,train,train
1A22_A_B|EB34A|1,train,train,train
1A22_A_B|EB38A|0,train,train,train
1A22_A_B|KB40A|0,train,train,train
1A22_A_B|EB41A|0,train,train,train
1A22_A_B|EB50A|0,val,train,train
1A22_A_B|KB69A|0,train,train,train
1A22_A_B|DB85A|1,train,train,train
1A22_A_B|EB86A|1,train,train,train
1A22_A_B|DB91A|0,train,train,train
1A22_A_B|EB128A|0,train,train,train
1A22_A_B|EB130A|0,train,train,train
1A22_A_B|KB134A|0,test,train,train
1A22_A_B|EB135A|0,train,train,train
1A22_A_B|KB158A|0,train,train,train
1A22_A_B|DB160A|0,train,train,train
1A22_A_B|KB161A|0,train,train,train
1A22_A_B|EB162A|0,train,train,train
1A22_A_B|EB164A|0,train,train,train
1A22_A_B|RB166A|0,train,train,train
1A22_A_B|RB168A|0,val,train,train
1A22_A_B|KB170A|1,train,train,train
1A22_A_B|RB172A|1,test,train,train
1A22_A_B|EB179A|0,train,train,train
1A22_A_B|WB35A|1,train,train,train
1A22_A_B|WB39A|1,train,train,train
1A22_A_B|WB63F|0,test,train,train
1A22_A_B|YB54A|0,train,train,train
1A22_A_B|PB9A|0,train,train,train
1A22_A_B|SB15A|0,train,train,train
1A22_A_B|TB19A|0,test,train,train
1A22_A_B|NB31A|1,train,train,train
1A22_A_B|TB32A|1,val,train,train
1A22_A_B|QB33A|1,train,train,train
1A22_A_B|TB36A|1,train,train,train
1A22_A_B|QB37A|0,train,train,train
1A22_A_B|NB56A|0,val,train,train
1A22_A_B|SB57A|1,test,train,train
1A22_A_B|SB58A|0,train,train,train
1A22_A_B|FB59A|0,train,train,train
1A22_A_B|TB60A|1,test,train,train
1A22_A_B|SB61A|1,train,train,train
1A22_A_B|IB62A|1,val,train,train
1A22_A_B|IB64A|1,val,train,train
1A22_A_B|PB65A|1,train,train,train
1A22_A_B|VB84A|0,train,train,train
1A22_A_B|IB87A|0,train,train,train
1A22_A_B|VB88A|0,train,train,train
1A22_A_B|QB89A|0,train,train,train
1A22_A_B|FA25A|1,val,train,train
1A22_A_B|FA25A|2,val,train,train
1A22_A_B|RB11A|2,train,train,train
1A22_A_B|EB12A|2,train,train,train
1A22_A_B|NB31A|2,train,train,train
1A22_A_B|TB32A|2,val,train,train
1A22_A_B|QB33A|2,train,train,train
1A22_A_B|EB34A|2,train,train,train
1A22_A_B|WB35A|2,train,train,train
1A22_A_B|WB39A|2,train,train,train
1A22_A_B|SB57A|2,train,train,train
1A22_A_B|SB61A|2,train,train,train
1A22_A_B|IB62A|2,train,train,train
1A22_A_B|IB64A|2,train,train,train
1A22_A_B|CB67A|0,test,train,train
1A22_A_B|EB79A|1,val,train,train
1A22_A_B|KB80A|1,train,train,train
1A22_A_B|CB81A|0,train,train,train
1A22_A_B|SB83A|1,train,train,train
1A22_A_B|DB85A|2,train,train,train
1A22_A_B|EB86A|2,test,train,train
1A22_A_B|DB119A|1,train,train,train
1A22_A_B|IB120A|1,val,train,train
1A22_A_B|QB121A|1,train,train,train
1A22_A_B|KB122A|1,train,train,train
1A22_A_B|VB126A|1,test,train,train
1A22_A_B|TB149A|1,test,train,train
1A22_A_B|TB150A|1,train,train,train
1A22_A_B|QB171A|1,val,train,train
1A22_A_B|RB172A|2,test,train,train
1A22_A_B|NB173A|1,val,train,train
1A22_A_B|PA2A|0,test,train,train
1A22_A_B|TA3A|0,train,train,train
1A22_A_B|IA4A|0,train,train,train
1A22_A_B|PA5A|0,train,train,train
1A22_A_B|LA6A|0,train,train,train
1A22_A_B|SA7A|0,train,train,train
1A22_A_B|RA8A|0,train,train,train
1A22_A_B|LA9A|0,val,train,train
1A22_A_B|FA10A|0,train,train,train
1A22_A_B|NA12A|0,train,train,train
1A22_A_B|MA14A|1,train,train,train
1A22_A_B|LA15A|0,test,train,train
1A22_A_B|RA16A|0,train,train,train
1A22_A_B|HA18A|1,val,train,train
1A22_A_B|RA19A|0,val,train,train
1A22_A_B|FA54A|0,train,train,train
1A22_A_B|SA55A|0,train,train,train
1A22_A_B|EA56A|1,train,train,train
1A22_A_B|SA57A|0,train,train,train
1A22_A_B|IA58A|0,test,train,train
1A22_A_B|PA59A|0,train,train,train
1A22_A_B|SA62A|1,val,train,train
1A22_A_B|NA63A|1,train,train,train
1A22_A_B|RA64A|1,test,train,train
1A22_A_B|EA65A|1,train,train,train
1A22_A_B|EA66A|0,train,train,train
1A22_A_B|QA68A|1,train,train,train
1A22_A_B|QA69A|0,train,train,train
1A22_A_B|KA70A|0,train,train,train
1A22_A_B|SA71A|0,train,train,train
1A22_A_B|LA73A|0,val,train,train
1A22_A_B|RA156A|1,val,train,train
1A22_A_B|KA157A|1,train,train,train
1A22_A_B|DA160A|1,train,train,train
1A22_A_B|KA161A|1,train,train,train
1A22_A_B|EA163A|1,train,train,train
1A22_A_B|TA164S|0,train,train,train
1A22_A_B|FA165A|1,train,train,train
1A22_A_B|RA167N|0,train,train,train
1A22_A_B|IA168A|1,train,train,train
1A22_A_B|VA169A|0,train,train,train
1A22_A_B|QA170A|0,train,train,train
1A22_A_B|CA171A|0,train,train,train
1A22_A_B|RA172A|1,train,train,train
1A22_A_B|SA173A|0,val,train,train
1A22_A_B|VA174A|0,test,train,train
1A22_A_B|EA175A|1,train,train,train
1A22_A_B|GA176A|0,test,train,train
1A22_A_B|SA177A|0,val,train,train
1A22_A_B|FA180A|0,train,train,train
1A22_A_B|IA58L|0,train,train,train
1A22_A_B|RA64K|0,test,train,train
1A22_A_B|FA165Y|0,test,train,train
1A22_A_B|RA167K|0,val,train,train
1BP3_A_B|FA10A|0,train,train,train
1BP3_A_B|NA12A|0,train,train,train
1BP3_A_B|LA15A|0,val,train,train
1BP3_A_B|RA16A|0,train,train,train
1BP3_A_B|HA18A|0,train,train,train
1BP3_A_B|RA19A|0,val,train,train
1BP3_A_B|HA21A|0,train,train,train
1BP3_A_B|FA25A|0,test,train,train
1BP3_A_B|DA26E|0,train,train,train
1BP3_A_B|FA54A|0,train,train,train
1BP3_A_B|SA55A|0,train,train,train
1BP3_A_B|EA56A|0,test,train,train
1BP3_A_B|SA57A|0,val,train,train
1BP3_A_B|IA58A|0,train,train,train
1BP3_A_B|PA59A|0,test,train,train
1BP3_A_B|SA62A|0,train,train,train
1BP3_A_B|NA63A|0,train,train,train
1BP3_A_B|RA64A|0,train,train,train
1BP3_A_B|EA65A|0,train,train,train
1BP3_A_B|EA66A|0,train,train,train
1BP3_A_B|QA68A|0,val,train,train
1BP3_A_B|QA69A|0,train,train,train
1BP3_A_B|KA70A|0,test,train,train
1BP3_A_B|SA71A|0,train,train,train
1BP3_A_B|LA73A|0,train,train,train
1BP3_A_B|YA156A|0,train,train,train
1BP3_A_B|YA160A|0,train,train,train
1BP3_A_B|RA163A|0,train,train,train
1BP3_A_B|KA164A|0,train,train,train
1BP3_A_B|DA167A|0,test,train,train
1BP3_A_B|KA168A|0,train,train,train
1BP3_A_B|EA170A|0,train,train,train
1BP3_A_B|TA171S|0,train,train,train
1BP3_A_B|FA172A|0,test,train,train
1BP3_A_B|RA174A|0,train,train,train
1BP3_A_B|IA175A|0,train,train,train
1BP3_A_B|IA175M|0,train,train,train
1BP3_A_B|VA176A|0,val,train,train
1BP3_A_B|QA177A|0,train,train,train
1BP3_A_B|RA179A|0,train,train,train
1BP3_A_B|SA180A|0,test,train,train
1BP3_A_B|VA181A|0,train,train,train
1BP3_A_B|EA182A|0,test,train,train
1BP3_A_B|GA183A|0,train,train,train
1BP3_A_B|SA184A|0,train,train,train
1BP3_A_B|HA18A|1,train,train,train
1BP3_A_B|HA21A|1,train,train,train
1BP3_A_B|IA58A|1,val,train,train
1BP3_A_B|RA163A|1,val,train,train
1BP3_A_B|KA168A|1,train,train,train
1BP3_A_B|EA170A|1,train,train,train
1BP3_A_B|FA172A|1,val,train,train
3MZG_A_B|HA33A|0,train,train,test
3MZG_A_B|HA33A|1,train,train,test
3MZG_A_B|HA33A|2,train,train,test
3MZG_A_B|HA33A|3,train,train,test
3MZG_A_B|HA33A|4,test,train,test
3MZG_A_B|HA33A|5,train,train,test
3MZG_A_B|HA46A|0,test,train,test
3MZG_A_B|HA46A|1,train,train,test
3MZG_A_B|HA46A|2,train,train,test
3MZG_A_B|HA46A|3,train,train,test
3MZG_A_B|HA46A|4,train,train,test
3MZG_A_B|HA46A|5,train,train,test
3MZG_A_B|HA84A|0,train,train,test
3MZG_A_B|HA84A|1,val,train,test
3MZG_A_B|HA84A|2,train,train,test
3MZG_A_B|HA84A|3,train,train,test
3MZG_A_B|HA84A|4,train,train,test
3MZG_A_B|HA84A|5,test,train,test
3MZG_A_B|HA125A|0,train,train,test
3MZG_A_B|HA125A|1,test,train,test
3MZG_A_B|HA125A|2,train,train,test
3MZG_A_B|HA125A|3,train,train,test
3MZG_A_B|HA125A|4,train,train,test
3MZG_A_B|HA125A|5,train,train,test
3MZG_A_B|HA160A|0,train,train,test
3MZG_A_B|HA160A|1,train,train,test
3MZG_A_B|HA160A|2,test,train,test
3MZG_A_B|HA160A|3,val,train,test
3MZG_A_B|HA160A|4,test,train,test
3MZG_A_B|HA160A|5,val,train,test
3MZG_A_B|HA182A|0,val,train,test
3MZG_A_B|HA182A|1,train,train,test
3MZG_A_B|HA182A|2,train,train,test
3MZG_A_B|HA182A|3,train,train,test
3MZG_A_B|HA14A|0,train,train,test
3MZG_A_B|HA14A|1,val,train,test
3MZG_A_B|HA14A|2,train,train,test
3MZG_A_B|HA14A|3,train,train,test
3MZG_A_B|HA14A|4,train,train,test
3MZG_A_B|HA14A|5,train,train,test
3MZG_A_B|HA14A|6,val,train,test
3MZG_A_B|HA14A|7,test,train,test
3MZG_A_B|HA14A|8,test,train,test
3MZG_A_B|HA14A|9,test,train,test
3MZG_A_B|HA167A|0,train,train,test
3MZG_A_B|HA167A|1,test,train,test
3MZG_A_B|HA167A|2,train,train,test
3MZG_A_B|HA167A|3,train,train,test
3MZG_A_B|HA167A|4,train,train,test
3MZG_A_B|HA167A|5,train,train,test
3MZG_A_B|HA167A|6,val,train,test
3MZG_A_B|HA167A|7,test,train,test
3MZG_A_B|HA167A|8,train,train,test
3MZG_A_B|HA17A|0,train,train,test
3MZG_A_B|HA17A|1,train,train,test
3MZG_A_B|HA17A|2,val,train,test
3MZG_A_B|HA17A|3,train,train,test
3MZG_A_B|HA17A|4,train,train,test
3MZG_A_B|HA17A|5,train,train,test
3MZG_A_B|HA17A|6,train,train,test
3MZG_A_B|HA17A|7,train,train,test
3MZG_A_B|HA17A|8,train,train,test
3MZG_A_B|HA17A|9,train,train,test
3MZG_A_B|HB188A|0,val,train,test
3MZG_A_B|HB188A|1,test,train,test
3MZG_A_B|HB188A|2,train,train,test
3MZG_A_B|HB188A|3,train,train,test
3MZG_A_B|HB188A|4,train,train,test
3MZG_A_B|HB188A|5,val,train,test
3MZG_A_B|HB188A|6,train,train,test
3MZG_A_B|HB188A|7,train,train,test
3MZG_A_B|HB188A|8,test,train,test
3MZG_A_B|HA167A|9,train,train,test
3MZG_A_B|HA167A|10,val,train,test
3MZG_A_B|HA167A|11,test,train,test
3MZG_A_B|HA167A|12,train,train,test
3MZG_A_B|HA167A|13,train,train,test
3MZG_A_B|HA167A|14,test,train,test
3MZG_A_B|HA167A|15,train,train,test
3MZG_A_B|HA167A|16,train,train,test
3MZG_A_B|HA167A|17,test,train,test
3MZG_A_B|HA167A|18,train,train,test
3N06_A_B|AA14H|0,train,test,test
3N06_A_B|AA14H|1,train,test,test
3N06_A_B|AA14H|2,train,test,test
3N06_A_B|AA14H|3,train,test,test
3N06_A_B|AA14H|4,train,test,test
3N06_A_B|AA14H|5,train,test,test
3N06_A_B|AA14H|6,test,test,test
3N06_A_B|AA14H|7,train,test,test
3N06_A_B|AA14H|8,train,test,test
3N06_A_B|AA14H|9,train,test,test
3N0P_A_B|AA17H|0,train,val,test
3N0P_A_B|AA17H|1,train,val,test
3N0P_A_B|AA17H|2,train,val,test
3N0P_A_B|AA17H|3,test,val,test
3N0P_A_B|AA17H|4,train,val,test
3N0P_A_B|AA17H|5,test,val,test
3N0P_A_B|AA17H|6,train,val,test
3N0P_A_B|AA17H|7,train,val,test
3N0P_A_B|AA17H|8,train,val,test
3N0P_A_B|AA17H|9,val,val,test
3NCB_A_B|AA167H|0,train,test,test
3NCB_A_B|AA167H|1,test,test,test
3NCB_A_B|AA167H|2,val,test,test
3NCB_A_B|AA167H|3,val,test,test
3NCB_A_B|AA167H|4,train,test,test
3NCB_A_B|AA167H|5,train,test,test
3NCB_A_B|AA167H|6,train,test,test
3NCB_A_B|AA167H|7,train,test,test
3NCB_A_B|AA167H|8,test,test,test
3NCB_A_B|AA167H|9,train,test,test
3NCB_A_B|AA167H|10,train,test,test
3NCB_A_B|AA167H|11,val,test,test
3NCB_A_B|AA167H|12,test,test,test
3NCB_A_B|AA167H|13,train,test,test
3NCB_A_B|AA167H|14,train,test,test
3NCB_A_B|AA167H|15,test,test,test
3NCB_A_B|AA167H|16,test,test,test
3NCB_A_B|AA167H|17,test,test,test
3NCB_A_B|AA167H|18,test,test,test
3NCC_A_B|AB188H|0,train,train,test
3NCC_A_B|AB188H|1,train,train,test
3NCC_A_B|AB188H|2,train,train,test
3NCC_A_B|AB188H|3,test,train,test
3NCC_A_B|AB188H|4,val,train,test
3NCC_A_B|AB188H|5,train,train,test
3NCC_A_B|AB188H|6,train,train,test
3NCC_A_B|AB188H|7,test,train,test
3NCC_A_B|AB188H|8,train,train,test
1F47_A_B|DA4A|0,val,train,test
1F47_A_B|YA5A|0,test,train,test
1F47_A_B|LA6A|0,test,train,test
1F47_A_B|DA7A|0,train,train,test
1F47_A_B|IA8A|0,train,train,test
1F47_A_B|PA9A|0,test,train,test
1F47_A_B|FA11A|0,train,train,test
1F47_A_B|LA12A|0,train,train,test
1F47_A_B|KA14A|0,train,train,test
1F47_A_B|QA15A|0,train,train,test
1F47_A_B|DA7S|0,train,train,test
1F47_A_B|DA7G|0,val,train,test
1FCC_A_C|TC25A|0,train,test,val
1FCC_A_C|KC28A|0,train,test,val
1FCC_A_C|KC31A|0,train,test,val
1FCC_A_C|NC35A|0,train,test,val
1FCC_A_C|DC40A|0,train,test,val
1FCC_A_C|EC42A|0,train,test,val
1FCC_A_C|WC43A|0,train,test,val
1GC1_G_C|KC1A|0,train,train,val
1GC1_G_C|KC2A|0,train,train,val
1GC1_G_C|KC7A|0,train,train,val
1GC1_G_C|KC8A|0,test,train,val
1GC1_G_C|DC10A|0,train,train,val
1GC1_G_C|TC11A|0,train,train,val
1GC1_G_C|TC15A|0,train,train,val
1GC1_G_C|TC17A|0,train,train,val
1GC1_G_C|SC19A|0,train,train,val
1GC1_G_C|QC20A|0,train,train,val
1GC1_G_C|KC21A|0,train,train,val
1GC1_G_C|KC22A|0,train,train,val
1GC1_G_C|SC23A|0,train,train,val
1GC1_G_C|QC25A|0,train,train,val
1GC1_G_C|HC27A|0,val,train,val
1GC1_G_C|KC29A|0,train,train,val
1GC1_G_C|NC30A|0,val,train,val
1GC1_G_C|SC31A|0,train,train,val
1GC1_G_C|NC32A|0,train,train,val
1GC1_G_C|QC33A|0,test,train,val
1GC1_G_C|KC35A|0,train,train,val
1GC1_G_C|NC39A|0,val,train,val
1GC1_G_C|QC40A|0,train,train,val
1GC1_G_C|SC42A|0,train,train,val
1GC1_G_C|LC44A|0,train,train,val
1GC1_G_C|TC45A|0,train,train,val
1GC1_G_C|KC46A|0,train,train,val
1GC1_G_C|SC49A|0,train,train,val
1GC1_G_C|KC50A|0,train,train,val
1GC1_G_C|LC51A|0,val,train,val
1GC1_G_C|NC52A|0,train,train,val
1GC1_G_C|DC53A|0,train,train,val
1GC1_G_C|DC56A|0,train,train,val
1GC1_G_C|RC58A|0,test,train,val
1GC1_G_C|RC59A|0,train,train,val
1GC1_G_C|SC60A|0,train,train,val
1GC1_G_C|DC63A|0,train,train,val
1GC1_G_C|QC64A|0,train,train,val
1GC1_G_C|NC66A|0,train,train,val
1GC1_G_C|KC72A|0,train,train,val
1GC1_G_C|NC73A|0,train,train,val
1GC1_G_C|KC75A|0,train,train,val
1GC1_G_C|EC77A|0,train,train,val
1GC1_G_C|YC82A|0,train,train,val
1GC1_G_C|EC85A|0,val,train,val
1GC1_G_C|VC86A|0,train,train,val
1GC1_G_C|EC87A|0,train,train,val
1GC1_G_C|DC88A|0,train,train,val
1GC1_G_C|QC89A|0,train,train,val
1GC1_G_C|KC90A|0,train,train,val
1GC1_G_C|EC91A|0,train,train,val
1GC1_G_C|EC92A|0,train,train,val
1GC1_G_C|QC94A|0,train,train,val
1GC1_G_C|QC89L|0,test,train,val
1JRH_LH_I|TI4V|0,train,train,train
1JRH_LH_I|EI35Q|0,train,train,train
1JRH_LH_I|EL27A|0,train,train,train
1JRH_LH_I|DL28A|0,train,train,train
1JRH_LH_I|YL30A|0,train,train,train
1JRH_LH_I|YL91A|0,val,train,train
1JRH_LH_I|WL92A|0,train,train,train
1JRH_LH_I|SL93A|0,train,train,train
1JRH_LH_I|TL94A|0,test,train,train
1JRH_LH_I|WL95A|0,train,train,train
1JRH_LH_I|YH32A|0,train,train,train
1JRH_LH_I|WH54A|0,train,train,train
1JRH_LH_I|WH55A|0,train,train,train
1JRH_LH_I|DH56A|0,test,train,train
1JRH_LH_I|DH57A|0,train,train,train
1JRH_LH_I|DH58A|0,test,train,train
1JRH_LH_I|YH60A|0,val,train,train
1JRH_LH_I|RH100A|0,val,train,train
1JRH_LH_I|FH103A|0,test,train,train
1JRH_LH_I|YH104A|0,train,train,train
1JRH_LH_I|HH107A|0,test,train,train
1JRH_LH_I|EI45P|0,train,train,train
1JRH_LH_I|KI37A|0,train,train,train
1JRH_LH_I|KI37M|0,test,train,train
1JRH_LH_I|NI38A|0,train,train,train
1JRH_LH_I|NI38Q|0,train,train,train
1JRH_LH_I|YI39A|0,train,train,train
1JRH_LH_I|YI39F|0,train,train,train
1JRH_LH_I|GI40A|0,train,train,train
1JRH_LH_I|VI41A|0,test,train,train
1JRH_LH_I|KI42A|0,train,train,train
1JRH_LH_I|KI42M|0,train,train,train
1JRH_LH_I|NI43A|0,train,train,train
1JRH_LH_I|SI44A|0,train,train,train
1JRH_LH_I|EI45A|0,test,train,train
1JRH_LH_I|WI46F|0,train,train,train
1JRH_LH_I|WI46Y|0,train,train,train
1JRH_LH_I|NI69A|0,train,train,train
1JRH_LH_I|WI72A|0,train,train,train
1JRH_LH_I|WI72F|0,test,train,train
1JRH_LH_I|WI72Y|0,train,train,train
1JRH_LH_I|RI74A|0,test,train,train
1JRH_LH_I|KI88A|0,train,train,train
1JRH_LH_I|KI37A|1,train,train,train
1JRH_LH_I|NI38A|1,train,train,train
1JRH_LH_I|NI38Q|1,train,train,train
1JRH_LH_I|YI39A|1,train,train,train
1JRH_LH_I|YI39F|1,train,train,train
1JRH_LH_I|GI40A|1,val,train,train
1JRH_LH_I|VI41A|1,train,train,train
1JRH_LH_I|KI42A|1,val,train,train
1JRH_LH_I|NI43A|1,test,train,train
1JRH_LH_I|SI44A|1,train,train,train
1JRH_LH_I|EI45A|1,test,train,train
1JRH_LH_I|WI46F|1,test,train,train
1JRH_LH_I|WI46Y|1,val,train,train
1JRH_LH_I|NI69A|1,train,train,train
1JRH_LH_I|WI72A|1,train,train,train
1JRH_LH_I|WI72F|1,train,train,train
1JRH_LH_I|WI72Y|1,train,train,train
1JRH_LH_I|RI74A|1,train,train,train
1JRH_LH_I|KI88A|1,test,train,train
1DAN_HL_UT|WT40A|0,train,train,train
1DAN_HL_UT|ST42A|0,val,train,train
1DAN_HL_UT|VT28A|0,val,train,train
1DAN_HL_UT|YT46A|0,train,train,train
1DAN_HL_UT|FT71A|0,val,train,train
1DAN_HL_UT|YT73A|0,train,train,train
1DAN_HL_UT|PU2A|0,train,train,train
1DAN_HL_UT|YU4A|0,train,train,train
1DAN_HL_UT|VT31A|0,train,train,train
1DAN_HL_UT|QT32A|0,train,train,train
1DAN_HL_UT|IT33A|0,train,train,train
1DAN_HL_UT|GT38A|0,train,train,train
1DAN_HL_UT|KT43A|0,train,train,train
1DAN_HL_UT|TT55A|0,train,train,train
1DAN_HL_UT|DT39A|0,train,train,train
1DAN_HL_UT|RH125A|0,train,train,train
1DAN_HL_UT|MH154A|0,test,train,train
1DAN_HL_UT|KH189A|0,test,train,train
1DAN_HL_UT|LH135A|0,train,train,train
1DAN_HL_UT|KT15A|0,val,train,train
1DAN_HL_UT|DT39A|1,train,train,train
1DAN_HL_UT|WT40A|1,train,train,train
1DAN_HL_UT|KT41A|0,val,train,train
1DAN_HL_UT|QU20A|0,train,train,train
1DAN_HL_UT|RU45A|0,test,train,train
1DAN_HL_UT|FU50A|0,test,train,train
1DAN_HL_UT|VU113A|0,train,train,train
1DAN_HL_UT|ST11A|0,val,train,train
1DAN_HL_UT|LT54A|0,train,train,train
1DAN_HL_UT|DT56A|0,test,train,train
1DAN_HL_UT|ET57A|0,test,train,train
1DAN_HL_UT|IT58A|0,train,train,train
1DAN_HL_UT|VT59A|0,test,train,train
1DAN_HL_UT|QT64A|0,train,train,train
1DAN_HL_UT|LT67A|0,train,train,train
1DAN_HL_UT|EU15A|0,train,train,train
1DAN_HL_UT|TU16A|0,val,train,train
1DAN_HL_UT|NU17A|0,test,train,train
1DAN_HL_UT|RU41A|0,train,train,train
1DAN_HL_UT|TU42A|0,train,train,train
1DAN_HL_UT|RU46A|0,val,train,train
1DAN_HL_UT|NU48A|0,train,train,train
1DAN_HL_UT|VU56A|0,test,train,train
1DAN_HL_UT|FU57A|0,train,train,train
1DAN_HL_UT|YU67A|0,train,train,train
1DAN_HL_UT|VU85A|0,val,train,train
1DAN_HL_UT|RU102A|0,val,train,train
1DAN_HL_UT|TU103A|0,val,train,train
1DAN_HL_UT|VU104A|0,val,train,train
1DAN_HL_UT|NU105A|0,train,train,train
1NMB_N_LH|DH57N|0,train,test,train
1NMB_N_LH|DH57E|0,val,test,train
1NMB_N_LH|YH103A|0,train,test,train
1NMB_N_LH|YH105F|0,train,test,train
1NMB_N_LH|YL32F|0,train,test,train
1NMB_N_LH|TL93F|0,train,test,train
1NMB_N_LH|TL93W|0,train,test,train
1NMB_N_LH|LL94V|0,test,test,train
1VFB_AB_C|DC18A|0,train,train,train
1VFB_AB_C|NC19A|0,val,train,train
1VFB_AB_C|YC23A|0,test,train,train
1VFB_AB_C|SC24A|0,train,train,train
1VFB_AB_C|KC116A|0,train,train,train
1VFB_AB_C|TC118A|0,train,train,train
1VFB_AB_C|DC119A|0,train,train,train
1VFB_AB_C|VC120A|0,train,train,train
1VFB_AB_C|QC121A|0,train,train,train
1VFB_AB_C|IC124A|0,val,train,train
1VFB_AB_C|RC125A|0,val,train,train
1VFB_AB_C|LC129A|0,test,train,train
1VFB_AB_C|YA32A|1,test,train,train
1VFB_AB_C|YA50A|1,train,train,train
1VFB_AB_C|WA92A|1,val,train,train
1VFB_AB_C|YB32A|1,train,train,train
1VFB_AB_C|WB52A|1,train,train,train
1VFB_AB_C|DB54A|1,val,train,train
1VFB_AB_C|DB100A|1,train,train,train
1VFB_AB_C|YB101F|1,train,train,train
3HFM_HL_Y|YY20A|0,test,train,train
3HFM_HL_Y|NL32A|0,train,train,train
3HFM_HL_Y|KY96A|0,train,train,train
3HFM_HL_Y|NL31A|0,train,train,train
3HFM_HL_Y|NL31D|0,train,train,train
3HFM_HL_Y|NL31E|0,val,train,train
3HFM_HL_Y|YL50A|0,train,train,train
3HFM_HL_Y|YL50L|0,train,train,train
3HFM_HL_Y|YL50F|0,train,train,train
3HFM_HL_Y|KY97A|0,test,train,train
3HFM_HL_Y|YH33A|0,val,train,train
3HFM_HL_Y|WH98F|0,train,train,train
3HFM_HL_Y|WH98A|0,test,train,train
3HFM_HL_Y|DH32A|0,train,train,train
3HFM_HL_Y|DH32N|0,train,train,train
3HFM_HL_Y|KY97M|0,test,train,train
3HFM_HL_Y|RY21A|0,val,train,train
3HFM_HL_Y|SH31A|0,val,train,train
3HFM_HL_Y|YH50A|0,train,train,train
3HFM_HL_Y|QL53A|0,train,train,train
3HFM_HL_Y|YL96A|0,train,train,train
3HFM_HL_Y|YL96F|0,train,train,train
3HFM_HL_Y|YH53W|0,train,train,train
3HFM_HL_Y|YH53F|0,train,train,train
3HFM_HL_Y|YH53L|0,train,train,train
3HFM_HL_Y|YH53A|0,test,train,train
3HFM_HL_Y|YH33W|0,train,train,train
3HFM_HL_Y|YH33F|0,train,train,train
3HFM_HL_Y|YH33L|0,test,train,train
3HFM_HL_Y|YH50F|0,train,train,train
3HFM_HL_Y|YH50L|0,train,train,train
3HFM_HL_Y|YH58F|0,train,train,train
3HFM_HL_Y|YH58L|0,train,train,train
3HFM_HL_Y|YH58A|0,train,train,train
3HFM_HL_Y|DY101G|0,train,train,train
3HFM_HL_Y|DY101A|0,val,train,train
3HFM_HL_Y|DY101N|0,train,train,train
3HFM_HL_Y|DY101S|0,train,train,train
3HFM_HL_Y|DY101Q|0,val,train,train
3HFM_HL_Y|DY101R|0,test,train,train
3HFM_HL_Y|DY101E|0,train,train,train
3HFM_HL_Y|DY101F|0,train,train,train
3HFM_HL_Y|DY101K|0,train,train,train
3HFM_HL_Y|RY21W|0,val,train,train
3HFM_HL_Y|RY21Q|0,train,train,train
3HFM_HL_Y|RY21E|0,train,train,train
3HFM_HL_Y|RY21G|0,train,train,train
3HFM_HL_Y|RY21N|0,test,train,train
3HFM_HL_Y|RY21H|0,train,train,train
3HFM_HL_Y|RY21K|0,train,train,train
3HFM_HL_Y|NY19K|0,train,train,train
3HFM_HL_Y|NY19Q|0,val,train,train
3HFM_HL_Y|NY19D|0,train,train,train
3HFM_HL_Y|GY102V|0,val,train,train
3HFM_HL_Y|RY21G|1,train,train,train
3HFM_HL_Y|RY21A|1,train,train,train
3HFM_HL_Y|RY21N|1,test,train,train
3HFM_HL_Y|RY21E|1,test,train,train
3HFM_HL_Y|RY21Q|1,train,train,train
3HFM_HL_Y|RY21H|1,train,train,train
3HFM_HL_Y|RY21M|0,test,train,train
3HFM_HL_Y|RY21K|1,test,train,train
3HFM_HL_Y|RY21W|1,test,train,train
3HFM_HL_Y|KY97G|0,train,train,train
3HFM_HL_Y|KY97A|1,val,train,train
3HFM_HL_Y|KY97D|0,test,train,train
3HFM_HL_Y|KY97E|0,val,train,train
3HFM_HL_Y|KY97M|1,train,train,train
3HFM_HL_Y|KY97R|0,val,train,train
3HFM_HL_Y|DY101G|1,train,train,train
3HFM_HL_Y|DY101A|1,val,train,train
3HFM_HL_Y|DY101S|1,train,train,train
3HFM_HL_Y|DY101N|1,test,train,train
3HFM_HL_Y|DY101E|1,train,train,train
3HFM_HL_Y|DY101Q|1,train,train,train
3HFM_HL_Y|DY101K|1,train,train,train
3HFM_HL_Y|DY101F|1,train,train,train
3HFM_HL_Y|DY101R|1,val,train,train
3HFM_HL_Y|YY20F|0,train,train,train
3HFM_HL_Y|KY96M|0,val,train,train
3HFM_HL_Y|GY102V|1,train,train,train
3HFM_HL_Y|HY15A|0,train,train,train
3HFM_HL_Y|YY20A|1,train,train,train
3HFM_HL_Y|RY21A|2,train,train,train
3HFM_HL_Y|WY63A|0,train,train,train
3HFM_HL_Y|RY73A|0,train,train,train
3HFM_HL_Y|LY75A|0,val,train,train
3HFM_HL_Y|TY89A|0,train,train,train
3HFM_HL_Y|NY93A|0,train,train,train
3HFM_HL_Y|IY98A|0,train,train,train
3HFM_HL_Y|SY100A|0,train,train,train
3HFM_HL_Y|DY101A|2,test,train,train
3HFM_HL_Y|YY20F|1,train,train,train
3HFM_HL_Y|YY20L|0,train,train,train
3HFM_HL_Y|KY96R|0,train,train,train
1CHO_EFG_I|LI15G|0,train,train,train
1CHO_EFG_I|LI15A|0,train,train,train
1CHO_EFG_I|LI15S|0,train,train,train
1CHO_EFG_I|LI15C|0,test,train,train
1CHO_EFG_I|LI15V|0,train,train,train
1CHO_EFG_I|LI15T|0,train,train,train
1CHO_EFG_I|LI15P|0,val,train,train
1CHO_EFG_I|LI15I|0,train,train,train
1CHO_EFG_I|LI15M|0,train,train,train
1CHO_EFG_I|LI15N|0,train,train,train
1CHO_EFG_I|LI15D|0,train,train,train
1CHO_EFG_I|LI15K|0,train,train,train
1CHO_EFG_I|LI15Q|0,test,train,train
1CHO_EFG_I|LI15E|0,val,train,train
1CHO_EFG_I|LI15H|0,test,train,train
1CHO_EFG_I|LI15F|0,train,train,train
1CHO_EFG_I|LI15R|0,test,train,train
1CHO_EFG_I|LI15Y|0,train,train,train
1CHO_EFG_I|LI15W|0,train,train,train
1PPF_E_I|LI18G|0,train,train,train
1PPF_E_I|LI18A|0,train,train,train
1PPF_E_I|LI18S|0,val,train,train
1PPF_E_I|LI18C|0,val,train,train
1PPF_E_I|LI18V|0,train,train,train
1PPF_E_I|LI18T|0,train,train,train
1PPF_E_I|LI18P|0,train,train,train
1PPF_E_I|LI18I|0,val,train,train
1PPF_E_I|LI18M|0,test,train,train
1PPF_E_I|LI18N|0,test,train,train
1PPF_E_I|LI18D|0,train,train,train
1PPF_E_I|LI18K|0,test,train,train
1PPF_E_I|LI18Q|0,val,train,train
1PPF_E_I|LI18E|0,train,train,train
1PPF_E_I|LI18H|0,train,train,train
1PPF_E_I|LI18F|0,test,train,train
1PPF_E_I|LI18R|0,train,train,train
1PPF_E_I|LI18Y|0,train,train,train
1PPF_E_I|LI18W|0,train,train,train
1R0R_E_I|LI13G|0,train,train,train
1R0R_E_I|LI13A|0,train,train,train
1R0R_E_I|LI13S|0,test,train,train
1R0R_E_I|LI13C|0,train,train,train
1R0R_E_I|LI13V|0,train,train,train
1R0R_E_I|LI13T|0,train,train,train
1R0R_E_I|LI13P|0,train,train,train
1R0R_E_I|LI13I|0,val,train,train
1R0R_E_I|LI13M|0,val,train,train
1R0R_E_I|LI13N|0,test,train,train
1R0R_E_I|LI13D|0,train,train,train
1R0R_E_I|LI13K|0,train,train,train
1R0R_E_I|LI13Q|0,train,train,train
1R0R_E_I|LI13E|0,train,train,train
1R0R_E_I|LI13H|0,train,train,train
1R0R_E_I|LI13F|0,train,train,train
1R0R_E_I|LI13R|0,test,train,train
1R0R_E_I|LI13Y|0,train,train,train
1R0R_E_I|LI13W|0,val,train,train
3SGB_E_I|LI12G|0,train,train,train
3SGB_E_I|LI12A|0,val,train,train
3SGB_E_I|LI12S|0,test,train,train
3SGB_E_I|LI12C|0,train,train,train
3SGB_E_I|LI12V|0,train,train,train
3SGB_E_I|LI12T|0,train,train,train
3SGB_E_I|LI12P|0,test,train,train
3SGB_E_I|LI12I|0,train,train,train
3SGB_E_I|LI12M|0,test,train,train
3SGB_E_I|LI12N|0,train,train,train
3SGB_E_I|LI12D|0,train,train,train
3SGB_E_I|LI12K|0,train,train,train
3SGB_E_I|LI12Q|0,train,train,train
3SGB_E_I|LI12E|0,train,train,train
3SGB_E_I|LI12H|0,train,train,train
3SGB_E_I|LI12F|0,train,train,train
3SGB_E_I|LI12R|0,train,train,train
3SGB_E_I|LI12Y|0,val,train,train
3SGB_E_I|LI12W|0,train,train,train
1CHO_EFG_I|AI12G|0,val,train,train
1CHO_EFG_I|AI12S|0,val,train,train
1CHO_EFG_I|AI12C|0,train,train,train
1CHO_EFG_I|AI12V|0,train,train,train
1CHO_EFG_I|AI12T|0,train,train,train
1CHO_EFG_I|AI12P|0,test,train,train
1CHO_EFG_I|AI12L|0,train,train,train
1CHO_EFG_I|AI12I|0,train,train,train
1CHO_EFG_I|AI12M|0,val,train,train
1CHO_EFG_I|AI12N|0,train,train,train
1CHO_EFG_I|AI12D|0,val,train,train
1CHO_EFG_I|AI12K|0,val,train,train
1CHO_EFG_I|AI12Q|0,train,train,train
1CHO_EFG_I|AI12E|0,train,train,train
1CHO_EFG_I|AI12H|0,train,train,train
1CHO_EFG_I|AI12F|0,train,train,train
1CHO_EFG_I|AI12R|0,test,train,train
1CHO_EFG_I|AI12Y|0,test,train,train
1CHO_EFG_I|AI12W|0,train,train,train
1PPF_E_I|AI15G|0,test,train,train
1PPF_E_I|AI15S|0,train,train,train
1PPF_E_I|AI15C|0,test,train,train
1PPF_E_I|AI15V|0,val,train,train
1PPF_E_I|AI15T|0,train,train,train
1PPF_E_I|AI15P|0,test,train,train
1PPF_E_I|AI15L|0,test,train,train
1PPF_E_I|AI15I|0,train,train,train
1PPF_E_I|AI15M|0,val,train,train
1PPF_E_I|AI15N|0,train,train,train
1PPF_E_I|AI15D|0,train,train,train
1PPF_E_I|AI15K|0,train,train,train
1PPF_E_I|AI15Q|0,test,train,train
1PPF_E_I|AI15E|0,val,train,train
1PPF_E_I|AI15H|0,test,train,train
1PPF_E_I|AI15F|0,test,train,train
1PPF_E_I|AI15R|0,val,train,train
1PPF_E_I|AI15Y|0,train,train,train
1PPF_E_I|AI15W|0,train,train,train
1R0R_E_I|AI10G|0,train,train,train
1R0R_E_I|AI10S|0,train,train,train
1R0R_E_I|AI10C|0,train,train,train
1R0R_E_I|AI10V|0,train,train,train
1R0R_E_I|AI10T|0,test,train,train
1R0R_E_I|AI10P|0,val,train,train
1R0R_E_I|AI10L|0,train,train,train
1R0R_E_I|AI10I|0,val,train,train
1R0R_E_I|AI10M|0,train,train,train
1R0R_E_I|AI10N|0,train,train,train
1R0R_E_I|AI10D|0,train,train,train
1R0R_E_I|AI10K|0,val,train,train
1R0R_E_I|AI10Q|0,train,train,train
1R0R_E_I|AI10E|0,train,train,train
1R0R_E_I|AI10H|0,train,train,train
1R0R_E_I|AI10F|0,train,train,train
1R0R_E_I|AI10R|0,val,train,train
1R0R_E_I|AI10Y|0,val,train,train
1R0R_E_I|AI10W|0,train,train,train
3SGB_E_I|AI9G|0,train,train,train
3SGB_E_I|AI9S|0,train,train,train
3SGB_E_I|AI9C|0,train,train,train
3SGB_E_I|AI9V|0,train,train,train
3SGB_E_I|AI9T|0,train,train,train
3SGB_E_I|AI9P|0,train,train,train
3SGB_E_I|AI9L|0,train,train,train
3SGB_E_I|AI9I|0,train,train,train
3SGB_E_I|AI9M|0,train,train,train
3SGB_E_I|AI9N|0,train,train,train
3SGB_E_I|AI9D|0,train,train,train
3SGB_E_I|AI9K|0,train,train,train
3SGB_E_I|AI9Q|0,train,train,train
3SGB_E_I|AI9E|0,train,train,train
3SGB_E_I|AI9H|0,val,train,train
3SGB_E_I|AI9F|0,train,train,train
3SGB_E_I|AI9R|0,train,train,train
3SGB_E_I|AI9Y|0,train,train,train
3SGB_E_I|AI9W|0,train,train,train
1CHO_EFG_I|TI14G|0,train,train,train
1CHO_EFG_I|TI14A|0,val,train,train
1CHO_EFG_I|TI14S|0,train,train,train
1CHO_EFG_I|TI14C|0,train,train,train
1CHO_EFG_I|TI14V|0,train,train,train
1CHO_EFG_I|TI14P|0,train,train,train
1CHO_EFG_I|TI14L|0,train,train,train
1CHO_EFG_I|TI14I|0,train,train,train
1CHO_EFG_I|TI14M|0,test,train,train
1CHO_EFG_I|TI14N|0,train,train,train
1CHO_EFG_I|TI14D|0,train,train,train
1CHO_EFG_I|TI14K|0,train,train,train
1CHO_EFG_I|TI14Q|0,test,train,train
1CHO_EFG_I|TI14E|0,train,train,train
1CHO_EFG_I|TI14H|0,test,train,train
1CHO_EFG_I|TI14F|0,train,train,train
1CHO_EFG_I|TI14R|0,train,train,train
1CHO_EFG_I|TI14Y|0,val,train,train
1CHO_EFG_I|TI14W|0,train,train,train
1PPF_E_I|TI17G|0,train,train,train
1PPF_E_I|TI17A|0,train,train,train
1PPF_E_I|TI17S|0,test,train,train
1PPF_E_I|TI17C|0,test,train,train
1PPF_E_I|TI17V|0,test,train,train
1PPF_E_I|TI17P|0,train,train,train
1PPF_E_I|TI17L|0,train,train,train
1PPF_E_I|TI17I|0,val,train,train
1PPF_E_I|TI17M|0,train,train,train
1PPF_E_I|TI17N|0,test,train,train
1PPF_E_I|TI17D|0,val,train,train
1PPF_E_I|TI17K|0,train,train,train
1PPF_E_I|TI17Q|0,train,train,train
1PPF_E_I|TI17E|0,train,train,train
1PPF_E_I|TI17H|0,train,train,train
1PPF_E_I|TI17F|0,test,train,train
1PPF_E_I|TI17R|0,val,train,train
1PPF_E_I|TI17Y|0,train,train,train
1PPF_E_I|TI17W|0,test,train,train
1R0R_E_I|TI12G|0,train,train,train
1R0R_E_I|TI12A|0,test,train,train
1R0R_E_I|TI12S|0,train,train,train
1R0R_E_I|TI12C|0,train,train,train
1R0R_E_I|TI12V|0,test,train,train
1R0R_E_I|TI12P|0,test,train,train
1R0R_E_I|TI12L|0,train,train,train
1R0R_E_I|TI12I|0,train,train,train
1R0R_E_I|TI12M|0,train,train,train
1R0R_E_I|TI12N|0,train,train,train
1R0R_E_I|TI12D|0,val,train,train
1R0R_E_I|TI12K|0,train,train,train
1R0R_E_I|TI12Q|0,val,train,train
1R0R_E_I|TI12E|0,test,train,train
1R0R_E_I|TI12H|0,test,train,train
1R0R_E_I|TI12F|0,train,train,train
1R0R_E_I|TI12R|0,val,train,train
1R0R_E_I|TI12Y|0,train,train,train
1R0R_E_I|TI12W|0,train,train,train
3SGB_E_I|TI11G|0,train,train,train
3SGB_E_I|TI11A|0,train,train,train
3SGB_E_I|TI11S|0,train,train,train
3SGB_E_I|TI11C|0,val,train,train
3SGB_E_I|TI11V|0,train,train,train
3SGB_E_I|TI11P|0,train,train,train
3SGB_E_I|TI11L|0,test,train,train
3SGB_E_I|TI11I|0,val,train,train
3SGB_E_I|TI11M|0,train,train,train
3SGB_E_I|TI11N|0,train,train,train
3SGB_E_I|TI11D|0,test,train,train
3SGB_E_I|TI11K|0,train,train,train
3SGB_E_I|TI11Q|0,train,train,train
3SGB_E_I|TI11E|0,train,train,train
3SGB_E_I|TI11H|0,test,train,train
3SGB_E_I|TI11F|0,val,train,train
3SGB_E_I|TI11R|0,train,train,train
3SGB_E_I|TI11Y|0,train,train,train
3SGB_E_I|TI11W|0,train,train,train
1CHO_EFG_I|EI16G|0,val,train,train
1CHO_EFG_I|EI16A|0,val,train,train
1CHO_EFG_I|EI16S|0,train,train,train
1CHO_EFG_I|EI16C|0,val,train,train
1CHO_EFG_I|EI16V|0,train,train,train
1CHO_EFG_I|EI16T|0,train,train,train
1CHO_EFG_I|EI16P|0,val,train,train
1CHO_EFG_I|EI16L|0,train,train,train
1CHO_EFG_I|EI16I|0,test,train,train
1CHO_EFG_I|EI16M|0,train,train,train
1CHO_EFG_I|EI16N|0,train,train,train
1CHO_EFG_I|EI16D|0,train,train,train
1CHO_EFG_I|EI16K|0,train,train,train
1CHO_EFG_I|EI16Q|0,val,train,train
1CHO_EFG_I|EI16H|0,train,train,train
1CHO_EFG_I|EI16F|0,train,train,train
1CHO_EFG_I|EI16R|0,train,train,train
1CHO_EFG_I|EI16Y|0,train,train,train
1CHO_EFG_I|EI16W|0,train,train,train
1PPF_E_I|EI19G|0,train,train,train
1PPF_E_I|EI19A|0,test,train,train
1PPF_E_I|EI19S|0,train,train,train
1PPF_E_I|EI19C|0,val,train,train
1PPF_E_I|EI19V|0,train,train,train
1PPF_E_I|EI19T|0,train,train,train
1PPF_E_I|EI19P|0,test,train,train
1PPF_E_I|EI19L|0,train,train,train
1PPF_E_I|EI19I|0,train,train,train
1PPF_E_I|EI19M|0,train,train,train
1PPF_E_I|EI19N|0,train,train,train
1PPF_E_I|EI19D|0,train,train,train
1PPF_E_I|EI19K|0,train,train,train
1PPF_E_I|EI19Q|0,val,train,train
1PPF_E_I|EI19H|0,train,train,train
1PPF_E_I|EI19F|0,train,train,train
1PPF_E_I|EI19R|0,train,train,train
1PPF_E_I|EI19Y|0,val,train,train
1PPF_E_I|EI19W|0,val,train,train
1R0R_E_I|EI14G|0,train,train,train
1R0R_E_I|EI14A|0,train,train,train
1R0R_E_I|EI14S|0,train,train,train
1R0R_E_I|EI14C|0,train,train,train
1R0R_E_I|EI14V|0,test,train,train
1R0R_E_I|EI14T|0,val,train,train
1R0R_E_I|EI14P|0,train,train,train
1R0R_E_I|EI14L|0,test,train,train
1R0R_E_I|EI14I|0,test,train,train
1R0R_E_I|EI14M|0,train,train,train
1R0R_E_I|EI14N|0,test,train,train
1R0R_E_I|EI14D|0,val,train,train
1R0R_E_I|EI14K|0,train,train,train
1R0R_E_I|EI14Q|0,train,train,train
1R0R_E_I|EI14H|0,train,train,train
1R0R_E_I|EI14F|0,train,train,train
1R0R_E_I|EI14R|0,val,train,train
1R0R_E_I|EI14Y|0,train,train,train
1R0R_E_I|EI14W|0,val,train,train
3SGB_E_I|EI13G|0,train,train,train
3SGB_E_I|EI13A|0,train,train,train
3SGB_E_I|EI13S|0,train,train,train
3SGB_E_I|EI13C|0,train,train,train
3SGB_E_I|EI13V|0,test,train,train
3SGB_E_I|EI13T|0,train,train,train
3SGB_E_I|EI13P|0,train,train,train
3SGB_E_I|EI13L|0,train,train,train
3SGB_E_I|EI13I|0,train,train,train
3SGB_E_I|EI13M|0,val,train,train
3SGB_E_I|EI13N|0,train,train,train
3SGB_E_I|EI13D|0,train,train,train
3SGB_E_I|EI13K|0,train,train,train
3SGB_E_I|EI13Q|0,train,train,train
3SGB_E_I|EI13H|0,train,train,train
3SGB_E_I|EI13F|0,test,train,train
3SGB_E_I|EI13R|0,train,train,train
3SGB_E_I|EI13Y|0,train,train,train
3SGB_E_I|EI13W|0,val,train,train
1CHO_EFG_I|YI17G|0,train,train,train
1CHO_EFG_I|YI17A|0,train,train,train
1CHO_EFG_I|YI17S|0,val,train,train
1CHO_EFG_I|YI17C|0,train,train,train
1CHO_EFG_I|YI17V|0,train,train,train
1CHO_EFG_I|YI17T|0,train,train,train
1CHO_EFG_I|YI17P|0,val,train,train
1CHO_EFG_I|YI17L|0,train,train,train
1CHO_EFG_I|YI17I|0,test,train,train
1CHO_EFG_I|YI17M|0,test,train,train
1CHO_EFG_I|YI17N|0,val,train,train
1CHO_EFG_I|YI17D|0,train,train,train
1CHO_EFG_I|YI17K|0,val,train,train
1CHO_EFG_I|YI17Q|0,train,train,train
1CHO_EFG_I|YI17E|0,train,train,train
1CHO_EFG_I|YI17H|0,train,train,train
1CHO_EFG_I|YI17F|0,train,train,train
1CHO_EFG_I|YI17R|0,val,train,train
1CHO_EFG_I|YI17W|0,train,train,train
1PPF_E_I|YI20G|0,train,train,train
1PPF_E_I|YI20A|0,train,train,train
1PPF_E_I|YI20S|0,train,train,train
1PPF_E_I|YI20C|0,test,train,train
1PPF_E_I|YI20V|0,train,train,train
1PPF_E_I|YI20T|0,train,train,train
1PPF_E_I|YI20P|0,test,train,train
1PPF_E_I|YI20L|0,train,train,train
1PPF_E_I|YI20I|0,test,train,train
1PPF_E_I|YI20M|0,test,train,train
1PPF_E_I|YI20N|0,train,train,train
1PPF_E_I|YI20D|0,train,train,train
1PPF_E_I|YI20K|0,train,train,train
1PPF_E_I|YI20Q|0,val,train,train
1PPF_E_I|YI20E|0,train,train,train
1PPF_E_I|YI20H|0,val,train,train
1PPF_E_I|YI20F|0,train,train,train
1PPF_E_I|YI20R|0,train,train,train
1PPF_E_I|YI20W|0,train,train,train
1R0R_E_I|YI15G|0,train,train,train
1R0R_E_I|YI15A|0,train,train,train
1R0R_E_I|YI15S|0,train,train,train
1R0R_E_I|YI15C|0,test,train,train
1R0R_E_I|YI15V|0,train,train,train
1R0R_E_I|YI15T|0,val,train,train
1R0R_E_I|YI15P|0,train,train,train
1R0R_E_I|YI15L|0,val,train,train
1R0R_E_I|YI15I|0,train,train,train
1R0R_E_I|YI15M|0,train,train,train
1R0R_E_I|YI15N|0,test,train,train
1R0R_E_I|YI15D|0,train,train,train
1R0R_E_I|YI15K|0,val,train,train
1R0R_E_I|YI15Q|0,train,train,train
1R0R_E_I|YI15E|0,test,train,train
1R0R_E_I|YI15H|0,train,train,train
1R0R_E_I|YI15F|0,train,train,train
1R0R_E_I|YI15R|0,train,train,train
1R0R_E_I|YI15W|0,train,train,train
3SGB_E_I|YI14G|0,val,train,train
3SGB_E_I|YI14A|0,train,train,train
3SGB_E_I|YI14S|0,val,train,train
3SGB_E_I|YI14C|0,test,train,train
3SGB_E_I|YI14V|0,train,train,train
3SGB_E_I|YI14T|0,val,train,train
3SGB_E_I|YI14P|0,test,train,train
3SGB_E_I|YI14L|0,train,train,train
3SGB_E_I|YI14I|0,train,train,train
3SGB_E_I|YI14M|0,val,train,train
3SGB_E_I|YI14N|0,train,train,train
3SGB_E_I|YI14D|0,train,train,train
3SGB_E_I|YI14K|0,train,train,train
3SGB_E_I|YI14Q|0,train,train,train
3SGB_E_I|YI14E|0,train,train,train
3SGB_E_I|YI14H|0,train,train,train
3SGB_E_I|YI14F|0,train,train,train
3SGB_E_I|YI14R|0,train,train,train
3SGB_E_I|YI14W|0,train,train,train
1CHO_EFG_I|RI18G|0,train,train,train
1CHO_EFG_I|RI18A|0,train,train,train
1CHO_EFG_I|RI18S|0,train,train,train
1CHO_EFG_I|RI18C|0,train,train,train
1CHO_EFG_I|RI18V|0,train,train,train
1CHO_EFG_I|RI18T|0,train,train,train
1CHO_EFG_I|RI18P|0,train,train,train
1CHO_EFG_I|RI18L|0,train,train,train
1CHO_EFG_I|RI18I|0,train,train,train
1CHO_EFG_I|RI18M|0,train,train,train
1CHO_EFG_I|RI18N|0,train,train,train
1CHO_EFG_I|RI18D|0,train,train,train
1CHO_EFG_I|RI18K|0,train,train,train
1CHO_EFG_I|RI18Q|0,train,train,train
1CHO_EFG_I|RI18E|0,test,train,train
1CHO_EFG_I|RI18H|0,train,train,train
1CHO_EFG_I|RI18F|0,train,train,train
1CHO_EFG_I|RI18Y|0,test,train,train
1CHO_EFG_I|RI18W|0,train,train,train
1PPF_E_I|RI21G|0,train,train,train
1PPF_E_I|RI21A|0,test,train,train
1PPF_E_I|RI21S|0,train,train,train
1PPF_E_I|RI21C|0,train,train,train
1PPF_E_I|RI21V|0,train,train,train
1PPF_E_I|RI21T|0,train,train,train
1PPF_E_I|RI21P|0,train,train,train
1PPF_E_I|RI21L|0,train,train,train
1PPF_E_I|RI21I|0,train,train,train
1PPF_E_I|RI21M|0,train,train,train
1PPF_E_I|RI21N|0,val,train,train
1PPF_E_I|RI21D|0,val,train,train
1PPF_E_I|RI21K|0,train,train,train
1PPF_E_I|RI21Q|0,train,train,train
1PPF_E_I|RI21E|0,val,train,train
1PPF_E_I|RI21H|0,train,train,train
1PPF_E_I|RI21F|0,train,train,train
1PPF_E_I|RI21Y|0,val,train,train
1PPF_E_I|RI21W|0,train,train,train
1R0R_E_I|RI16G|0,test,train,train
1R0R_E_I|RI16A|0,val,train,train
1R0R_E_I|RI16S|0,train,train,train
1R0R_E_I|RI16C|0,train,train,train
1R0R_E_I|RI16V|0,val,train,train
1R0R_E_I|RI16T|0,train,train,train
1R0R_E_I|RI16P|0,train,train,train
1R0R_E_I|RI16L|0,val,train,train
1R0R_E_I|RI16I|0,train,train,train
1R0R_E_I|RI16M|0,val,train,train
1R0R_E_I|RI16N|0,train,train,train
1R0R_E_I|RI16D|0,train,train,train
1R0R_E_I|RI16K|0,train,train,train
1R0R_E_I|RI16Q|0,train,train,train
1R0R_E_I|RI16E|0,train,train,train
1R0R_E_I|RI16H|0,train,train,train
1R0R_E_I|RI16F|0,train,train,train
1R0R_E_I|RI16Y|0,test,train,train
1R0R_E_I|RI16W|0,train,train,train
3SGB_E_I|RI15G|0,train,train,train
3SGB_E_I|RI15A|0,train,train,train
3SGB_E_I|RI15S|0,train,train,train
3SGB_E_I|RI15C|0,train,train,train
3SGB_E_I|RI15V|0,val,train,train
3SGB_E_I|RI15T|0,train,train,train
3SGB_E_I|RI15P|0,train,train,train
3SGB_E_I|RI15L|0,train,train,train
3SGB_E_I|RI15I|0,train,train,train
3SGB_E_I|RI15M|0,train,train,train
3SGB_E_I|RI15N|0,train,train,train
3SGB_E_I|RI15D|0,train,train,train
3SGB_E_I|RI15K|0,test,train,train
3SGB_E_I|RI15Q|0,train,train,train
3SGB_E_I|RI15E|0,train,train,train
3SGB_E_I|RI15H|0,train,train,train
3SGB_E_I|RI15F|0,train,train,train
3SGB_E_I|RI15Y|0,train,train,train
3SGB_E_I|RI15W|0,train,train,train
1CHO_EFG_I|PI11G|0,train,train,train
1CHO_EFG_I|PI11A|0,test,train,train
1CHO_EFG_I|PI11S|0,train,train,train
1CHO_EFG_I|PI11C|0,train,train,train
1CHO_EFG_I|PI11V|0,val,train,train
1CHO_EFG_I|PI11T|0,val,train,train
1CHO_EFG_I|PI11L|0,train,train,train
1CHO_EFG_I|PI11I|0,train,train,train
1CHO_EFG_I|PI11M|0,train,train,train
1CHO_EFG_I|PI11N|0,train,train,train
1CHO_EFG_I|PI11D|0,train,train,train
1CHO_EFG_I|PI11K|0,train,train,train
1CHO_EFG_I|PI11Q|0,val,train,train
1CHO_EFG_I|PI11E|0,test,train,train
1CHO_EFG_I|PI11H|0,test,train,train
1CHO_EFG_I|PI11F|0,train,train,train
1CHO_EFG_I|PI11R|0,val,train,train
1CHO_EFG_I|PI11Y|0,train,train,train
1CHO_EFG_I|PI11W|0,val,train,train
1PPF_E_I|PI14G|0,train,train,train
1PPF_E_I|PI14A|0,train,train,train
1PPF_E_I|PI14S|0,train,train,train
1PPF_E_I|PI14C|0,train,train,train
1PPF_E_I|PI14V|0,train,train,train
1PPF_E_I|PI14T|0,train,train,train
1PPF_E_I|PI14L|0,test,train,train
1PPF_E_I|PI14I|0,train,train,train
1PPF_E_I|PI14M|0,test,train,train
1PPF_E_I|PI14N|0,val,train,train
1PPF_E_I|PI14D|0,train,train,train
1PPF_E_I|PI14K|0,train,train,train
1PPF_E_I|PI14Q|0,train,train,train
1PPF_E_I|PI14E|0,train,train,train
1PPF_E_I|PI14H|0,test,train,train
1PPF_E_I|PI14F|0,train,train,train
1PPF_E_I|PI14R|0,test,train,train
1PPF_E_I|PI14Y|0,test,train,train
1PPF_E_I|PI14W|0,train,train,train
1R0R_E_I|PI9G|0,train,train,train
1R0R_E_I|PI9A|0,train,train,train
1R0R_E_I|PI9S|0,val,train,train
1R0R_E_I|PI9C|0,train,train,train
1R0R_E_I|PI9V|0,test,train,train
1R0R_E_I|PI9T|0,train,train,train
1R0R_E_I|PI9L|0,test,train,train
1R0R_E_I|PI9I|0,train,train,train
1R0R_E_I|PI9M|0,train,train,train
1R0R_E_I|PI9N|0,train,train,train
1R0R_E_I|PI9D|0,train,train,train
1R0R_E_I|PI9K|0,train,train,train
1R0R_E_I|PI9Q|0,train,train,train
1R0R_E_I|PI9E|0,val,train,train
1R0R_E_I|PI9H|0,train,train,train
1R0R_E_I|PI9F|0,train,train,train
1R0R_E_I|PI9R|0,train,train,train
1R0R_E_I|PI9Y|0,train,train,train
1R0R_E_I|PI9W|0,train,train,train
3SGB_E_I|PI8G|0,train,train,train
3SGB_E_I|PI8A|0,train,train,train
3SGB_E_I|PI8S|0,train,train,train
3SGB_E_I|PI8C|0,test,train,train
3SGB_E_I|PI8V|0,train,train,train
3SGB_E_I|PI8T|0,train,train,train
3SGB_E_I|PI8L|0,test,train,train
3SGB_E_I|PI8I|0,train,train,train
3SGB_E_I|PI8M|0,test,train,train
3SGB_E_I|PI8N|0,train,train,train
3SGB_E_I|PI8D|0,train,train,train
3SGB_E_I|PI8K|0,val,train,train
3SGB_E_I|PI8Q|0,train,train,train
3SGB_E_I|PI8E|0,train,train,train
3SGB_E_I|PI8H|0,train,train,train
3SGB_E_I|PI8F|0,test,train,train
3SGB_E_I|PI8R|0,train,train,train
3SGB_E_I|PI8Y|0,train,train,train
3SGB_E_I|PI8W|0,train,train,train
1CHO_EFG_I|KI10G|0,val,train,train
1CHO_EFG_I|KI10A|0,test,train,train
1CHO_EFG_I|KI10S|0,test,train,train
1CHO_EFG_I|KI10C|0,train,train,train
1CHO_EFG_I|KI10V|0,val,train,train
1CHO_EFG_I|KI10T|0,train,train,train
1CHO_EFG_I|KI10P|0,train,train,train
1CHO_EFG_I|KI10L|0,train,train,train
1CHO_EFG_I|KI10I|0,train,train,train
1CHO_EFG_I|KI10M|0,val,train,train
1CHO_EFG_I|KI10N|0,train,train,train
1CHO_EFG_I|KI10D|0,train,train,train
1CHO_EFG_I|KI10Q|0,val,train,train
1CHO_EFG_I|KI10E|0,val,train,train
1CHO_EFG_I|KI10H|0,train,train,train
1CHO_EFG_I|KI10F|0,train,train,train
1CHO_EFG_I|KI10R|0,test,train,train
1CHO_EFG_I|KI10Y|0,train,train,train
1CHO_EFG_I|KI10W|0,train,train,train
1PPF_E_I|KI13G|0,val,train,train
1PPF_E_I|KI13A|0,val,train,train
1PPF_E_I|KI13S|0,test,train,train
1PPF_E_I|KI13C|0,train,train,train
1PPF_E_I|KI13V|0,train,train,train
1PPF_E_I|KI13T|0,train,train,train
1PPF_E_I|KI13P|0,val,train,train
1PPF_E_I|KI13L|0,train,train,train
1PPF_E_I|KI13I|0,train,train,train
1PPF_E_I|KI13M|0,train,train,train
1PPF_E_I|KI13N|0,train,train,train
1PPF_E_I|KI13D|0,train,train,train
1PPF_E_I|KI13Q|0,train,train,train
1PPF_E_I|KI13E|0,train,train,train
1PPF_E_I|KI13H|0,train,train,train
1PPF_E_I|KI13F|0,val,train,train
1PPF_E_I|KI13R|0,test,train,train
1PPF_E_I|KI13Y|0,train,train,train
1PPF_E_I|KI13W|0,val,train,train
1R0R_E_I|KI8G|0,train,train,train
1R0R_E_I|KI8A|0,train,train,train
1R0R_E_I|KI8S|0,train,train,train
1R0R_E_I|KI8C|0,val,train,train
1R0R_E_I|KI8V|0,train,train,train
1R0R_E_I|KI8T|0,train,train,train
1R0R_E_I|KI8P|0,val,train,train
1R0R_E_I|KI8L|0,train,train,train
1R0R_E_I|KI8I|0,train,train,train
1R0R_E_I|KI8M|0,train,train,train
1R0R_E_I|KI8N|0,train,train,train
1R0R_E_I|KI8D|0,train,train,train
1R0R_E_I|KI8Q|0,train,train,train
1R0R_E_I|KI8E|0,train,train,train
1R0R_E_I|KI8H|0,train,train,train
1R0R_E_I|KI8F|0,train,train,train
1R0R_E_I|KI8R|0,train,train,train
1R0R_E_I|KI8Y|0,val,train,train
1R0R_E_I|KI8W|0,val,train,train
3SGB_E_I|KI7G|0,train,train,train
3SGB_E_I|KI7A|0,test,train,train
3SGB_E_I|KI7S|0,train,train,train
3SGB_E_I|KI7C|0,val,train,train
3SGB_E_I|KI7V|0,test,train,train
3SGB_E_I|KI7T|0,val,train,train
3SGB_E_I|KI7P|0,train,train,train
3SGB_E_I|KI7L|0,val,train,train
3SGB_E_I|KI7I|0,train,train,train
3SGB_E_I|KI7M|0,train,train,train
3SGB_E_I|KI7N|0,val,train,train
3SGB_E_I|KI7D|0,val,train,train
3SGB_E_I|KI7Q|0,test,train,train
3SGB_E_I|KI7E|0,train,train,train
3SGB_E_I|KI7H|0,val,train,train
3SGB_E_I|KI7F|0,val,train,train
3SGB_E_I|KI7R|0,train,train,train
3SGB_E_I|KI7Y|0,train,train,train
3SGB_E_I|KI7W|0,train,train,train
1CHO_EFG_I|GI29A|0,train,train,train
1CHO_EFG_I|GI29S|0,train,train,train
1CHO_EFG_I|GI29C|0,test,train,train
1CHO_EFG_I|GI29V|0,train,train,train
1CHO_EFG_I|GI29T|0,train,train,train
1CHO_EFG_I|GI29P|0,train,train,train
1CHO_EFG_I|GI29L|0,train,train,train
1CHO_EFG_I|GI29I|0,train,train,train
1CHO_EFG_I|GI29M|0,train,train,train
1CHO_EFG_I|GI29N|0,val,train,train
1CHO_EFG_I|GI29D|0,train,train,train
1CHO_EFG_I|GI29K|0,train,train,train
1CHO_EFG_I|GI29Q|0,train,train,train
1CHO_EFG_I|GI29E|0,train,train,train
1CHO_EFG_I|GI29H|0,train,train,train
1CHO_EFG_I|GI29F|0,train,train,train
1CHO_EFG_I|GI29R|0,train,train,train
1CHO_EFG_I|GI29Y|0,train,train,train
1CHO_EFG_I|GI29W|0,val,train,train
1PPF_E_I|GI32A|0,test,train,train
1PPF_E_I|GI32S|0,train,train,train
1PPF_E_I|GI32C|0,train,train,train
1PPF_E_I|GI32V|0,train,train,train
1PPF_E_I|GI32T|0,train,train,train
1PPF_E_I|GI32P|0,train,train,train
1PPF_E_I|GI32L|0,train,train,train
1PPF_E_I|GI32I|0,test,train,train
1PPF_E_I|GI32M|0,train,train,train
1PPF_E_I|GI32N|0,val,train,train
1PPF_E_I|GI32D|0,train,train,train
1PPF_E_I|GI32K|0,train,train,train
1PPF_E_I|GI32Q|0,train,train,train
1PPF_E_I|GI32E|0,val,train,train
1PPF_E_I|GI32H|0,train,train,train
1PPF_E_I|GI32F|0,train,train,train
1PPF_E_I|GI32R|0,val,train,train
1PPF_E_I|GI32Y|0,val,train,train
1PPF_E_I|GI32W|0,train,train,train
1R0R_E_I|GI27A|0,train,train,train
1R0R_E_I|GI27S|0,train,train,train
1R0R_E_I|GI27C|0,train,train,train
1R0R_E_I|GI27V|0,val,train,train
1R0R_E_I|GI27T|0,val,train,train
1R0R_E_I|GI27P|0,train,train,train
1R0R_E_I|GI27L|0,val,train,train
1R0R_E_I|GI27I|0,test,train,train
1R0R_E_I|GI27M|0,train,train,train
1R0R_E_I|GI27N|0,train,train,train
1R0R_E_I|GI27D|0,train,train,train
1R0R_E_I|GI27K|0,train,train,train
1R0R_E_I|GI27Q|0,train,train,train
1R0R_E_I|GI27E|0,train,train,train
1R0R_E_I|GI27H|0,train,train,train
1R0R_E_I|GI27F|0,train,train,train
1R0R_E_I|GI27R|0,test,train,train
1R0R_E_I|GI27Y|0,val,train,train
1R0R_E_I|GI27W|0,val,train,train
3SGB_E_I|GI26A|0,train,train,train
3SGB_E_I|GI26S|0,test,train,train
3SGB_E_I|GI26C|0,train,train,train
3SGB_E_I|GI26V|0,train,train,train
3SGB_E_I|GI26T|0,train,train,train
3SGB_E_I|GI26P|0,train,train,train
3SGB_E_I|GI26L|0,train,train,train
3SGB_E_I|GI26I|0,train,train,train
3SGB_E_I|GI26M|0,val,train,train
3SGB_E_I|GI26N|0,train,train,train
3SGB_E_I|GI26D|0,train,train,train
3SGB_E_I|GI26K|0,train,train,train
3SGB_E_I|GI26Q|0,test,train,train
3SGB_E_I|GI26E|0,val,train,train
3SGB_E_I|GI26H|0,train,train,train
3SGB_E_I|GI26F|0,train,train,train
3SGB_E_I|GI26R|0,train,train,train
3SGB_E_I|GI26Y|0,train,train,train
3SGB_E_I|GI26W|0,train,train,train
1CHO_EFG_I|NI33G|0,test,train,train
1CHO_EFG_I|NI33A|0,train,train,train
1CHO_EFG_I|NI33S|0,train,train,train
1CHO_EFG_I|NI33C|0,test,train,train
1CHO_EFG_I|NI33V|0,val,train,train
1CHO_EFG_I|NI33T|0,train,train,train
1CHO_EFG_I|NI33P|0,train,train,train
1CHO_EFG_I|NI33L|0,train,train,train
1CHO_EFG_I|NI33I|0,test,train,train
1CHO_EFG_I|NI33M|0,train,train,train
1CHO_EFG_I|NI33D|0,val,train,train
1CHO_EFG_I|NI33K|0,train,train,train
1CHO_EFG_I|NI33Q|0,train,train,train
1CHO_EFG_I|NI33E|0,val,train,train
1CHO_EFG_I|NI33H|0,train,train,train
1CHO_EFG_I|NI33F|0,train,train,train
1CHO_EFG_I|NI33R|0,train,train,train
1CHO_EFG_I|NI33Y|0,test,train,train
1CHO_EFG_I|NI33W|0,train,train,train
1PPF_E_I|NI36G|0,train,train,train
1PPF_E_I|NI36A|0,val,train,train
1PPF_E_I|NI36S|0,val,train,train
1PPF_E_I|NI36C|0,val,train,train
1PPF_E_I|NI36V|0,train,train,train
1PPF_E_I|NI36T|0,test,train,train
1PPF_E_I|NI36P|0,val,train,train
1PPF_E_I|NI36L|0,train,train,train
1PPF_E_I|NI36I|0,train,train,train
1PPF_E_I|NI36M|0,train,train,train
1PPF_E_I|NI36D|0,train,train,train
1PPF_E_I|NI36K|0,train,train,train
1PPF_E_I|NI36Q|0,train,train,train
1PPF_E_I|NI36E|0,train,train,train
1PPF_E_I|NI36H|0,train,train,train
1PPF_E_I|NI36F|0,train,train,train
1PPF_E_I|NI36R|0,test,train,train
1PPF_E_I|NI36Y|0,train,train,train
1PPF_E_I|NI36W|0,train,train,train
1R0R_E_I|NI31G|0,train,train,train
1R0R_E_I|NI31A|0,train,train,train
1R0R_E_I|NI31S|0,val,train,train
1R0R_E_I|NI31C|0,val,train,train
1R0R_E_I|NI31V|0,val,train,train
1R0R_E_I|NI31T|0,val,train,train
1R0R_E_I|NI31P|0,train,train,train
1R0R_E_I|NI31L|0,train,train,train
1R0R_E_I|NI31I|0,test,train,train
1R0R_E_I|NI31M|0,train,train,train
1R0R_E_I|NI31D|0,train,train,train
1R0R_E_I|NI31K|0,val,train,train
1R0R_E_I|NI31Q|0,test,train,train
1R0R_E_I|NI31E|0,val,train,train
1R0R_E_I|NI31H|0,val,train,train
1R0R_E_I|NI31F|0,val,train,train
1R0R_E_I|NI31R|0,train,train,train
1R0R_E_I|NI31Y|0,train,train,train
1R0R_E_I|NI31W|0,test,train,train
3SGB_E_I|NI30G|0,train,train,train
3SGB_E_I|NI30A|0,test,train,train
3SGB_E_I|NI30S|0,train,train,train
3SGB_E_I|NI30C|0,train,train,train
3SGB_E_I|NI30V|0,train,train,train
3SGB_E_I|NI30T|0,train,train,train
3SGB_E_I|NI30P|0,test,train,train
3SGB_E_I|NI30L|0,train,train,train
3SGB_E_I|NI30I|0,test,train,train
3SGB_E_I|NI30M|0,train,train,train
3SGB_E_I|NI30D|0,train,train,train
3SGB_E_I|NI30K|0,train,train,train
3SGB_E_I|NI30Q|0,val,train,train
3SGB_E_I|NI30E|0,train,train,train
3SGB_E_I|NI30H|0,train,train,train
3SGB_E_I|NI30F|0,train,train,train
3SGB_E_I|NI30R|0,train,train,train
3SGB_E_I|NI30Y|0,train,train,train
3SGB_E_I|NI30W|0,train,train,train
1DAN_HL_UT|EU114A|0,train,train,train
1DAN_HL_UT|VU113A|1,train,train,train
1DAN_HL_UT|TU109A|0,train,train,train
1DAN_HL_UT|SU101A|0,train,train,train
1DAN_HL_UT|YU91A|0,train,train,train
1DAN_HL_UT|KU87A|0,train,train,train
1DAN_HL_UT|LU82A|0,test,train,train
1DAN_HL_UT|TU78A|0,val,train,train
1DAN_HL_UT|KU75A|0,train,train,train
1DAN_HL_UT|TU73A|0,train,train,train
1DAN_HL_UT|GU70R|0,train,train,train
1DAN_HL_UT|SU69A|0,test,train,train
1DAN_HL_UT|WU68F|0,train,train,train
1DAN_HL_UT|YU66L|0,test,train,train
1DAN_HL_UT|IU62A|0,test,train,train
1DAN_HL_UT|DU55A|0,test,train,train
1DAN_HL_UT|RU54A|0,train,train,train
1DAN_HL_UT|FU50A|1,train,train,train
1DAN_HL_UT|TU49A|0,val,train,train
1DAN_HL_UT|RU45A|1,train,train,train
1DAN_HL_UT|LU43A|0,train,train,train
1DAN_HL_UT|DU39A|0,train,train,train
1DAN_HL_UT|EU38A|0,train,train,train
1DAN_HL_UT|KU32A|0,train,train,train
1DAN_HL_UT|EU9A|0,train,train,train
1DAN_HL_UT|YU4A|1,test,train,train
1DAN_HL_UT|KT63A|0,val,train,train
1DAN_HL_UT|DT53E|0,train,train,train
1DAN_HL_UT|DT53A|0,test,train,train
1DAN_HL_UT|TT47A|0,train,train,train
1DAN_HL_UT|FT45A|0,test,train,train
1DAN_HL_UT|KT43A|1,test,train,train
1DAN_HL_UT|ST42A|1,train,train,train
1DAN_HL_UT|KT41A|1,test,train,train
1DAN_HL_UT|WT40F|0,train,train,train
1DAN_HL_UT|DT39A|2,train,train,train
1DAN_HL_UT|ST37A|0,train,train,train
1DAN_HL_UT|KT36A|0,train,train,train
1DAN_HL_UT|QT32A|1,train,train,train
1DAN_HL_UT|KT23A|0,train,train,train
1DAN_HL_UT|ET21A|0,train,train,train
1DAN_HL_UT|WT20F|0,train,train,train
1DAN_HL_UT|ET19A|0,test,train,train
1DAN_HL_UT|IT17A|0,train,train,train
1DAN_HL_UT|TT16A|0,train,train,train
1DAN_HL_UT|KT15R|0,train,train,train
1DAN_HL_UT|KT15A|1,train,train,train
1DAN_HL_UT|NT13A|0,train,train,train
1DAN_HL_UT|TT12A|0,train,train,train
1DAN_HL_UT|KT10A|0,test,train,train
1DAN_HL_UT|WT9F|0,test,train,train
1SMF_E_I|EI8A|0,test,val,train
1SMF_E_I|SI4A|0,train,val,train
1SMF_E_I|TI2A|0,train,val,train
1SMF_E_I|II5A|0,train,val,train
1FY8_E_I|DE168N|0,train,train,train
1FY8_E_I|QE128K|0,train,train,train
3TGK_E_I|NE170D|0,train,train,train
1F5R_A_I|KA129Q|0,train,test,train
3BTD_E_I|DI13K|0,train,val,train
3BTE_E_I|EI13K|0,train,train,train
3BTF_E_I|FI13K|0,val,test,train
3BTG_E_I|GI13K|0,train,train,train
3BTH_E_I|HI13K|0,train,val,train
3BTM_E_I|MI13K|0,train,test,train
3BTQ_E_I|QI13K|0,train,train,train
3BTW_E_I|WI13K|0,train,val,train
3BTT_E_I|TI13K|0,val,val,train
2SGP_E_I|PI13L|0,train,val,train
1CSO_E_I|II13L|0,test,test,train
1CT0_E_I|SI13L|0,val,train,train
1CT2_E_I|TI13L|0,train,val,train
1CT4_E_I|VI13L|0,train,val,train
2SGQ_E_I|QI13L|0,train,test,train
1SGD_E_I|DI13L|0,test,test,train
1SGE_E_I|EI13L|0,train,val,train
1SGN_E_I|NI13L|0,train,val,train
1SGP_E_I|AI13L|0,train,train,train
1SGQ_E_I|GI13L|0,test,test,train
1SGY_E_I|YI13L|0,train,val,train
2NU0_E_I|WI13L|0,train,test,train
2NU1_E_I|HI13L|0,train,train,train
2NU2_E_I|RI13L|0,val,test,train
2NU4_E_I|KI13L|0,train,val,train
2J12_A_B|SA116A|0,train,test,train
2J1K_C_T|RC155A|0,train,test,test
2J1K_C_T|GC10D|0,train,test,test
2J1K_C_T|RC24A|0,train,test,test
1KAC_A_B|PA15S|0,val,test,test
1KAC_A_B|SA87Y|0,val,test,test
1P69_A_B|SA15P|0,train,test,test
1P6A_A_B|YA87S|0,train,val,test
1CHO_EFG_I|LI15M|1,test,train,train
1CHO_EFG_I|GI29A|1,val,train,train
1CHO_EFG_I|NI25S|0,train,train,train
1CHO_EFG_I|YI17H|1,train,train,train
1CHO_EFG_I|GI29V|1,train,train,train
1CHO_EFG_I|YI17D|1,train,train,train
1CHO_EFG_I|TI14E|1,test,train,train
1CHO_EFG_I|TI14S|1,train,train,train
1CHO_EFG_I|TI14V|1,train,train,train
1CHO_EFG_I|AI12V|1,train,train,train
1CHO_EFG_I|TI14A|1,train,train,train
1CHO_EFG_I|LI15K|1,val,train,train
1CHO_EFG_I|LI15A|1,val,train,train
1CHO_EFG_I|LI15E|1,train,train,train
1CHO_EFG_I|LI15Q|1,train,train,train
1R0R_E_I|LI13M|1,val,train,train
1R0R_E_I|GI27A|1,train,train,train
1R0R_E_I|NI23S|0,train,train,train
1R0R_E_I|YI15H|1,test,train,train
1R0R_E_I|GI27V|1,train,train,train
1R0R_E_I|YI15D|1,train,train,train
1R0R_E_I|TI12E|1,train,train,train
1R0R_E_I|TI12S|1,train,train,train
1R0R_E_I|TI12V|1,train,train,train
1R0R_E_I|AI10V|1,train,train,train
1R0R_E_I|TI12A|1,train,train,train
1R0R_E_I|LI13K|1,train,train,train
1R0R_E_I|LI13A|1,train,train,train
1R0R_E_I|LI13E|1,train,train,train
1R0R_E_I|LI13Q|1,train,train,train
3SGB_E_I|LI12M|1,train,train,train
3SGB_E_I|GI26A|1,train,train,train
3SGB_E_I|NI22S|0,train,train,train
3SGB_E_I|YI14H|1,train,train,train
3SGB_E_I|GI26V|1,train,train,train
3SGB_E_I|YI14D|1,train,train,train
3SGB_E_I|TI11E|1,train,train,train
3SGB_E_I|TI11S|1,train,train,train
3SGB_E_I|TI11V|1,val,train,train
3SGB_E_I|AI9V|1,train,train,train
3SGB_E_I|TI11A|1,train,train,train
3SGB_E_I|LI12A|1,train,train,train
3SGB_E_I|LI12E|1,train,train,train
3SGB_E_I|LI12Q|1,test,train,train
1PPF_E_I|LI18M|1,test,train,train
1PPF_E_I|GI32A|1,train,train,train
1PPF_E_I|YI20H|1,train,train,train
1PPF_E_I|GI32V|1,val,train,train
1PPF_E_I|TI17E|1,train,train,train
1PPF_E_I|TI17S|1,train,train,train
1PPF_E_I|TI17V|1,train,train,train
1PPF_E_I|AI15V|1,train,train,train
1PPF_E_I|TI17A|1,train,train,train
1PPF_E_I|LI18K|1,train,train,train
1PPF_E_I|LI18A|1,train,train,train
1PPF_E_I|LI18E|1,test,train,train
1PPF_E_I|LI18Q|1,test,train,train
5F4E_A_B|EA50A|0,train,train,train
5F4E_A_B|EA50K|0,train,train,train
5F4E_A_B|DA51A|0,val,train,train
5F4E_A_B|QA109A|0,train,train,train
5F4E_A_B|HA136A|0,train,train,train
5F4E_A_B|RA139A|0,val,train,train
5F4E_A_B|RA139E|0,test,train,train
5F4E_A_B|EB26A|0,train,train,train
5F4E_A_B|EB26K|0,train,train,train
5F4E_A_B|WB43A|0,test,train,train
5F4E_A_B|LB62A|0,train,train,train
5F4E_A_B|KB139A|0,train,train,train
5F4E_A_B|KB139E|0,train,train,train
3SF4_A_D|RA202E|0,test,test,train
3SF4_A_D|NA264R|0,train,test,train
3SF4_A_D|WD8A|0,train,test,train
3SF4_A_D|ED19R|0,train,test,train
3SF4_A_D|KD27D|0,val,test,train
4G2V_A_B|RA198E|0,train,test,val
4G2V_A_B|NA260R|0,val,test,val
4WND_A_B|RA201E|0,train,test,val
4WND_A_B|NA263R|0,test,test,val
2VLR_ABC_DE|AE95S|0,train,val,train
1OGA_ABC_DE|DE28A|0,train,train,train
1OGA_ABC_DE|IE49V|0,train,train,train
1OGA_ABC_DE|IE49L|0,train,train,train
1OGA_ABC_DE|NE51A|0,train,train,train
1OGA_ABC_DE|NE51D|0,train,train,train
1OGA_ABC_DE|DE52A|0,test,train,train
1OGA_ABC_DE|QE54A|0,train,train,train
1OGA_ABC_DE|QE54E|0,train,train,train
1OGA_ABC_DE|SE95A|0,val,train,train
1OGA_ABC_DE|YE97A|0,train,train,train
1OGA_ABC_DE|YE97F|0,train,train,train
1OGA_ABC_DE|SD29A|0,train,train,train
1OGA_ABC_DE|SD30A|0,train,train,train
1OGA_ABC_DE|QD32A|0,train,train,train
2VLR_ABC_DE|AE95S|1,train,val,train
1OGA_ABC_DE|IE49V|1,test,train,train
1OGA_ABC_DE|NE51A|1,train,train,train
1OGA_ABC_DE|DE52A|1,train,train,train
1OGA_ABC_DE|QE54A|1,train,train,train
1OGA_ABC_DE|QE54E|1,train,train,train
1OGA_ABC_DE|SE95A|1,train,train,train
1OGA_ABC_DE|YE97A|1,train,train,train
1OGA_ABC_DE|YE97F|1,test,train,train
1OGA_ABC_DE|SD30A|1,train,train,train
1OGA_ABC_DE|QD32A|1,train,train,train
2P5E_ABC_DE|YD32D|0,train,test,test
3QDG_ABC_DE|DD26W|0,train,train,train
3QDG_ABC_DE|DD26Y|0,val,train,train
3QDG_ABC_DE|RD27W|0,train,train,train
3QDG_ABC_DE|LE95W|0,train,train,train
3QDG_ABC_DE|FE97W|0,train,train,train
3QDG_ABC_DE|TE99F|0,train,train,train
3QDG_ABC_DE|GD28I|0,train,train,train
3QDG_ABC_DE|GD28L|0,test,train,train
3QDG_ABC_DE|GD28Y|0,train,train,train
3QDG_ABC_DE|RD27P|0,train,train,train
3QDG_ABC_DE|GD28P|0,train,train,train
3QDG_ABC_DE|AE52P|0,test,train,train
3QDG_ABC_DE|GD28N|0,train,train,train
3QDG_ABC_DE|FE97Y|0,train,train,train
3QDJ_ABC_DE|DD26W|0,train,test,train
3QDJ_ABC_DE|DD26Y|0,train,test,train
3QDJ_ABC_DE|RD27W|0,val,test,train
3QDJ_ABC_DE|LE95W|0,train,test,train
3QDJ_ABC_DE|FE97W|0,train,test,train
3QDJ_ABC_DE|TE99F|0,train,test,train
3QDJ_ABC_DE|GD28I|0,test,test,train
3QDJ_ABC_DE|GD28L|0,test,test,train
3QDJ_ABC_DE|GD28Y|0,train,test,train
3QDJ_ABC_DE|RD27P|0,val,test,train
3QDJ_ABC_DE|GD28P|0,train,test,train
3QDJ_ABC_DE|AE52P|0,train,test,train
3QDJ_ABC_DE|GD28N|0,train,test,train
3QDJ_ABC_DE|FE97Y|0,train,test,train
4L3E_ABC_DE|RA65A|0,train,train,train
4L3E_ABC_DE|YE48A|0,val,train,train
4L3E_ABC_DE|YD26A|0,train,train,train
4L3E_ABC_DE|YD50A|0,val,train,train
4L3E_ABC_DE|QA155A|0,test,train,train
4L3E_ABC_DE|ND52A|0,test,train,train
4L3E_ABC_DE|EA166A|0,train,train,train
1BD2_ABC_DE|EE28A|0,train,test,train
1BD2_ABC_DE|YC8A|0,train,test,train
1BD2_ABC_DE|ED93A|0,train,test,train
1BD2_ABC_DE|RA65A|0,train,test,train
1BD2_ABC_DE|DD30N|0,test,test,train
1BD2_ABC_DE|YC5A|0,test,test,train
1BD2_ABC_DE|DD30N|1,val,test,train
1BD2_ABC_DE|YC5F|0,train,test,train
1BD2_ABC_DE|YE99A|0,train,test,train
1BD2_ABC_DE|YC5F|1,val,test,train
1BD2_ABC_DE|YE99A|1,train,test,train
1BD2_ABC_DE|YC5A|1,train,test,train
1AO7_ABC_DE|DD26A|0,train,train,train
1AO7_ABC_DE|EA58A|0,test,train,train
1AO7_ABC_DE|RD27A|0,train,train,train
1AO7_ABC_DE|RD27A|1,test,train,train
1AO7_ABC_DE|RA170A|0,train,train,train
1AO7_ABC_DE|QD30L|0,test,train,train
1AO7_ABC_DE|LC1A|0,train,train,train
1AO7_ABC_DE|QD30L|1,train,train,train
1AO7_ABC_DE|LC1A|1,val,train,train
1AO7_ABC_DE|QD30V|0,val,train,train
1AO7_ABC_DE|LC1A|2,train,train,train
1AO7_ABC_DE|QD30V|1,train,train,train
1AO7_ABC_DE|YA159A|0,val,train,train
1AO7_ABC_DE|SD31A|0,train,train,train
1AO7_ABC_DE|YC5A|0,train,train,train
1AO7_ABC_DE|SD31A|1,test,train,train
1AO7_ABC_DE|YC5F|0,test,train,train
1AO7_ABC_DE|YD50A|0,train,train,train
1AO7_ABC_DE|QA155A|0,train,train,train
1AO7_ABC_DE|YD50A|1,train,train,train
1AO7_ABC_DE|QA155A|1,train,train,train
1AO7_ABC_DE|ND52A|0,train,train,train
1AO7_ABC_DE|EA166A|0,train,train,train
1AO7_ABC_DE|KD66A|0,test,train,train
1AO7_ABC_DE|TA163A|0,train,train,train
4FTV_ABC_DE|KD66A|0,train,test,train
4FTV_ABC_DE|TA163A|0,test,test,train
1AO7_ABC_DE|KD66A|1,test,train,train
1AO7_ABC_DE|EA166A|1,train,train,train
1AO7_ABC_DE|TD91A|0,val,train,train
1AO7_ABC_DE|YC5A|1,train,train,train
1AO7_ABC_DE|TD92A|0,test,train,train
1AO7_ABC_DE|RA65A|0,train,train,train
4FTV_ABC_DE|DD93A|0,train,test,train
4FTV_ABC_DE|RA65A|0,train,test,train
4FTV_ABC_DE|DD93A|1,train,test,train
4FTV_ABC_DE|RA65A|1,train,test,train
1AO7_ABC_DE|DD93N|0,train,train,train
1AO7_ABC_DE|RA65A|1,train,train,train
1AO7_ABC_DE|SD94A|0,train,train,train
1AO7_ABC_DE|YC5A|2,train,train,train
1AO7_ABC_DE|WD95A|0,test,train,train
1AO7_ABC_DE|AA69G|0,train,train,train
1AO7_ABC_DE|EE28A|0,train,train,train
1AO7_ABC_DE|YC8A|0,test,train,train
3D3V_ABC_DE|EE30A|0,train,train,train
3D3V_ABC_DE|YC8A|0,train,train,train
3D3V_ABC_DE|EE30A|1,train,train,train
3D3V_ABC_DE|YC8F|0,test,train,train
1AO7_ABC_DE|RE92A|0,train,train,train
1AO7_ABC_DE|YC5A|3,train,train,train
1AO7_ABC_DE|RE92A|1,train,train,train
1AO7_ABC_DE|YC5A|4,train,train,train
1AO7_ABC_DE|RE92A|2,train,train,train
1AO7_ABC_DE|YC5A|5,train,train,train
1AO7_ABC_DE|RE92A|3,train,train,train
1AO7_ABC_DE|YC5F|1,test,train,train
3D3V_ABC_DE|LE97A|0,train,train,train
3D3V_ABC_DE|YC8A|1,train,train,train
1AO7_ABC_DE|PE100A|0,train,train,train
1AO7_ABC_DE|YC5A|6,val,train,train
1AO7_ABC_DE|PE100A|1,train,train,train
1AO7_ABC_DE|YC5A|7,train,train,train
1AO7_ABC_DE|PE100A|2,train,train,train
1AO7_ABC_DE|YC5A|8,val,train,train
1AO7_ABC_DE|PE100A|3,train,train,train
1AO7_ABC_DE|QA155A|2,train,train,train
1AO7_ABC_DE|DD93A|0,train,train,train
1AO7_ABC_DE|QA72A|0,train,train,train
1AO7_ABC_DE|RE99A|0,train,train,train
1AO7_ABC_DE|YC5A|9,val,train,train
5E9D_AB_CDE|GD27E|0,train,val,train
5E9D_AB_CDE|TD90Q|0,train,val,train
5E9D_AB_CDE|VE49D|0,test,val,train
5E9D_AB_CDE|AE98Y|0,train,val,train
5E9D_AB_CDE|YD49W|0,train,val,train
5E9D_AB_CDE|NE27G|0,train,val,train
5E9D_AB_CDE|SD50G|0,test,val,train
5E9D_AB_CDE|KD96Q|0,train,val,train
1AO7_ABC_DE|AE96M|0,train,train,train
1AO7_ABC_DE|GE97S|0,train,train,train
4FTV_ABC_DE|QE101E|0,train,test,train
4FTV_ABC_DE|QE101R|0,test,test,train
1AO7_ABC_DE|YC5F|2,train,train,train
3QFJ_ABC_DE|FC5Y|0,train,train,train
4JFF_ABC_DE|EC1A|0,test,train,train
4JFF_ABC_DE|GC4A|0,train,train,train
4JFF_ABC_DE|GC6A|0,train,train,train
4JFF_ABC_DE|IC7A|0,train,train,train
4JFF_ABC_DE|LC8A|0,test,train,train
4JFF_ABC_DE|TC9A|0,val,train,train
4JFD_ABC_DE|AC4G|0,train,val,train
4JFE_ABC_DE|AC7I|0,test,val,train
3PWP_ABC_DE|GC2L|0,train,test,train
1AO7_ABC_DE|AA150P|0,train,train,train
3H9S_ABC_DE|AA150P|0,test,val,train
2OI9_AQ_BC|FQ5R|0,test,train,train
2E7L_EQ_AD|FQ5R|0,train,val,train
1BD2_ABC_DE|YC5F|2,train,test,train
1BD2_ABC_DE|YC5W|0,train,test,train
1BD2_ABC_DE|YE99A|2,train,test,train
1AO7_ABC_DE|YC5F|3,train,train,train
1AO7_ABC_DE|YC5A|10,test,train,train
1AO7_ABC_DE|YC5W|0,train,train,train
1AO7_ABC_DE|SD31A|2,val,train,train
1LP9_ABC_EF|TA163A|0,train,val,train
1LP9_ABC_EF|WA167A|0,test,val,train
1LP9_ABC_EF|KA66A|0,val,val,train
2UWE_ABC_EF|AA163T|0,test,train,train
2JCC_ABC_EF|AA167W|0,train,test,train
2J8U_ABC_EF|AA66K|0,train,test,train
1LP9_ABC_EF|KA66A|1,val,val,train
2J8U_ABC_EF|AA66K|1,train,test,train
1AO7_ABC_DE|KA66A|0,train,train,train
1AO7_ABC_DE|VC7R|0,test,train,train
1QSE_ABC_DE|RC7V|0,val,val,train
1MI5_ABC_DE|SD23A|0,train,train,test
1MI5_ABC_DE|TD24A|0,train,train,test
1MI5_ABC_DE|SD26A|0,train,train,test
1MI5_ABC_DE|TD28A|0,train,train,test
1MI5_ABC_DE|YD30A|0,train,train,test
1MI5_ABC_DE|HD47A|0,train,train,test
1MI5_ABC_DE|TD50A|0,train,train,test
1MI5_ABC_DE|SD51A|0,test,train,test
1MI5_ABC_DE|ND52A|0,train,train,test
1MI5_ABC_DE|AD91G|0,train,train,test
1MI5_ABC_DE|GD92A|0,train,train,test
1MI5_ABC_DE|TD94A|0,train,train,test
1MI5_ABC_DE|SD95A|0,train,train,test
1MI5_ABC_DE|SE25A|0,train,train,test
1MI5_ABC_DE|GE26A|0,val,train,test
1MI5_ABC_DE|VE28A|0,test,train,test
1MI5_ABC_DE|SE29A|0,train,train,test
1MI5_ABC_DE|QE48A|0,train,train,test
1MI5_ABC_DE|NE49A|0,train,train,test
1MI5_ABC_DE|EE50A|0,train,train,test
1MI5_ABC_DE|SE92A|0,test,train,test
1MI5_ABC_DE|SE93A|0,train,train,test
1MI5_ABC_DE|LE94A|0,train,train,test
1MI5_ABC_DE|EE99A|0,train,train,test
1MI5_ABC_DE|YE101A|0,val,train,test
2AK4_ABC_DE|TD30A|0,train,val,train
2AK4_ABC_DE|YD32A|0,train,val,train
2AK4_ABC_DE|NE26A|0,train,val,train
2AK4_ABC_DE|NE28A|0,train,val,train
2AK4_ABC_DE|SE49A|0,train,val,train
2AK4_ABC_DE|NE63A|0,test,val,train
2AK4_ABC_DE|LE94A|0,val,val,train
2AK4_ABC_DE|EE97A|0,test,val,train
2AK4_ABC_DE|QA65A|0,train,val,train
2AK4_ABC_DE|TA69A|0,train,val,train
2AK4_ABC_DE|QA72A|0,train,val,train
2AK4_ABC_DE|RA151A|0,test,val,train
2AK4_ABC_DE|EA154A|0,train,val,train
2AK4_ABC_DE|QA155A|0,train,val,train
2AK4_ABC_DE|AA158G|0,train,val,train
2AK4_ABC_DE|EA161A|0,train,val,train
2AK4_ABC_DE|LA163A|0,train,val,train
2AK4_ABC_DE|PC4A|0,test,val,train
2AK4_ABC_DE|QC9A|0,test,val,train
2AK4_ABC_DE|LC10A|0,train,val,train
1AO7_ABC_DE|RA65A|2,train,train,train
1AO7_ABC_DE|KA66A|1,train,train,train
1AO7_ABC_DE|AA69G|1,train,train,train
1AO7_ABC_DE|TA163A|1,val,train,train
1AO7_ABC_DE|EA166A|2,train,train,train
1AO7_ABC_DE|WA167A|0,train,train,train
2BNR_ABC_DE|QA43A|0,train,val,test
2BNR_ABC_DE|EA58A|0,train,val,test
2BNR_ABC_DE|DA61A|0,train,val,test
2BNR_ABC_DE|EA63A|0,train,val,test
2BNR_ABC_DE|TA64A|0,test,val,test
2BNR_ABC_DE|RA65A|0,train,val,test
2BNR_ABC_DE|KA66A|0,train,val,test
2BNR_ABC_DE|VA67A|0,train,val,test
2BNR_ABC_DE|KA68A|0,test,val,test
2BNR_ABC_DE|AA69G|0,val,val,test
2BNR_ABC_DE|HA70A|0,train,val,test
2BNR_ABC_DE|QA72A|0,train,val,test
2BNR_ABC_DE|TA73A|0,train,val,test
2BNR_ABC_DE|HA74A|0,train,val,test
2BNR_ABC_DE|RA75A|0,test,val,test
2BNR_ABC_DE|VA76A|0,train,val,test
2BNR_ABC_DE|TA80A|0,train,val,test
2BNR_ABC_DE|KA146A|0,test,val,test
2BNR_ABC_DE|AA149G|0,train,val,test
2BNR_ABC_DE|AA150G|0,train,val,test
2BNR_ABC_DE|HA151A|0,train,val,test
2BNR_ABC_DE|VA152A|0,train,val,test
2BNR_ABC_DE|EA154A|0,val,val,test
2BNR_ABC_DE|QA155A|0,train,val,test
2BNR_ABC_DE|TA163A|0,train,val,test
1AO7_ABC_DE|QA43A|0,val,train,train
1AO7_ABC_DE|EA55A|0,test,train,train
1AO7_ABC_DE|EA58A|1,train,train,train
1AO7_ABC_DE|DA61A|0,test,train,train
1AO7_ABC_DE|EA63A|0,train,train,train
1AO7_ABC_DE|TA64A|0,train,train,train
1AO7_ABC_DE|VA67A|0,val,train,train
1AO7_ABC_DE|KA68A|0,val,train,train
1AO7_ABC_DE|AA69G|2,train,train,train
1AO7_ABC_DE|HA70A|0,train,train,train
1AO7_ABC_DE|QA72A|1,train,train,train
1AO7_ABC_DE|TA73A|0,train,train,train
1AO7_ABC_DE|HA74A|0,train,train,train
1AO7_ABC_DE|RA75A|0,train,train,train
1AO7_ABC_DE|VA76A|0,train,train,train
1AO7_ABC_DE|TA80A|0,train,train,train
1AO7_ABC_DE|KA146A|0,test,train,train
1AO7_ABC_DE|AA149G|0,test,train,train
1AO7_ABC_DE|AA150G|0,test,train,train
1AO7_ABC_DE|HA151A|0,val,train,train
1AO7_ABC_DE|VA152A|0,train,train,train
1AO7_ABC_DE|EA154A|0,train,train,train
1AO7_ABC_DE|QA155A|3,train,train,train
1AO7_ABC_DE|AA158G|0,train,train,train
1AO7_ABC_DE|TA163A|2,train,train,train
1AO7_ABC_DE|EA166A|3,train,train,train
1AO7_ABC_DE|WA167A|1,train,train,train
1AO7_ABC_DE|RA170A|1,test,train,train
1OGA_ABC_DE|QA43A|0,train,train,train
1OGA_ABC_DE|EA58A|0,train,train,train
1OGA_ABC_DE|DA61A|0,train,train,train
1OGA_ABC_DE|EA63A|0,train,train,train
1OGA_ABC_DE|TA64A|0,test,train,train
1OGA_ABC_DE|RA65A|0,train,train,train
1OGA_ABC_DE|KA66A|0,train,train,train
1OGA_ABC_DE|VA67A|0,train,train,train
1OGA_ABC_DE|KA68A|0,train,train,train
1OGA_ABC_DE|AA69G|0,train,train,train
1OGA_ABC_DE|HA70A|0,train,train,train
1OGA_ABC_DE|QA72A|0,test,train,train
1OGA_ABC_DE|TA73A|0,test,train,train
1OGA_ABC_DE|HA74A|0,train,train,train
1OGA_ABC_DE|RA75A|0,val,train,train
1OGA_ABC_DE|VA76A|0,train,train,train
1OGA_ABC_DE|TA80A|0,train,train,train
1OGA_ABC_DE|KA146A|0,train,train,train
1OGA_ABC_DE|AA149G|0,train,train,train
1OGA_ABC_DE|AA150G|0,test,train,train
1OGA_ABC_DE|HA151A|0,train,train,train
1OGA_ABC_DE|VA152A|0,train,train,train
1OGA_ABC_DE|EA154A|0,train,train,train
1OGA_ABC_DE|QA155A|0,train,train,train
1OGA_ABC_DE|AA158G|0,train,train,train
1OGA_ABC_DE|TA163A|0,val,train,train
2BNR_ABC_DE|CC9V|0,val,val,test
2BNQ_ABC_DE|VC9C|0,train,val,test
4MNQ_ABC_DE|KC4A|0,train,test,train
4MNQ_ABC_DE|LC6A|0,train,test,train
1AO7_ABC_DE|DD26M|0,train,train,train
1AO7_ABC_DE|DD26V|0,train,train,train
1AO7_ABC_DE|DD26W|0,train,train,train
1AO7_ABC_DE|RD27F|0,val,train,train
1AO7_ABC_DE|GD28A|0,train,train,train
1AO7_ABC_DE|GD28I|0,train,train,train
1AO7_ABC_DE|GD28L|0,test,train,train
1AO7_ABC_DE|GD28M|0,val,train,train
1AO7_ABC_DE|GD28R|0,train,train,train
1AO7_ABC_DE|GD28T|0,val,train,train
1AO7_ABC_DE|GD28V|0,val,train,train
1AO7_ABC_DE|SD29A|0,test,train,train
1AO7_ABC_DE|QD30N|0,train,train,train
1AO7_ABC_DE|QD30E|0,val,train,train
1AO7_ABC_DE|SD51M|0,test,train,train
1AO7_ABC_DE|KD66H|0,val,train,train
1AO7_ABC_DE|SD94A|1,test,train,train
1AO7_ABC_DE|SD94N|0,train,train,train
1AO7_ABC_DE|SD94T|0,train,train,train
1AO7_ABC_DE|SD94Y|0,train,train,train
1AO7_ABC_DE|IE52R|0,train,train,train
1AO7_ABC_DE|AE96M|1,train,train,train
1AO7_ABC_DE|AE96K|0,train,train,train
1AO7_ABC_DE|GE97S|1,train,train,train
1AO7_ABC_DE|GE98A|0,train,train,train
1AO7_ABC_DE|RE99Q|0,test,train,train
1AO7_ABC_DE|RD27P|0,train,train,train
1AO7_ABC_DE|KD97P|0,train,train,train
1AO7_ABC_DE|AE50P|0,train,train,train
1AO7_ABC_DE|GE98P|0,train,train,train
1AO7_ABC_DE|RE99P|0,train,train,train
1YY9_CD_A|LD29P|0,val,train,train
1YY9_CD_A|WD52P|0,train,train,train
1YY9_CD_A|SD53P|0,train,train,train
1YY9_CD_A|GD54P|0,val,train,train
1YY9_CD_A|AD98P|0,test,train,train
1YY9_CD_A|YD101P|0,train,train,train
1YY9_CD_A|AC25P|0,train,train,train
1YY9_CD_A|SC26P|0,train,train,train
1YY9_CD_A|SC28P|0,train,train,train
1YY9_CD_A|SC54P|0,train,train,train
1YY9_CD_A|TC96P|0,test,train,train
3BX1_A_C|FC84V|0,test,train,train
3BX1_A_C|RC85G|0,train,train,train
3BX1_A_C|AC86T|0,test,train,train
3BX1_A_C|YC87I|0,test,train,train
3BX1_A_C|YC87A|0,train,train,train
3BX1_A_C|TC88V|0,train,train,train
3BX1_A_C|TC89A|0,train,train,train
3SZK_AB_C|NC35A|0,train,val,test
3SZK_AB_C|TC38A|0,train,val,test
3SZK_AB_C|QC39A|0,train,val,test
3SZK_AB_C|YC40A|0,test,val,test
3SZK_AB_C|YC41A|0,train,val,test
3SZK_AB_C|HC42A|0,train,val,test
3SZK_AB_C|FC43A|0,val,val,test
3SZK_AB_C|FC44A|0,train,val,test
3SZK_AB_C|NC66A|0,train,val,test
3SZK_AB_C|SC69A|0,train,val,test
3SZK_AB_C|TC70A|0,val,val,test
3SZK_AB_C|DC120A|0,val,val,test
3SZK_AB_C|DC121A|0,test,val,test
3SZK_AB_C|GC122A|0,test,val,test
3SZK_AB_C|EC123A|0,train,val,test
3SZK_AB_C|EC124A|0,train,val,test
3SZK_AB_C|VC27A|0,train,val,test
3SZK_AB_C|DC48A|0,train,val,test
3SZK_AB_C|DC51A|0,train,val,test
3SZK_AB_C|KC56A|0,val,val,test
3SZK_AB_C|KC57A|0,val,val,test
4GXU_ABCDEF_MN|DA189E|0,val,val,train
4GXU_ABCDEF_MN|DA224G|0,train,val,train
3LZF_AB_HL|DA187E|0,train,val,train
3LZF_AB_HL|DA222G|0,train,val,train
1FSS_A_B|TB8V|0,train,val,test
1FSS_A_B|TB9I|0,train,val,test
1FSS_A_B|TB9N|0,train,val,test
1FSS_A_B|RB11K|0,train,val,test
1FSS_A_B|AB12S|0,train,val,test
1FSS_A_B|RB27F|0,test,val,test
1FSS_A_B|RB27M|0,train,val,test
1FSS_A_B|RB27Y|0,val,val,test
1FSS_A_B|HB29K|0,train,val,test
1FSS_A_B|HB29R|0,train,val,test
1FSS_A_B|KB32R|0,train,val,test
1FSS_A_B|MB33F|0,test,val,test
1FSS_A_B|MB33L|0,train,val,test
1FSS_A_B|MB33Q|0,train,val,test
1FSS_A_B|MB33Y|0,train,val,test
1FSS_A_B|VB34T|0,train,val,test
1FSS_A_B|LB35W|0,train,val,test
1FSS_A_B|NB47F|0,val,val,test
1FSS_A_B|NB47W|0,train,val,test
1FSS_A_B|NB47R|0,train,val,test
1B41_A_B|TB8V|0,train,train,train
1B41_A_B|TB9I|0,train,train,train
1B41_A_B|TB9N|0,train,train,train
1B41_A_B|RB11K|0,train,train,train
1B41_A_B|AB12S|0,train,train,train
1B41_A_B|RB27F|0,train,train,train
1B41_A_B|RB27M|0,train,train,train
1B41_A_B|RB27Y|0,test,train,train
1B41_A_B|HB29K|0,val,train,train
1B41_A_B|HB29R|0,test,train,train
1B41_A_B|KB32R|0,train,train,train
1B41_A_B|MB33F|0,train,train,train
1B41_A_B|MB33L|0,train,train,train
1B41_A_B|MB33Q|0,train,train,train
1B41_A_B|MB33Y|0,train,train,train
1B41_A_B|VB34T|0,train,train,train
1B41_A_B|LB35W|0,train,train,train
1B41_A_B|NB47F|0,val,train,train
1B41_A_B|NB47W|0,train,train,train
1B41_A_B|NB47R|0,train,train,train
1FSS_A_B|TB8V|1,train,val,test
1FSS_A_B|TB9N|1,train,val,test
1FSS_A_B|RB11K|1,train,val,test
1FSS_A_B|HB29R|1,train,val,test
1FSS_A_B|KB32R|1,test,val,test
4HRN_A_D|LD17A|0,train,test,test
4HRN_A_D|SD43A|0,train,test,test
4HRN_A_D|VD44A|0,train,test,test
4HRN_A_D|FD47A|0,train,test,test
1N8Z_AB_C|LC509A|0,train,val,train
1N8Z_AB_C|SC535A|0,train,val,train
1N8Z_AB_C|VC536A|0,val,val,train
1N8Z_AB_C|FC539A|0,train,val,train
3R9A_AC_B|AA323W|0,train,val,test
3R9A_AC_B|YA325A|0,train,val,test
3R9A_AC_B|YA325W|0,train,val,test
3R9A_AC_B|VA331D|0,train,val,test
3R9A_AC_B|GA165R|0,val,val,test
3G6D_LH_A|HH104A|0,train,val,test
3G6D_LH_A|WH105A|0,train,val,test
3Q8D_A_E|RA202A|0,val,train,val
3Q8D_A_E|RA202E|0,train,train,val
3Q8D_A_E|RA209A|0,val,train,val
3Q8D_A_E|FA227A|0,test,train,val
3Q8D_A_E|RA228A|0,test,train,val
3Q8D_A_E|RA228E|0,test,train,val
3Q8D_A_E|RA97A|0,test,train,val
3Q8D_A_E|RA12A|0,val,train,val
1XGU_AB_C|FB33L|0,train,val,train
1XGU_AB_C|FB33I|0,val,val,train
1XGU_AB_C|FB33V|0,train,val,train
1XGU_AB_C|FB33A|0,train,val,train
1XGP_AB_C|AB33F|0,train,val,train
1XGP_AB_C|AB33L|0,train,val,train
1XGP_AB_C|AB33I|0,test,val,train
1XGP_AB_C|AB33V|0,train,val,train
1XGQ_AB_C|VB33F|0,test,train,train
1XGQ_AB_C|VB33L|0,train,train,train
1XGQ_AB_C|VB33I|0,train,train,train
1XGQ_AB_C|VB33A|0,val,train,train
1XGR_AB_C|IB33F|0,train,test,train
1XGR_AB_C|IB33L|0,train,test,train
1XGR_AB_C|IB33V|0,train,test,train
1XGR_AB_C|IB33A|0,test,test,train
1XGT_AB_C|LB33F|0,test,val,train
1XGT_AB_C|LB33I|0,train,val,train
1XGT_AB_C|LB33V|0,train,val,train
1XGT_AB_C|LB33A|0,train,val,train
3RF3_A_C|AC8K|0,train,val,train
3AAA_AB_C|KA248A|0,train,val,train
3AAA_AB_C|KA248E|0,train,val,train
3AAA_AB_C|RA252A|0,train,val,train
3AAA_AB_C|RA252E|0,test,val,train
3AAA_AB_C|RA258A|0,train,val,train
3AAA_AB_C|RA258E|0,train,val,train
3AAA_AB_C|WC7A|0,test,val,train
3AAA_AB_C|DC43A|0,train,val,train
3AAA_AB_C|EC77A|0,train,val,train
3AAA_AB_C|EC77R|0,train,val,train
3BT1_A_U|LU1A|0,test,train,train
3BT1_A_U|RU2A|0,train,train,train
3BT1_A_U|MU4A|0,test,train,train
3BT1_A_U|QU5A|0,train,train,train
3BT1_A_U|KU7A|0,train,train,train
3BT1_A_U|TU8A|0,train,train,train
3BT1_A_U|NU9A|0,train,train,train
3BT1_A_U|GU10A|0,val,train,train
3BT1_A_U|DU11A|0,test,train,train
3BT1_A_U|RU13A|0,train,train,train
3BT1_A_U|VU14A|0,train,train,train
3BT1_A_U|EU15A|0,val,train,train
3BT1_A_U|EU16A|0,train,train,train
3BT1_A_U|AU18S|0,val,train,train
3BT1_A_U|LU19A|0,test,train,train
3BT1_A_U|GU20A|0,test,train,train
3BT1_A_U|QU21A|0,train,train,train
3BT1_A_U|DU22A|0,train,train,train
3BT1_A_U|LU23A|0,train,train,train
3BT1_A_U|RU25A|0,val,train,train
3BT1_A_U|TU26A|0,train,train,train
3BT1_A_U|TU27A|0,val,train,train
3BT1_A_U|IU28A|0,train,train,train
3BT1_A_U|VU29A|0,val,train,train
3BT1_A_U|RU30A|0,train,train,train
3BT1_A_U|LU31A|0,val,train,train
3BT1_A_U|WU32A|0,train,train,train
3BT1_A_U|EU33A|0,train,train,train
3BT1_A_U|EU34A|0,val,train,train
3BT1_A_U|GU35A|0,train,train,train
3BT1_A_U|EU36A|0,train,train,train
3BT1_A_U|EU37A|0,train,train,train
3BT1_A_U|LU38A|0,train,train,train
3BT1_A_U|EU39A|0,train,train,train
3BT1_A_U|LU40A|0,val,train,train
3BT1_A_U|VU41A|0,test,train,train
3BT1_A_U|EU42A|0,train,train,train
3BT1_A_U|KU43A|0,train,train,train
3BT1_A_U|SU44A|0,train,train,train
3BT1_A_U|TU46A|0,val,train,train
3BT1_A_U|HU47A|0,train,train,train
3BT1_A_U|SU48A|0,train,train,train
3BT1_A_U|EU49A|0,val,train,train
3BT1_A_U|KU50A|0,train,train,train
3BT1_A_U|TU51A|0,train,train,train
3BT1_A_U|NU52Q|0,val,train,train
3BT1_A_U|RU53A|0,test,train,train
3BT1_A_U|TU54A|0,train,train,train
3BT1_A_U|LU55A|0,test,train,train
3BT1_A_U|SU56A|0,train,train,train
3BT1_A_U|YU57A|0,train,train,train
3BT1_A_U|RU58A|0,train,train,train
3BT1_A_U|TU59A|0,train,train,train
3BT1_A_U|GU60A|0,train,train,train
3BT1_A_U|LU61A|0,test,train,train
3BT1_A_U|KU62A|0,train,train,train
3BT1_A_U|IU63A|0,test,train,train
3BT1_A_U|TU64A|0,val,train,train
3BT1_A_U|SU65A|0,test,train,train
3BT1_A_U|LU66A|0,train,train,train
3BT1_A_U|TU67A|0,train,train,train
3BT1_A_U|EU68A|0,train,train,train
3BT1_A_U|VU69A|0,test,train,train
3BT1_A_U|VU70A|0,train,train,train
3BT1_A_U|GU72A|0,train,train,train
3BT1_A_U|LU73A|0,train,train,train
3BT1_A_U|DU74A|0,val,train,train
3BT1_A_U|LU75A|0,test,train,train
3BT1_A_U|QU78A|0,test,train,train
3BT1_A_U|GU79A|0,val,train,train
3BT1_A_U|NU80A|0,train,train,train
3BT1_A_U|SU81A|0,train,train,train
3BT1_A_U|GU82A|0,train,train,train
3BT1_A_U|VU83A|0,train,train,train
3BT1_A_U|TU84A|0,train,train,train
3BT1_A_U|YU85A|0,test,train,train
3BT1_A_U|SU86A|0,train,train,train
3BT1_A_U|RU87A|0,train,train,train
3BT1_A_U|SU88A|0,val,train,train
3BT1_A_U|RU89A|0,train,train,train
3BT1_A_U|YU90A|0,train,train,train
3BT1_A_U|LU91A|0,test,train,train
3BT1_A_U|EU92A|0,test,train,train
3BT1_A_U|IU94A|0,train,train,train
3BT1_A_U|SU95A|0,train,train,train
3BT1_A_U|GU97A|0,test,train,train
3BT1_A_U|SU98A|0,train,train,train
3BT1_A_U|SU99A|0,train,train,train
3BT1_A_U|DU100A|0,val,train,train
3BT1_A_U|MU101A|0,val,train,train
3BT1_A_U|SU102A|0,train,train,train
3BT1_A_U|EU104A|0,train,train,train
3BT1_A_U|RU105A|0,test,train,train
3BT1_A_U|RU107A|0,train,train,train
3BT1_A_U|HU108A|0,val,train,train
3BT1_A_U|QU109A|0,train,train,train
3BT1_A_U|SU110A|0,val,train,train
3BT1_A_U|LU111A|0,train,train,train
3BT1_A_U|QU112A|0,train,train,train
3BT1_A_U|RU114A|0,train,train,train
3BT1_A_U|SU115A|0,train,train,train
3BT1_A_U|PU116A|0,train,train,train
3BT1_A_U|EU117A|0,train,train,train
3BT1_A_U|EU118A|0,train,train,train
3BT1_A_U|QU119A|0,val,train,train
3BT1_A_U|LU121A|0,train,train,train
3BT1_A_U|DU122A|0,val,train,train
3BT1_A_U|VU123A|0,train,train,train
3BT1_A_U|VU124A|0,val,train,train
3BT1_A_U|TU125A|0,train,train,train
3BT1_A_U|HU126A|0,test,train,train
3BT1_A_U|WU127A|0,test,train,train
3BT1_A_U|IU128A|0,train,train,train
3BT1_A_U|QU129A|0,train,train,train
3BT1_A_U|EU130A|0,train,train,train
3BT1_A_U|GU131A|0,test,train,train
3BT1_A_U|EU132A|0,train,train,train
3BT1_A_U|EU133A|0,train,train,train
3BT1_A_U|GU134A|0,test,train,train
3BT1_A_U|RU135A|1,val,train,train
3BT1_A_U|PU136A|0,train,train,train
3BT1_A_U|KU137A|1,train,train,train
3BT1_A_U|DU138A|0,train,train,train
3BT1_A_U|DU139A|0,train,train,train
3BT1_A_U|RU140A|1,train,train,train
3BT1_A_U|HU141A|1,train,train,train
3BT1_A_U|LU142A|0,train,train,train
3BT1_A_U|RU143A|1,train,train,train
3BT1_A_U|GU144A|0,train,train,train
3BT1_A_U|GU146A|0,train,train,train
3BT1_A_U|YU147A|0,val,train,train
3BT1_A_U|LU148A|0,train,train,train
3BT1_A_U|PU149A|0,train,train,train
3BT1_A_U|GU150A|0,train,train,train
3BT1_A_U|PU152A|0,train,train,train
3BT1_A_U|SU154A|0,train,train,train
3BT1_A_U|NU155A|0,train,train,train
3BT1_A_U|GU156A|0,train,train,train
3BT1_A_U|FU157A|0,test,train,train
3BT1_A_U|HU158A|0,train,train,train
3BT1_A_U|NU159A|0,test,train,train
3BT1_A_U|NU160Q|0,test,train,train
3BT1_A_U|DU161A|0,train,train,train
3BT1_A_U|TU162A|0,train,train,train
3BT1_A_U|FU163A|0,train,train,train
3BT1_A_U|HU164A|0,train,train,train
3BT1_A_U|FU165A|0,train,train,train
3BT1_A_U|LU166A|0,val,train,train
3BT1_A_U|KU167A|0,val,train,train
3BT1_A_U|NU170Q|0,train,train,train
3BT1_A_U|TU171A|0,val,train,train
3BT1_A_U|TU172A|0,train,train,train
3BT1_A_U|KU173A|0,test,train,train
3BT1_A_U|EU176A|0,train,train,train
3BT1_A_U|GU177A|0,train,train,train
3BT1_A_U|PU178A|0,val,train,train
3BT1_A_U|IU179A|0,train,train,train
3BT1_A_U|LU180A|0,train,train,train
3BT1_A_U|EU181A|0,val,train,train
3BT1_A_U|LU182A|0,train,train,train
3BT1_A_U|EU183A|0,test,train,train
3BT1_A_U|NU184A|0,val,train,train
3BT1_A_U|LU185A|0,train,train,train
3BT1_A_U|PU186A|0,train,train,train
3BT1_A_U|QU187A|0,train,train,train
3BT1_A_U|NU188A|0,train,train,train
3BT1_A_U|GU189A|0,train,train,train
3BT1_A_U|RU190A|0,test,train,train
3BT1_A_U|QU191A|0,val,train,train
3BT1_A_U|YU193A|0,train,train,train
3BT1_A_U|SU194A|0,train,train,train
3BT1_A_U|KU196A|0,train,train,train
3BT1_A_U|GU197A|0,train,train,train
3BT1_A_U|NU198Q|0,train,train,train
3BT1_A_U|SU199A|0,train,train,train
3BT1_A_U|TU200A|0,val,train,train
3BT1_A_U|HU201A|0,train,train,train
3BT1_A_U|GU202A|0,train,train,train
3BT1_A_U|SU204A|0,train,train,train
3BT1_A_U|SU205A|0,train,train,train
3BT1_A_U|EU206A|0,train,train,train
3BT1_A_U|EU207A|0,val,train,train
3BT1_A_U|TU208A|0,train,train,train
3BT1_A_U|FU209A|0,train,train,train
3BT1_A_U|LU210A|0,train,train,train
3BT1_A_U|IU211A|0,train,train,train
3BT1_A_U|DU212A|0,train,train,train
3BT1_A_U|RU214A|0,train,train,train
3BT1_A_U|GU215A|0,test,train,train
3BT1_A_U|PU216A|0,train,train,train
3BT1_A_U|MU217A|0,train,train,train
3BT1_A_U|NU218A|0,train,train,train
3BT1_A_U|QU219A|0,train,train,train
3BT1_A_U|LU221A|0,train,train,train
3BT1_A_U|VU222A|0,train,train,train
3BT1_A_U|AU223S|0,train,train,train
3BT1_A_U|TU224A|0,test,train,train
3BT1_A_U|GU225A|0,train,train,train
3BT1_A_U|TU226A|0,train,train,train
3BT1_A_U|HU227A|0,train,train,train
3BT1_A_U|EU228A|0,val,train,train
3BT1_A_U|PU229A|0,train,train,train
3BT1_A_U|KU230A|0,train,train,train
3BT1_A_U|NU231A|0,train,train,train
3BT1_A_U|QU232A|0,train,train,train
3BT1_A_U|SU233A|0,val,train,train
3BT1_A_U|YU234A|0,test,train,train
3BT1_A_U|MU235A|0,train,train,train
3BT1_A_U|VU236A|0,train,train,train
3BT1_A_U|RU237A|0,train,train,train
3BT1_A_U|GU238A|0,val,train,train
3BT1_A_U|AU240S|0,val,train,train
3BT1_A_U|TU241A|0,train,train,train
3BT1_A_U|AU242S|0,train,train,train
3BT1_A_U|SU243A|0,val,train,train
3BT1_A_U|MU244A|0,val,train,train
3BT1_A_U|QU246A|0,train,train,train
3BT1_A_U|HU247A|0,train,train,train
3BT1_A_U|AU248S|0,train,train,train
3BT1_A_U|HU249A|0,train,train,train
3BT1_A_U|LU250A|0,train,train,train
3BT1_A_U|GU251A|0,val,train,train
3BT1_A_U|DU252A|0,train,train,train
3BT1_A_U|AU253S|0,test,train,train
3BT1_A_U|FU254A|0,val,train,train
3BT1_A_U|SU255A|0,train,train,train
3BT1_A_U|MU256A|0,test,train,train
3BT1_A_U|NU257A|0,train,train,train
3BT1_A_U|HU258A|0,train,train,train
3BT1_A_U|IU259A|0,train,train,train
3BT1_A_U|DU260A|0,val,train,train
3BT1_A_U|VU261A|0,val,train,train
3BT1_A_U|SU262A|0,train,train,train
3BT1_A_U|TU265A|0,train,train,train
3BT1_A_U|KU266A|0,test,train,train
3BT1_A_U|SU267A|0,train,train,train
3BT1_A_U|GU268A|0,train,train,train
3BT1_A_U|HU271A|0,test,train,train
3BT1_A_U|PU272A|0,train,train,train
3BT1_A_U|DU273A|0,test,train,train
3LB6_A_C|IA10A|0,train,train,train
3LB6_A_C|KA100A|0,val,train,train
3LB6_A_C|KA101A|0,train,train,train
3LB6_A_C|FA103A|0,train,train,train
4K71_A_BC|GA503E|0,train,val,train
4K71_A_BC|AA545V|0,val,val,train
4K71_A_BC|HA462A|0,train,val,train
4K71_A_BC|HA462F|0,train,val,train
4K71_A_BC|HB157A|0,train,val,train
4K71_A_BC|HB157F|0,train,val,train
4K71_A_BC|AA545V|1,val,val,train
4K71_A_BC|AA545V|2,train,val,train
3UIG_A_P|EA47A|0,val,train,val
3UIG_A_P|KA58A|0,train,train,val
3UIG_A_P|EA61A|0,test,train,val
3UIG_A_P|DA67A|0,val,train,val
3UIG_A_P|EA72A|0,train,train,val
3UII_A_P|KA58A|0,train,val,val
3N85_A_LH|WL91F|0,val,train,train
3N85_A_LH|WL94Y|0,test,train,train
3N85_A_LH|WH30K|0,train,train,train
3N85_A_LH|WH30R|0,train,train,train
3N85_A_LH|SH32Y|0,train,train,train
3N85_A_LH|SH32A|0,train,train,train
3N85_A_LH|SH50G|0,train,train,train
3N85_A_LH|SH52Y|0,train,train,train
3N85_A_LH|WH100F|0,train,train,train
3N85_A_LH|WH100F|1,train,train,train
4N8V_G_ABC|PG10A|0,test,val,test
4N8V_G_ABC|KG38A|0,val,val,test
4N8V_G_ABC|YG39F|0,train,val,test
4N8V_G_ABC|YG124A|0,train,val,test
4CVW_A_C|DA720W|0,val,test,val
4CVW_A_C|DA720R|0,train,test,val
4CVW_A_C|RC27A|0,train,test,val
4CVW_A_C|RC31A|0,test,test,val
4CVW_A_C|RC31W|0,train,test,val
4CVW_A_C|LC34G|0,train,test,val
4CVW_A_C|LC34W|0,train,test,val
4CVW_A_C|VC35D|0,train,test,val
4B0M_A_BM|AB127G|0,train,test,train
4B0M_A_BM|PM98A|0,test,test,train
4B0M_A_BM|PM98S|0,train,test,train
4B0M_A_BM|PM99A|0,train,test,train
4B0M_A_BM|PM99S|0,val,test,train
4B0M_A_BM|YM9G|0,test,test,train
4B0M_A_BM|YM37A|0,test,test,train
4B0M_A_BM|LM40A|0,test,test,train
4B0M_A_BM|MA8A|0,train,test,train
3M62_A_B|EA32A|0,train,test,val
3M62_A_B|DA46A|0,train,test,val
3M62_A_B|LA50A|0,val,test,val
3M62_A_B|TA54A|0,train,test,val
3M62_A_B|EA55A|0,train,test,val
3M62_A_B|RA98A|0,train,test,val
3M62_A_B|GA102A|0,train,test,val
3M62_A_B|YA103A|0,test,test,val
3M62_A_B|IA110A|0,train,test,val
3M62_A_B|FB7A|0,test,test,val
3M62_A_B|KB8A|0,train,test,val
3M62_A_B|IB43A|0,train,test,val
3M62_A_B|SB45A|0,val,test,val
3M62_A_B|VB48A|0,val,test,val
3M62_A_B|QB50A|0,train,test,val
3M62_A_B|QB65A|0,train,test,val
3M62_A_B|VB67A|0,train,test,val
3M62_A_B|MB69A|0,train,test,val
3M63_A_B|EA33A|0,train,val,train
3M63_A_B|DA46A|0,train,val,train
3M63_A_B|LA50A|0,train,val,train
3M63_A_B|TA54A|0,train,val,train
3M63_A_B|EA55A|0,train,val,train
3M63_A_B|RA98A|0,train,val,train
3M63_A_B|GA102A|0,train,val,train
3M63_A_B|YA103A|0,test,val,train
3M63_A_B|VA106A|0,test,val,train
3M63_A_B|IA110A|0,train,val,train
3M63_A_B|FA113A|0,val,val,train
3SEK_B_C|LC11E|0,test,test,test
3SEK_B_C|LC44E|0,train,test,test
3SEK_B_C|FC47E|0,val,test,test
3SEK_B_C|LC48E|0,test,test,test
3SEK_B_C|LC44A|0,train,test,test
3SEK_B_C|FC47A|0,train,test,test
3SEK_B_C|LC48A|0,train,test,test
3HH2_AB_C|VC15E|0,train,test,val
3HH2_AB_C|FC47E|0,train,test,val
3HH2_AB_C|IC51E|0,val,test,val
3HH2_AB_C|FC52E|0,train,test,val
3HH2_AB_C|FC47A|0,train,test,val
3HH2_AB_C|IC51A|0,train,test,val
3HH2_AB_C|FC52A|0,train,test,val
3B4V_AB_C|LC16E|0,train,train,test
3B4V_AB_C|LC49E|0,train,train,test
3B4V_AB_C|FC52E|0,test,train,test
3B4V_AB_C|LC53E|0,train,train,test
3B4V_AB_C|LC49A|0,train,train,test
3B4V_AB_C|FC52A|0,train,train,test
3B4V_AB_C|LC53A|0,train,train,test
2B0U_AB_C|VC15E|0,train,val,val
2B0U_AB_C|FC47E|0,train,val,val
2B0U_AB_C|IC51E|0,train,val,val
2B0U_AB_C|FC52E|0,train,val,val
2B0U_AB_C|FC47A|0,train,val,val
2B0U_AB_C|IC51A|0,train,val,val
2B0U_AB_C|FC52A|0,train,val,val
4HFK_A_BD|RB22A|0,test,val,val
4HFK_A_BD|LB45A|0,train,val,val
4HFK_A_BD|EB46A|0,val,val,val
4HFK_A_BD|SB48A|0,train,val,val
4HFK_A_BD|NB49A|0,train,val,val
4HFK_A_BD|LB50A|0,train,val,val
4HFK_A_BD|EB56A|0,train,val,val
4HFK_A_BD|TD72A|0,train,val,val
3KBH_A_E|DA20A|0,test,test,train
3KBH_A_E|YA23A|0,train,test,train
3KBH_A_E|YA23F|0,train,test,train
3KBH_A_E|YE17A|0,train,test,train
3KBH_A_E|SE54A|0,train,test,train
3KBH_A_E|SE54T|0,train,test,train
2AJF_A_E|DA20A|0,test,val,test
2AJF_A_E|YA23A|0,test,val,test
2AJF_A_E|YA23F|0,train,val,test
2AW2_A_B|PB16A|0,train,val,val
2AW2_A_B|YB22A|0,train,val,val
2AW2_A_B|VB35A|0,train,val,val
3L5X_A_HL|YL94A|0,train,test,test
4JPK_HL_A|VA30N|0,test,train,train
4JPK_HL_A|SA41G|0,train,train,train
4JPK_HL_A|FA63L|0,test,train,train
4JPK_HL_A|RA81T|0,train,train,train
4JPK_HL_A|RA130K|0,train,train,train
4JPK_HL_A|FA144I|0,train,train,train
4JPK_HL_A|TA35S|0,train,train,train
4JPK_HL_A|DA141R|0,train,train,train
4FZA_A_B|FA168E|0,train,train,val
4FZA_A_B|YA213A|0,train,train,val
4FZA_A_B|RA217A|0,train,train,val
4FZA_A_B|EB122A|0,val,train,val
1BJ1_HL_VW|YH27A|0,train,test,train
1BJ1_HL_VW|YH54A|0,train,test,train
1BJ1_HL_VW|TH59A|0,train,test,train
1BJ1_HL_VW|YH99A|0,train,test,train
1BJ1_HL_VW|HH107A|0,train,test,train
1BJ1_HL_VW|YH54W|0,train,test,train
1BJ1_HL_VW|TH28D|0,train,test,train
1BJ1_HL_VW|NH31H|0,train,test,train
1BJ1_HL_VW|HH101Y|0,train,test,train
1BJ1_HL_VW|SH105T|0,train,test,train
1MHP_HL_A|SL27Q|0,train,train,train
1MHP_HL_A|LL48K|0,val,train,train
1MHP_HL_A|TH50V|0,val,train,train
1MHP_HL_A|LH60D|0,train,train,train
1MHP_HL_A|KH64E|0,val,train,train
1MHP_HL_A|KH64Q|0,val,train,train
1MHP_HL_A|KH64D|0,val,train,train
1MHP_HL_A|KH64N|0,train,train,train
1MHP_HL_A|SL27Q|1,test,train,train
1MHP_HL_A|NL51Y|0,train,train,train
1MHP_HL_A|GH100M|0,train,train,train
1MHP_HL_A|SL23R|0,train,train,train
1MHP_HL_A|NL51E|0,val,train,train
1MHP_HL_A|FH99W|0,test,train,train
1MHP_HL_A|GH100F|0,train,train,train
1MHP_HL_A|GH54Y|0,train,train,train
1MHP_HL_A|FH99W|1,train,train,train
1MHP_HL_A|NL29V|0,test,train,train
1MHP_HL_A|HL30R|0,train,train,train
1MHP_HL_A|HL30K|0,train,train,train
1MHP_HL_A|LL48K|1,train,train,train
1MHP_HL_A|NL51R|0,train,train,train
1MHP_HL_A|NL51K|0,train,train,train
1MHP_HL_A|RH31Q|0,train,train,train
1MHP_HL_A|SH35Q|0,val,train,train
1MHP_HL_A|TH50V|1,train,train,train
1MHP_HL_A|YH59E|0,train,train,train
1MHP_HL_A|LH60D|1,train,train,train
1MHP_HL_A|KH64E|1,train,train,train
1MHP_HL_A|KH64Q|1,test,train,train
1MHP_HL_A|KH64D|1,train,train,train
1MHP_HL_A|KH64N|1,val,train,train
1MHP_HL_A|SL27Q|2,train,train,train
1MHP_HL_A|NL29Y|0,train,train,train
1MHP_HL_A|NL29W|0,train,train,train
1MHP_HL_A|NL51Y|1,test,train,train
1MHP_HL_A|SL90T|0,train,train,train
1MHP_HL_A|GL91Q|0,train,train,train
1MHP_HL_A|GL91S|0,train,train,train
1MHP_HL_A|SH52M|0,train,train,train
1MHP_HL_A|GH53S|0,train,train,train
1MHP_HL_A|GH53A|0,train,train,train
1MHP_HL_A|GH54I|0,train,train,train
1MHP_HL_A|GH54T|0,train,train,train
1MHP_HL_A|YH58Q|0,train,train,train
1MHP_HL_A|YH58E|0,test,train,train
1MHP_HL_A|YH58W|0,test,train,train
1MHP_HL_A|GH100M|1,train,train,train
1MHP_HL_A|SL23R|1,val,train,train
1MHP_HL_A|LL48F|0,train,train,train
1MHP_HL_A|LL48W|0,val,train,train
1MHP_HL_A|NL51D|0,train,train,train
1MHP_HL_A|NL51E|1,train,train,train
1MHP_HL_A|WL89Q|0,test,train,train
1MHP_HL_A|SL90Q|0,test,train,train
1MHP_HL_A|TH33V|0,train,train,train
1MHP_HL_A|TH33N|0,train,train,train
1MHP_HL_A|SH35A|0,test,train,train
1MHP_HL_A|FH99W|2,train,train,train
1MHP_HL_A|FH99Y|0,test,train,train
1MHP_HL_A|GH100L|0,val,train,train
1MHP_HL_A|GH100F|1,train,train,train
1MHP_HL_A|GH100S|0,train,train,train
1MHP_HL_A|HL30W|0,train,train,train
1MHP_HL_A|GH53N|0,val,train,train
1MHP_HL_A|GH54Y|1,train,train,train
1MHP_HL_A|FH99W|3,train,train,train
1MHP_HL_A|FH99Y|1,train,train,train
2B2X_HL_A|EH64K|0,val,train,train
2B2X_HL_A|VH50T|0,train,train,train
2B2X_HL_A|YL52E|0,test,train,train
2B2X_HL_A|EH64K|1,val,train,train
2B2X_HL_A|VH50T|1,train,train,train
1MLC_AB_E|NA32G|0,train,train,train
1MLC_AB_E|NA92A|0,train,train,train
1MLC_AB_E|TB28D|0,test,train,train
1MLC_AB_E|TB31A|0,train,train,train
1MLC_AB_E|TB31V|0,train,train,train
1MLC_AB_E|SB57A|0,train,train,train
1MLC_AB_E|SB57V|0,val,train,train
1MLC_AB_E|TB58D|0,train,train,train
1MLC_AB_E|KB65D|0,train,train,train
1MLC_AB_E|NA32Y|0,train,train,train
1MLC_AB_E|TB31W|0,train,train,train
1YY9_CD_A|SC26D|0,train,train,train
1YY9_CD_A|TC31E|0,val,train,train
1YY9_CD_A|NC93A|0,train,train,train
1YY9_CD_A|ND56A|0,train,train,train
1YY9_CD_A|TD61E|0,train,train,train
1N8Z_AB_C|NA30S|0,test,val,train
1N8Z_AB_C|HA91F|0,val,val,train
1N8Z_AB_C|TA94S|0,train,val,train
1N8Z_AB_C|DB102W|0,test,val,train
1N8Z_AB_C|YB105F|0,train,val,train
1N8Z_AB_C|YB109V|0,test,val,train
1N8Z_AB_C|RB50A|0,train,val,train
1N8Z_AB_C|RB59A|0,train,val,train
2NYY_DC_A|SA874A|0,train,test,train
2NYY_DC_A|KA875A|0,train,test,train
2NYY_DC_A|QA887A|0,train,test,train
2NYY_DC_A|FA889A|0,test,test,train
2NYY_DC_A|NA890A|0,train,test,train
2NYY_DC_A|LA891A|0,train,test,train
2NYY_DC_A|EA892A|0,train,test,train
2NYY_DC_A|KA895A|0,train,test,train
2NYY_DC_A|FA925A|0,val,test,train
2NYY_DC_A|NA926A|0,train,test,train
2NYY_DC_A|SA927A|0,train,test,train
2NYY_DC_A|IA928A|0,test,test,train
2NYY_DC_A|KA1028A|0,train,test,train
2NYY_DC_A|DA1030A|0,test,test,train
2NYY_DC_A|RA1033A|0,train,test,train
2NYY_DC_A|DA1034A|0,train,test,train
2NYY_DC_A|TA1035A|0,train,test,train
2NYY_DC_A|HA1036A|0,train,test,train
2NYY_DC_A|RA1266A|0,train,test,train
2NZ9_DC_A|SA874A|0,train,val,train
2NZ9_DC_A|KA875A|0,train,val,train
2NZ9_DC_A|QA887A|0,train,val,train
2NZ9_DC_A|FA889A|0,train,val,train
2NZ9_DC_A|NA890A|0,test,val,train
2NZ9_DC_A|LA891A|0,train,val,train
2NZ9_DC_A|EA892A|0,val,val,train
2NZ9_DC_A|KA895A|0,train,val,train
2NZ9_DC_A|FA925A|0,test,val,train
2NZ9_DC_A|NA926A|0,val,val,train
2NZ9_DC_A|SA927A|0,val,val,train
2NZ9_DC_A|IA928A|0,test,val,train
2NZ9_DC_A|KA1028A|0,train,val,train
2NZ9_DC_A|DA1030A|0,train,val,train
2NZ9_DC_A|RA1033A|0,train,val,train
2NZ9_DC_A|DA1034A|0,train,val,train
2NZ9_DC_A|TA1035A|0,test,val,train
2NZ9_DC_A|HA1036A|0,val,val,train
2NZ9_DC_A|RA1266A|0,test,val,train
2NYY_DC_A|MD33Q|0,val,test,train
2NYY_DC_A|KD29R|0,train,test,train
2NYY_DC_A|YD30D|0,val,test,train
2NYY_DC_A|YD30Q|0,train,test,train
2NYY_DC_A|YD56Q|0,train,test,train
2NYY_DC_A|SC28Q|0,train,test,train
2NYY_DC_A|DC30Y|0,test,test,train
2NYY_DC_A|SC31N|0,train,test,train
2NYY_DC_A|HC34R|0,test,test,train
2NYY_DC_A|VD36I|0,train,test,train
2NYY_DC_A|ED5Q|0,val,test,train
3MZW_A_B|NB18T|0,train,val,test
3MZW_A_B|NB18G|0,val,val,test
3MZW_A_B|NB18A|0,train,val,test
3NGB_HL_G|TH33Y|0,train,val,train
3NGB_HL_G|GH55S|0,test,val,train
3NGB_HL_G|AH57G|0,train,val,train
3NGB_HL_G|VH58T|0,train,val,train
3NGB_HL_G|PH63K|0,train,val,train
3NGB_HL_G|VH74T|0,test,val,train
3NGB_HL_G|YH75S|0,val,val,train
3NGB_HL_G|IH30T|0,train,val,train
3NGB_HL_G|KH52N|0,train,val,train
3NGB_HL_G|RH54N|0,test,val,train
3NGB_HL_G|RH62Q|0,train,val,train
3NGB_HL_G|YL26S|0,train,val,train
3S9D_A_B|SA18A|0,train,train,train
3S9D_A_B|LA19A|0,train,train,train
3S9D_A_B|FA20A|0,train,train,train
3S9D_A_B|SA21A|0,val,train,train
3S9D_A_B|LA23A|0,train,train,train
3S9D_A_B|KA24A|0,train,train,train
3S9D_A_B|DA25A|0,train,train,train
3S9D_A_B|RA26A|0,test,train,train
3S9D_A_B|HA27A|0,train,train,train
3S9D_A_B|DA28A|0,train,train,train
3S9D_A_B|EA34A|0,val,train,train
3S9D_A_B|KA92A|0,train,train,train
3S9D_A_B|RA96A|0,train,train,train
3S9D_A_B|LA99A|0,train,train,train
3S9D_A_B|KA102A|0,train,train,train
3S9D_A_B|EA103A|0,train,train,train
3S9D_A_B|KA104A|0,test,train,train
3S9D_A_B|KA105A|0,train,train,train
3S9D_A_B|TB33A|0,train,train,train
3S9D_A_B|MB35A|0,val,train,train
3S9D_A_B|SB36A|0,train,train,train
3S9D_A_B|KB37A|0,train,train,train
3S9D_A_B|EB39R|0,train,train,train
3S9D_A_B|EB39A|0,train,train,train
3S9D_A_B|KB42A|0,train,train,train
3S9D_A_B|WB61F|0,val,train,train
3S9D_A_B|SB63A|0,train,train,train
3S9D_A_B|HB65A|0,train,train,train
3S9D_A_B|NB85A|0,test,train,train
3S9D_A_B|WB87A|0,val,train,train
3S9D_A_B|DB121R|0,val,train,train
3S9D_A_B|LA8A|0,train,train,train
3S9D_A_B|MA9A|0,train,train,train
3S9D_A_B|RA15A|0,test,train,train
3S9D_A_B|RA16A|0,train,train,train
3S9D_A_B|IA17A|0,val,train,train
3S9D_A_B|SA18A|1,train,train,train
3S9D_A_B|LA19A|1,train,train,train
3S9D_A_B|FA20A|1,train,train,train
3S9D_A_B|LA23A|1,train,train,train
3S9D_A_B|LA23V|0,train,train,train
3S9D_A_B|KA24A|1,train,train,train
3S9D_A_B|DA25A|1,train,train,train
3S9D_A_B|RA26K|0,val,train,train
3S9D_A_B|RA26A|1,test,train,train
3S9D_A_B|RA26Q|0,train,train,train
3S9D_A_B|HA27A|1,test,train,train
3S9D_A_B|DA28A|1,val,train,train
3S9D_A_B|QA33A|0,train,train,train
3S9D_A_B|RA96A|1,train,train,train
3S9D_A_B|KA102A|1,train,train,train
3S9D_A_B|EA103A|1,train,train,train
3S9D_A_B|KA104A|1,test,train,train
3S9D_A_B|KA105A|1,train,train,train
3S9D_A_B|RA115A|0,train,train,train
3S9D_A_B|AA116G|0,train,train,train
3S9D_A_B|AA116M|0,train,train,train
3S9D_A_B|MA119A|0,train,train,train
3S9D_A_B|RA120A|0,train,train,train
3S9D_A_B|SA123A|0,train,train,train
3S9D_A_B|LA124A|0,train,train,train
3S9D_A_B|NA127A|0,train,train,train
3S9D_A_B|QA48A|0,train,train,train
3S9D_A_B|FA50A|0,train,train,train
3S9D_A_B|NA51A|0,val,train,train
3S9D_A_B|SA54A|0,train,train,train
3S9D_A_B|TA55A|0,train,train,train
3S9D_A_B|KA56A|0,train,train,train
3S9D_A_B|SA59A|0,train,train,train
3S9D_A_B|TA65A|0,train,train,train
3S9D_A_B|LA66A|0,val,train,train
3S9D_A_B|KA69A|0,train,train,train
3S9D_A_B|YA71A|0,train,train,train
3S9D_A_B|TA72A|0,train,train,train
3S9D_A_B|YA75A|0,train,train,train
3S9D_A_B|QA76A|0,val,train,train
3S9D_A_B|NA79A|0,train,train,train
3S9D_A_B|EA82A|0,train,train,train
3S9D_A_B|RA5A|0,train,train,train
3S9D_A_B|LA8A|1,train,train,train
3S9D_A_B|MA9A|1,train,train,train
3S9D_A_B|AA12W|0,test,train,train
3S9D_A_B|RA15A|1,train,train,train
3S9D_A_B|RA16A|1,train,train,train
3S9D_A_B|IA17A|1,train,train,train
3S9D_A_B|SA18A|2,train,train,train
3S9D_A_B|LA19A|2,test,train,train
3S9D_A_B|FA20A|2,train,train,train
3S9D_A_B|LA23A|2,train,train,train
3S9D_A_B|LA23V|1,train,train,train
3S9D_A_B|KA24A|2,train,train,train
3S9D_A_B|DA25A|2,val,train,train
3S9D_A_B|RA26A|2,val,train,train
3S9D_A_B|RA26K|1,train,train,train
3S9D_A_B|HA27A|2,train,train,train
3S9D_A_B|DA28A|2,train,train,train
3S9D_A_B|RA91K|0,train,train,train
3S9D_A_B|KA92A|1,train,train,train
3S9D_A_B|RA96A|2,test,train,train
3S9D_A_B|KA102A|2,train,train,train
3S9D_A_B|EA103A|2,train,train,train
3S9D_A_B|KA104A|2,train,train,train
3S9D_A_B|KA105A|2,train,train,train
3S9D_A_B|RA115A|1,train,train,train
3S9D_A_B|AA116M|1,train,train,train
3S9D_A_B|AA116G|1,train,train,train
3S9D_A_B|MA119A|1,val,train,train
3S9D_A_B|RA120A|1,train,train,train
3S9D_A_B|SA123A|1,test,train,train
3S9D_A_B|LA124A|1,train,train,train
3S9D_A_B|NA127A|1,train,train,train
3S9D_A_B|EB17R|0,val,train,train
3S9D_A_B|YB32A|0,test,train,train
3S9D_A_B|TB33A|1,test,train,train
3S9D_A_B|IB34A|0,train,train,train
3S9D_A_B|MB35A|1,train,train,train
3S9D_A_B|MB35V|0,train,train,train
3S9D_A_B|SB36A|1,val,train,train
3S9D_A_B|KB37A|1,train,train,train
3S9D_A_B|EB39A|1,train,train,train
3S9D_A_B|DB40A|0,train,train,train
3S9D_A_B|KB42A|1,test,train,train
3S9D_A_B|RB62A|0,val,train,train
3S9D_A_B|SB63A|1,train,train,train
3S9D_A_B|TB64A|0,train,train,train
3S9D_A_B|HB65A|1,train,train,train
3S9D_A_B|EB66A|0,val,train,train
3S9D_A_B|AB67M|0,train,train,train
3S9D_A_B|VB69A|0,test,train,train
3S9D_A_B|HB84A|0,val,train,train
3S9D_A_B|NB85A|1,train,train,train
3S9D_A_B|WB87A|1,val,train,train
3S9D_A_B|IB90A|0,train,train,train
3S9D_A_B|DB91A|0,train,train,train
3S9D_A_B|DB121R|1,val,train,train
3S9D_A_B|HB166A|0,train,train,train
3SE4_B_C|TC36A|0,train,val,test
3SE4_B_C|MC38A|0,train,val,test
3SE4_B_C|MC38V|0,train,val,test
3SE4_B_C|SC39A|0,train,val,test
3SE4_B_C|HC68A|0,train,val,test
3SE4_B_C|EC69A|0,train,val,test
3SE4_B_C|VC72A|0,test,val,test
3SE4_B_C|IC95A|0,train,val,test
3SE4_B_C|HC172A|0,test,val,test
3SE3_B_A|NA53A|0,train,train,val
3SE3_B_A|YA55A|0,train,train,val
3SE3_B_A|FA81A|0,test,train,val
3SE3_B_A|EA96A|0,train,train,val
3SE3_B_A|KA98A|0,train,train,val
3SE3_B_A|LA116A|0,train,train,val
3SE3_B_A|DA117A|0,val,train,val
3SE3_B_A|SA120A|0,train,train,val
3SE3_B_A|NA140T|0,test,train,val
3SE3_B_A|YA148A|0,val,train,val
3SE3_B_A|TA166A|0,train,train,val
3SE3_B_A|SA167A|0,train,train,val
3SE3_B_A|FA223A|0,train,train,val
3SE3_B_A|RA226A|0,train,train,val
3SE3_B_A|NA227A|0,train,train,val
3SE3_B_A|NA230A|0,train,train,val
3SE3_B_A|FA273A|0,test,train,val
3SE4_B_A|LA116A|0,val,val,train
3SE4_B_A|DA117A|0,train,val,train
3SE4_B_A|SA120A|0,train,val,train
3SE4_B_A|NA140T|0,val,val,train
3SE4_B_A|YA148A|0,val,val,train
3SE4_B_A|TA166A|0,train,val,train
3SE4_B_A|RA226A|0,train,val,train
3SE4_B_A|NA227A|0,train,val,train
3SE4_B_A|NA230A|0,val,val,train
3SE4_B_A|FA273A|0,train,val,train
3SE4_B_C|PB27A|0,train,val,test
3SE4_B_C|PB27L|0,train,val,test
3SE4_B_C|LB31A|0,train,val,test
3SE4_B_C|MB130A|0,train,val,test
3SE4_B_C|KB134A|0,train,val,test
3SE4_B_C|KB134R|0,test,val,test
3SE4_B_A|PB27A|0,train,val,train
3SE4_B_A|PB27L|0,train,val,train
3SE4_B_A|LB31A|0,val,val,train
3SE4_B_A|MB130A|0,train,val,train
3SE4_B_A|KB134A|0,train,val,train
3SE4_B_A|KB134R|0,train,val,train
3S9D_A_B|RA120A|2,train,train,train
3S9D_A_B|EB66A|1,train,train,train
3SE4_B_C|EC69A|1,train,val,test
3SE4_B_C|KB134A|1,train,val,test
3SE4_B_C|KB134R|1,train,val,test
3S9D_A_B|IB90A|1,test,train,train
3S9D_A_B|TB33A|2,train,train,train
3S9D_A_B|IB34A|1,train,train,train
3S9D_A_B|MB35V|1,train,train,train
3S9D_A_B|HB65A|2,train,train,train
3S9D_A_B|EB66A|2,train,train,train
3S9D_A_B|WB87A|2,val,train,train
3S9D_A_B|IB90A|2,train,train,train
3S9D_A_B|DB91A|1,val,train,train
3S9D_A_B|LA8A|2,train,train,train
3S9D_A_B|LA19A|3,train,train,train
3S9D_A_B|LA23A|3,train,train,train
3S9D_A_B|RA115A|2,val,train,train
3S9D_A_B|AA116G|2,train,train,train
3S9D_A_B|MA119A|2,train,train,train
3S9D_A_B|RA120A|3,train,train,train
3S9D_A_B|SA123A|2,val,train,train
3S9D_A_B|LA124A|2,val,train,train
1E50_A_B|DA8A|0,val,train,val
1E50_A_B|NA11A|0,test,train,val
1E50_A_B|MA48A|0,train,train,val
1E50_A_B|NA51A|0,train,train,val
1E50_A_B|YA55A|0,train,train,val
1E50_A_B|SA56A|0,train,train,val
1E50_A_B|TA91A|0,train,train,val
1E50_A_B|VA101A|0,val,train,val
1E50_A_B|TA103A|0,train,train,val
1E50_A_B|RB32A|0,train,train,val
1E50_A_B|VB57A|0,val,train,val
1E50_A_B|NB62A|0,train,train,val
1E50_A_B|SB64A|0,test,train,val
1E50_A_B|DA8A|1,val,train,val
1E50_A_B|NA51A|1,train,train,val
1E50_A_B|YA55A|1,train,train,val
1E50_A_B|RA84A|0,train,train,val
1E50_A_B|KA86M|0,train,train,val
1E50_A_B|TA91A|1,train,train,val
1E50_A_B|NB62A|1,train,train,val
1E50_A_B|NB99A|0,train,train,val
1JTG_A_B|EB31A|0,val,train,val
1JTG_A_B|SB35A|0,train,train,val
1JTG_A_B|FB36A|1,train,train,val
1JTG_A_B|SB39A|0,val,train,val
1JTG_A_B|HB41A|1,train,train,val
1JTG_A_B|GB48A|0,train,train,val
1JTG_A_B|DB49A|4,train,train,val
1JTG_A_B|YB50A|1,train,train,val
1JTG_A_B|YB51A|0,train,train,val
1JTG_A_B|YB53A|1,train,train,val
1JTG_A_B|SB71A|1,train,train,val
1JTG_A_B|EB73A|0,train,train,val
1JTG_A_B|KB74A|2,train,train,val
1JTG_A_B|WB112A|1,val,train,val
1JTG_A_B|SB113A|1,train,train,val
1JTG_A_B|GB141A|0,train,train,val
1JTG_A_B|FB142A|3,train,train,val
1JTG_A_B|YB143A|1,train,train,val
1JTG_A_B|RB144A|0,val,train,val
1JTG_A_B|HB148A|1,train,train,val
1JTG_A_B|WB150A|1,train,train,val
1JTG_A_B|RB160A|1,test,train,val
1JTG_A_B|WB162A|1,test,train,val
1C4Z_ABC_D|SD1A|0,train,train,train
1C4Z_ABC_D|RD2A|0,train,train,train
1C4Z_ABC_D|RD2E|0,train,train,train
1C4Z_ABC_D|RD3A|0,test,train,train
1C4Z_ABC_D|RD3E|0,train,train,train
1C4Z_ABC_D|KD6A|0,train,train,train
1C4Z_ABC_D|KD6E|0,val,train,train
1C4Z_ABC_D|ND28A|0,train,train,train
1C4Z_ABC_D|LD30A|0,train,train,train
1C4Z_ABC_D|RD49A|0,train,train,train
1C4Z_ABC_D|AD56G|0,train,train,train
1C4Z_ABC_D|ED57A|0,train,train,train
1C4Z_ABC_D|ED57R|0,val,train,train
1C4Z_ABC_D|PD59A|0,train,train,train
1C4Z_ABC_D|FD60A|0,val,train,train
1C4Z_ABC_D|KD61A|0,test,train,train
1C4Z_ABC_D|KD61E|0,train,train,train
1C4Z_ABC_D|ED90A|0,train,train,train
1C4Z_ABC_D|ED90R|0,val,train,train
1C4Z_ABC_D|WD92A|0,train,train,train
1C4Z_ABC_D|KD93A|0,test,train,train
1C4Z_ABC_D|KD93E|0,test,train,train
1C4Z_ABC_D|PD94A|0,train,train,train
1C4Z_ABC_D|AD95G|0,train,train,train
1C4Z_ABC_D|KD97A|0,train,train,train
1C4Z_ABC_D|KD97E|0,train,train,train
1C4Z_ABC_D|VA138A|0,val,train,train
1C4Z_ABC_D|LA139A|0,train,train,train
1C4Z_ABC_D|QA141A|0,test,train,train
1C4Z_ABC_D|SA142A|0,train,train,train
1C4Z_ABC_D|LA143A|0,train,train,train
1C4Z_ABC_D|DA145A|0,train,train,train
1C4Z_ABC_D|DA145K|0,val,train,train
1C4Z_ABC_D|LA146A|0,train,train,train
1C4Z_ABC_D|YA149A|0,train,train,train
1C4Z_ABC_D|DA156A|0,test,train,train
1C4Z_ABC_D|DA156R|0,val,train,train
1C4Z_ABC_D|MA157A|0,val,train,train
1C4Z_ABC_D|MA158A|0,train,train,train
1C4Z_ABC_D|IA159A|0,train,train,train
1C4Z_ABC_D|TA160A|0,train,train,train
1C4Z_ABC_D|IA163A|0,train,train,train
1C4Z_ABC_D|SA164A|0,train,train,train
1C4Z_ABC_D|TA166A|0,train,train,train
1C4Z_ABC_D|MA174A|0,train,train,train
1C4Z_ABC_D|FA194A|0,train,train,train
1C4Z_ABC_D|YA198L|0,train,train,train
1C4Z_ABC_D|CA324A|0,train,train,train
3VR6_ABCDEF_GH|LG28N|0,train,train,test
3VR6_ABCDEF_GH|LG29N|0,val,train,test
3VR6_ABCDEF_GH|RG134A|0,val,train,test
3VR6_ABCDEF_GH|RG135A|0,train,train,test
3VR6_ABCDEF_GH|AG138S|0,train,train,test
3VR6_ABCDEF_GH|LG139N|0,train,train,test
2BDN_HL_A|LH27R|0,train,val,train
2BDN_HL_A|LH27K|0,train,val,train
2BDN_HL_A|NH28D|0,test,val,train
2BDN_HL_A|NH28Q|0,train,val,train
2BDN_HL_A|DH31E|0,train,val,train
2BDN_HL_A|YL30K|0,train,val,train
2BDN_HL_A|NL31R|0,train,val,train
2BDN_HL_A|NL31K|0,train,val,train
2BDN_HL_A|SL53D|0,train,val,train
2BDN_HL_A|SL53E|0,train,val,train
2BDN_HL_A|TL56D|0,train,val,train
2BDN_HL_A|TL56E|0,train,val,train
1JTG_A_B|QA74A|1,train,train,val
1JTG_A_B|NA75A|1,train,train,val
1JTG_A_B|LA77A|0,train,train,val
1JTG_A_B|EA79A|3,val,train,val
1JTG_A_B|YA80A|1,val,train,val
1JTG_A_B|PA82A|1,train,train,val
1JTG_A_B|EA85A|1,train,train,val
1JTG_A_B|KA86A|0,train,train,val
1JTG_A_B|MA104A|1,train,train,val
1JTG_A_B|VA190A|1,train,train,val
1JTG_A_B|MA244A|0,val,train,val
1JTD_A_B|QA73A|0,train,train,val
1JTD_A_B|NA74A|0,train,train,val
1JTD_A_B|LA76A|0,train,train,val
1JTD_A_B|EA78A|0,train,train,val
1JTD_A_B|YA79A|0,train,train,val
1JTD_A_B|PA81A|0,train,train,val
1JTD_A_B|EA84A|0,train,train,val
1JTD_A_B|KA85A|0,test,train,val
1JTD_A_B|MA103A|0,train,train,val
1JTD_A_B|VA190A|0,train,train,val
1JTD_A_B|MA244A|0,test,train,val
2DVW_A_B|RB7A|0,train,test,val
2DVW_A_B|KB62E|0,val,test,val
2DVW_A_B|RA39A|0,train,test,val
2DVW_A_B|KA114A|0,val,test,val
2DVW_A_B|EA180A|0,train,test,val
3WWN_A_B|RA221E|0,train,test,val
3WWN_A_B|RA224E|0,test,test,val
3WWN_A_B|KA225E|0,train,test,val
3F1S_A_B|MA33A|0,val,test,val
3F1S_A_B|DA36A|0,test,test,val
3F1S_A_B|DA200A|0,test,test,val
3F1S_A_B|KA201A|0,test,test,val
3F1S_A_B|KA201C|0,test,test,val
3F1S_A_B|YA202A|0,train,test,val
3F1S_A_B|DA255A|0,train,test,val
3F1S_A_B|DA200A|1,train,test,val
3F1S_A_B|KA201A|1,train,test,val
3F1S_A_B|KA201C|1,train,test,val
1KNE_A_P|TP2K|0,train,test,val
1KNE_A_P|TP2I|0,train,test,val
1KNE_A_P|TP2F|0,train,test,val
1KNE_A_P|TP2L|0,train,test,val
1KNE_A_P|AA3F|0,train,test,val
1KNE_A_P|AA3K|0,train,test,val
1KNE_A_P|AA3L|0,test,test,val
1KNE_A_P|AA3T|0,train,test,val
1KNE_A_P|DA40F|0,train,test,val
1KNE_A_P|DA40I|0,train,test,val
1KNE_A_P|DA40K|0,train,test,val
1KNE_A_P|DA40T|0,train,test,val
1KNE_A_P|KA24A|0,test,test,val
4E6K_AB_G|YG2F|0,test,train,test
4E6K_AB_G|KG40A|0,train,train,test
4E6K_AB_G|LG5A|0,val,train,test
2DSQ_I_G|RI20A|0,train,train,train
2DSQ_I_G|RI35A|0,val,train,train
2DSQ_I_G|RI40A|0,test,train,train
2DSQ_I_G|RI41A|0,train,train,train
1WQJ_I_B|RI20A|0,train,val,val
1WQJ_I_B|RI49A|0,test,val,val
1WQJ_I_B|RI54A|0,train,val,val
1WQJ_I_B|RI55A|0,val,val,val
3W2D_A_HL|YA45F|0,train,test,train
3W2D_A_HL|YA45L|0,train,test,train
3W2D_A_HL|KA67R|0,train,test,train
3W2D_A_HL|KA67N|0,train,test,train
4BFI_A_B|LB29K|0,train,val,val
4BFI_A_B|NB43D|0,test,val,val
4BFI_A_B|NB43A|0,train,val,val
4BFI_A_B|LB91A|0,train,val,val
4BFI_A_B|NB93K|0,test,val,val
4BFI_A_B|FB95D|0,val,val,val
4BFI_A_B|FB95A|0,train,val,val
4BFI_A_B|KB99E|0,test,val,val
4BFI_A_B|QB6K|0,train,val,val
4BFI_A_B|SB17D|0,train,val,val
4BFI_A_B|QB26K|0,val,val,val
4EKD_A_B|CA147R|0,train,train,test
4GNK_A_B|KA294A|0,test,val,train
4GNK_A_B|LB764A|0,train,val,train
4GNK_A_B|TB540E|0,train,val,train
4HSA_AB_C|RA28V|0,train,test,test
4HSA_AB_C|WA40V|0,train,test,test
4HSA_AB_C|YA58I|0,val,test,test
4HSA_AB_C|HA59S|0,train,test,test
4J2L_A_CD|WC17A|0,train,train,train
4J2L_A_CD|LC20S|0,train,train,train
4J2L_A_CD|VA23A|0,train,train,train
4J2L_A_CD|SA34D|0,train,train,train
4J2L_A_CD|LA118E|0,test,train,train
4JEU_A_B|RA169A|0,train,val,val
4JEU_A_B|RA37C|0,val,val,val
4JEU_A_B|IB215A|0,train,val,val
4JEU_A_B|RB3A|0,train,val,val
4JEU_A_B|TB4A|0,train,val,val
4JEU_A_B|LB7A|0,train,val,val
4JGH_ABC_D|WD44A|0,train,test,val
4KRL_A_B|DB112A|0,val,val,train
4LRX_AB_CD|HA56N|0,val,train,test
4MYW_A_B|IB48A|0,train,val,test
3U82_A_B|IB45A|0,train,train,train
4NM8_ABCDEF_HL|IB18M|0,train,val,train
4NM8_ABCDEF_HL|DB19N|0,train,val,train
4NM8_ABCDEF_HL|RB25M|0,train,val,train
4NM8_ABCDEF_HL|TB32E|0,train,val,train
4NM8_ABCDEF_HL|TB32I|0,train,val,train
4NM8_ABCDEF_HL|TB32R|0,train,val,train
4NM8_ABCDEF_HL|QB34T|0,train,val,train
4NM8_ABCDEF_HL|QB34R|0,train,val,train
4NM8_ABCDEF_HL|LB38Y|0,train,val,train
4NZW_A_B|KA77A|0,train,test,train
4NZW_A_B|EB49A|0,train,test,train
4NZW_A_B|EB124A|0,train,test,train
4O27_A_B|YA215A|0,test,train,val
4O27_A_B|KA88A|0,train,train,val
4O27_A_B|EB42A|0,train,train,val
4O27_A_B|EB122A|0,train,train,val
4OFY_A_D|QA34A|0,train,test,test
4OFY_A_D|MA36A|0,train,test,test
4OFY_A_D|DA38A|0,train,test,test
4OFY_A_D|FA40A|0,train,test,test
4OFY_A_D|QA85A|0,val,test,test
4OFY_A_D|SA87A|0,train,test,test
4OFY_A_D|EA88A|0,val,test,test
4OFY_A_D|QD34A|0,train,test,test
4OFY_A_D|LD42A|0,val,test,test
4OFY_A_D|QD86A|0,val,test,test
4OFY_A_D|RD96A|0,val,test,test
4OZG_ABJ_GH|NG29A|0,train,val,train
4OZG_ABJ_GH|LG50A|0,train,val,train
4OZG_ABJ_GH|YH46F|0,test,val,train
4OZG_ABJ_GH|QH48A|0,train,val,train
4OZG_ABJ_GH|NH50A|0,train,val,train
4OZG_ABJ_GH|FH94A|0,train,val,train
4OZG_ABJ_GH|FH96A|0,train,val,train
4OZG_ABJ_GH|DH98A|0,train,val,train
4OZG_ABJ_GH|YH101F|0,train,val,train
4P5T_CD_AB|KC40A|0,train,test,train
4P5T_CD_AB|DC56A|0,test,test,train
4P5T_CD_AB|QC58A|0,train,test,train
4P5T_CD_AB|LC61A|0,train,test,train
4P5T_CD_AB|QC62A|0,train,test,train
4P5T_CD_AB|NC63A|0,train,test,train
4P5T_CD_AB|VC66A|0,test,test,train
4P5T_CD_AB|KC68A|0,train,test,train
4P5T_CD_AB|HC69A|0,test,test,train
4P5T_CD_AB|VC73A|0,test,test,train
4P5T_CD_AB|KC76A|0,train,test,train
4P5T_CD_AB|FD1A|0,train,test,train
4P5T_CD_AB|ED2A|0,train,test,train
4P5T_CD_AB|QD4A|0,train,test,train
4P5T_CD_AB|KD5A|0,train,test,train
4P5T_CD_AB|KD7A|0,train,test,train
4P5T_CD_AB|ND9A|0,train,test,train
4P5T_CD_AB|KD10A|0,train,test,train
4P5T_CD_AB|VD12A|0,train,test,train
4P5T_CD_AB|DD13A|0,train,test,train
4P5T_CD_AB|ED67A|0,train,test,train
4P5T_CD_AB|YD68A|0,train,test,train
4P5T_CD_AB|SD71A|0,test,test,train
4P5T_CD_AB|QD72A|0,train,test,train
4P5T_CD_AB|PD73A|0,train,test,train
4P5T_CD_AB|ED74A|0,test,test,train
4P5T_CD_AB|ID75A|0,test,test,train
4P5T_CD_AB|ED77A|0,train,test,train
4P5T_CD_AB|RD78A|0,test,test,train
4P5T_CD_AB|RD80A|0,val,test,train
4P5T_CD_AB|DD84A|0,train,test,train
4P5T_CD_AB|TD85A|0,test,test,train
4P5T_CD_AB|RD88A|0,train,test,train
4P5T_CD_AB|HD89A|0,val,test,train
4P5T_CD_AB|ED92A|0,train,test,train
4P23_CD_AB|KC40A|0,train,train,train
4P23_CD_AB|DC56A|0,train,train,train
4P23_CD_AB|QC58A|0,test,train,train
4P23_CD_AB|LC61A|0,train,train,train
4P23_CD_AB|QC62A|0,train,train,train
4P23_CD_AB|NC63A|0,train,train,train
4P23_CD_AB|VC66A|0,train,train,train
4P23_CD_AB|KC68A|0,train,train,train
4P23_CD_AB|HC69A|0,train,train,train
4P23_CD_AB|VC73A|0,train,train,train
4P23_CD_AB|KC76A|0,train,train,train
4P23_CD_AB|FD1A|0,test,train,train
4P23_CD_AB|ED2A|0,test,train,train
4P23_CD_AB|QD4A|0,train,train,train
4P23_CD_AB|KD5A|0,train,train,train
4P23_CD_AB|KD7A|0,test,train,train
4P23_CD_AB|ND9A|0,test,train,train
4P23_CD_AB|KD10A|0,train,train,train
4P23_CD_AB|VD12A|0,train,train,train
4P23_CD_AB|DD13A|0,test,train,train
4P23_CD_AB|ED68A|0,train,train,train
4P23_CD_AB|YD69A|0,val,train,train
4P23_CD_AB|SD72A|0,test,train,train
4P23_CD_AB|QD73A|0,train,train,train
4P23_CD_AB|PD74A|0,test,train,train
4P23_CD_AB|ED75A|0,train,train,train
4P23_CD_AB|ID76A|0,train,train,train
4P23_CD_AB|ED78A|0,val,train,train
4P23_CD_AB|RD79A|0,train,train,train
4P23_CD_AB|RD81A|0,val,train,train
4P23_CD_AB|DD85A|0,train,train,train
4P23_CD_AB|TD86A|0,train,train,train
4P23_CD_AB|RD89A|0,train,train,train
4P23_CD_AB|HD90A|0,val,train,train
4P23_CD_AB|ED93A|0,train,train,train
3C60_CD_AB|KC40A|0,test,val,train
3C60_CD_AB|DC56A|0,train,val,train
3C60_CD_AB|QC58A|0,val,val,train
3C60_CD_AB|LC61A|0,train,val,train
3C60_CD_AB|QC62A|0,val,val,train
3C60_CD_AB|NC63A|0,val,val,train
3C60_CD_AB|VC66A|0,train,val,train
3C60_CD_AB|KC68A|0,train,val,train
3C60_CD_AB|HC69A|0,train,val,train
3C60_CD_AB|VC73A|0,test,val,train
3C60_CD_AB|KC76A|0,val,val,train
3C60_CD_AB|FD1A|0,train,val,train
3C60_CD_AB|ED2A|0,test,val,train
3C60_CD_AB|QD4A|0,val,val,train
3C60_CD_AB|KD5A|0,val,val,train
3C60_CD_AB|KD7A|0,val,val,train
3C60_CD_AB|ND9A|0,train,val,train
3C60_CD_AB|KD10A|0,val,val,train
3C60_CD_AB|VD12A|0,train,val,train
3C60_CD_AB|DD13A|0,train,val,train
3C60_CD_AB|ED69A|0,train,val,train
3C60_CD_AB|YD70A|0,train,val,train
3C60_CD_AB|SD73A|0,train,val,train
3C60_CD_AB|QD74A|0,train,val,train
3C60_CD_AB|PD75A|0,train,val,train
3C60_CD_AB|ED76A|0,train,val,train
3C60_CD_AB|ID77A|0,train,val,train
3C60_CD_AB|ED79A|0,train,val,train
3C60_CD_AB|RD80A|0,train,val,train
3C60_CD_AB|RD82A|0,train,val,train
3C60_CD_AB|DD86A|0,train,val,train
3C60_CD_AB|TD87A|0,test,val,train
3C60_CD_AB|RD90A|0,train,val,train
3C60_CD_AB|HD91A|0,train,val,train
3C60_CD_AB|ED94A|0,train,val,train
4PWX_AB_CD|QA205A|0,train,train,train
4PWX_AB_CD|EA206A|0,test,train,train
4PWX_AB_CD|DA250A|0,train,train,train
4PWX_AB_CD|KB65A|0,train,train,train
4PWX_AB_CD|KB65D|0,val,train,train
4PWX_AB_CD|KB68A|0,train,train,train
4PWX_AB_CD|KB68D|0,val,train,train
4PWX_AB_CD|RB71A|0,train,train,train
4PWX_AB_CD|KC1A|0,train,train,train
4PWX_AB_CD|KC9A|0,val,train,train
4PWX_AB_CD|YC15A|0,test,train,train
4PWX_AB_CD|YC16A|0,train,train,train
4PWX_AB_CD|EC17A|0,test,train,train
4PWX_AB_CD|HC19A|0,train,train,train
4PWX_AB_CD|QC20A|0,train,train,train
4PWX_AB_CD|RC31A|0,train,train,train
4PWX_AB_CD|DC60K|0,test,train,train
4PWX_AB_CD|EC67K|0,train,train,train
2C5D_A_C|GC6S|0,train,test,train
2C5D_A_C|DC61G|0,train,test,train
2C5D_A_C|VC66A|0,val,test,train
2C5D_A_C|GC101R|0,train,test,train
4RA0_A_C|AC66V|0,train,val,train
4RA0_A_C|RC101G|0,val,val,train
4U6H_AB_E|NE21A|0,test,val,train
4U6H_AB_E|QE25A|0,train,val,train
4X4M_AB_E|KE153A|0,train,test,test
4X4M_AB_E|HE154A|0,train,test,test
4X4M_AB_E|RE155A|0,val,test,test
4X4M_AB_E|KE153E|0,train,test,test
4X4M_AB_E|HE154E|0,val,test,test
4X4M_AB_E|RE155E|0,train,test,test
4Y61_A_B|YA246A|0,train,test,train
4Y61_A_B|RB86A|0,train,test,train
4YEB_A_B|DA133A|0,train,train,train
4YEB_A_B|AA114S|0,train,train,train
4YEB_A_B|RB88T|0,train,train,train
4YEB_A_B|FB131A|0,train,train,train
4YFD_A_B|RA48A|0,train,test,train
4YFD_A_B|RA169A|0,train,test,train
4YFD_A_B|EA259A|0,test,test,train
4YFD_A_B|WB4A|0,val,test,train
4YFD_A_B|DB7A|0,val,test,train
4YFD_A_B|KB71A|0,train,test,train
4YH7_A_B|RA48A|0,train,test,test
4YH7_A_B|RA169A|0,val,test,test
4YH7_A_B|YA246A|0,val,test,test
4YH7_A_B|DB7A|0,test,test,test
4YH7_A_B|DB258A|0,train,test,test
4ZS6_HL_A|YA160A|0,train,val,train
4ZS6_HL_A|EA156A|0,train,val,train
5C6T_HL_A|YA182A|0,train,val,train
5C6T_HL_A|NA183A|0,test,val,train
5C6T_HL_A|TA185A|0,train,val,train
5C6T_HL_A|NA186A|0,train,val,train
5C6T_HL_A|NA188A|0,train,val,train
5C6T_HL_A|FA192A|0,train,val,train
5C6T_HL_A|EA194A|0,val,val,train
5C6T_HL_A|FA199A|0,train,val,train
5C6T_HL_A|FA200A|0,train,val,train
5C6T_HL_A|IA201A|0,train,val,train
5C6T_HL_A|RH31S|0,test,val,train
5C6T_HL_A|SH32A|0,val,val,train
5C6T_HL_A|NH97A|0,train,val,train
5C6T_HL_A|YH98A|0,train,val,train
5C6T_HL_A|FH99A|0,train,val,train
5C6T_HL_A|YH104A|0,train,val,train
5C6T_HL_A|YL47A|0,train,val,train
5C6T_HL_A|RL48A|0,train,val,train
5CXB_A_B|EB49D|0,val,val,val
5CXB_A_B|TB52Q|0,train,val,val
5CXB_A_B|RB54A|0,train,val,val
5CXB_A_B|RB54E|0,val,val,val
5CXB_A_B|VB56W|0,train,val,val
5CYK_A_B|EB52R|0,train,val,val
5CYK_A_B|EB52A|0,test,val,val
4RS1_A_B|NB150A|0,train,test,train
4RS1_A_B|YB151A|0,train,test,train
4RS1_A_B|YB151F|0,val,test,train
4RS1_A_B|TB172A|0,train,test,train
4RS1_A_B|KB174A|0,train,test,train
4RS1_A_B|IB175A|0,train,test,train
4RS1_A_B|EB176A|0,train,test,train
4RS1_A_B|QB202A|0,train,test,train
4RS1_A_B|KB203A|0,train,test,train
4RS1_A_B|LB204A|0,train,test,train
4RS1_A_B|SB205A|0,train,test,train
4RS1_A_B|EA25A|0,test,test,train
4RS1_A_B|EA25K|0,train,test,train
4RS1_A_B|DA28A|0,train,test,train
4RS1_A_B|DA28K|0,train,test,train
4RS1_A_B|QA79A|0,val,test,train
4RS1_A_B|QA79E|0,train,test,train
4RS1_A_B|DA92A|0,train,test,train
4RS1_A_B|DA92K|0,train,test,train
4RS1_A_B|LA95A|0,val,test,train
4RS1_A_B|FA99A|0,val,test,train
4NKQ_C_AB|RB80A|0,train,train,test
4NKQ_C_AB|RB80D|0,train,train,test
4NKQ_C_AB|NB81A|0,train,train,test
4NKQ_C_AB|YB82A|0,train,train,test
4NKQ_C_AB|YB82F|0,train,train,test
4NKQ_C_AB|DB87A|0,train,train,test
4NKQ_C_AB|DB87R|0,val,train,test
4NKQ_C_AB|TB88A|0,test,train,test
4NKQ_C_AB|KB89A|0,train,train,test
4NKQ_C_AB|KB89D|0,train,train,test
4NKQ_C_AB|KB90A|0,train,train,test
4NKQ_C_AB|KB90D|0,test,train,test
4NKQ_C_AB|IB91A|0,train,train,test
4NKQ_C_AB|EB92A|0,train,train,test
4NKQ_C_AB|QB120A|0,val,train,test
4NKQ_C_AB|KB121A|0,train,train,test
4NKQ_C_AB|LB122A|0,train,train,test
4NKQ_C_AB|SB123A|0,train,train,test
4NKQ_C_AB|DB126A|0,train,train,test
4NKQ_C_AB|DB176A|0,train,train,test
4NKQ_C_AB|DB176E|0,val,train,test
4NKQ_C_AB|RB178A|0,train,train,test
4NKQ_C_AB|RB178D|0,train,train,test
4NKQ_C_AB|DC99K|0,train,train,test
4RS1_A_B|EA88A|0,train,test,train
4RS1_A_B|EA88Q|0,train,test,train
4RS1_A_B|EA88K|0,train,test,train
4RS1_A_B|NA89D|0,train,test,train
4RS1_A_B|NA89A|0,test,test,train
4RS1_A_B|NA89K|0,val,test,train
4RS1_A_B|KA91A|0,train,test,train
4RS1_A_B|KA91Q|0,train,test,train
4RS1_A_B|KA91E|0,train,test,train
4RS1_A_B|DA92N|0,test,test,train
4RS1_A_B|DA92A|1,train,test,train
4RS1_A_B|DA92R|0,val,test,train
4RS1_A_B|DA92K|1,train,test,train
4NKQ_C_AB|RB178M|0,train,train,test
4NKQ_C_AB|DB176A|1,train,train,test
4NKQ_C_AB|DB176N|0,val,train,test
4NKQ_C_AB|RB156Q|0,train,train,test
4NKQ_C_AB|RB178M|1,test,train,test
4NKQ_C_AB|DB176A|2,train,train,test
4NKQ_C_AB|DB176N|1,train,train,test
4NKQ_C_AB|RB156Q|1,test,train,test
4RS1_A_B|IA6G|0,test,test,train
4RS1_A_B|EA8R|0,train,test,train
4RS1_A_B|RA10D|0,train,test,train
4RS1_A_B|RA11D|0,val,test,train
4NKQ_C_AB|NC4E|0,train,train,test
4NKQ_C_AB|IC6G|0,train,train,test
4NKQ_C_AB|EC8R|0,train,train,test
4NKQ_C_AB|RC10D|0,val,train,test
4NKQ_C_AB|RC11D|0,test,train,test
4NKQ_C_AB|NC14D|0,train,train,test
4NKQ_C_AB|LC15D|0,train,train,test
5E6P_A_B|IB22A|0,train,val,train
5E6P_A_B|LB24A|0,val,val,train
5E6P_A_B|RB42A|0,train,val,train
5E6P_A_B|RB42E|0,test,val,train
5E6P_A_B|YA468A|0,train,val,train
5E6P_A_B|AA494E|0,train,val,train
5E6P_A_B|AA495E|0,train,val,train
1U7F_B_AC|RB65A|0,train,train,val
1U7F_B_AC|DB140A|0,train,train,val
2REX_A_B|LA70Y|0,train,train,test
2REX_A_B|YB97F|0,train,train,test
3Q3J_A_B|YB100F|0,train,train,train
3NVQ_B_A|RA157E|0,train,val,test
3NVQ_B_A|RA159E|0,test,val,test
3NVN_B_A|RA193E|0,train,train,test
3NVN_B_A|RB186S|0,train,train,test
1JTG_A_B|FB36A|2,train,train,val
1JTG_A_B|FB36A|3,train,train,val
1JTG_A_B|FB36A|4,test,train,val
1JTG_A_B|HB41A|2,train,train,val
1JTG_A_B|HB41A|3,train,train,val
1JTG_A_B|HB41A|4,train,train,val
1JTG_A_B|DB49A|5,train,train,val
1JTG_A_B|DB49A|6,val,train,val
1JTG_A_B|DB49A|7,test,train,val
1JTG_A_B|YB53A|2,train,train,val
1JTG_A_B|YB53A|3,train,train,val
1JTG_A_B|YB53A|4,train,train,val
1JTG_A_B|KB74A|3,test,train,val
1JTG_A_B|KB74A|4,train,train,val
1JTG_A_B|KB74A|5,val,train,val
1JTG_A_B|WB112A|2,train,train,val
1JTG_A_B|WB112A|3,train,train,val
1JTG_A_B|WB112A|4,train,train,val
1JTG_A_B|FB142A|4,train,train,val
1JTG_A_B|FB142A|5,train,train,val
1JTG_A_B|FB142A|6,train,train,val
1JTG_A_B|HB148A|2,test,train,val
1JTG_A_B|HB148A|3,train,train,val
1JTG_A_B|HB148A|4,test,train,val
1JTG_A_B|WB150A|2,train,train,val
1JTG_A_B|WB150A|3,train,train,val
1JTG_A_B|WB150A|4,train,train,val
1JTG_A_B|RB160A|2,train,train,val
1JTG_A_B|RB160A|3,train,train,val
1JTG_A_B|RB160A|4,train,train,val
1JTG_A_B|SB39A|1,train,train,val
1JTG_A_B|GB48A|1,train,train,val
1JTG_A_B|GB48A|2,train,train,val
1JTG_A_B|YB50A|2,train,train,val
1JTG_A_B|YB50A|3,train,train,val
1JTG_A_B|YB51A|1,train,train,val
1JTG_A_B|YB51A|2,train,train,val
1JTG_A_B|YB51A|3,test,train,val
1JTG_A_B|SB71A|2,val,train,val
1JTG_A_B|EB73A|1,train,train,val
1JTG_A_B|SB113A|2,train,train,val
1JTG_A_B|GB141A|1,val,train,val
1JTG_A_B|YB143A|2,train,train,val
1JTG_A_B|YB143A|3,train,train,val
1JTG_A_B|RB144A|1,train,train,val
1LFD_A_B|IA5A|0,val,train,test
1LFD_A_B|RA7A|2,train,train,test
1LFD_A_B|NA14A|0,train,train,test
1LFD_A_B|NA16A|0,train,train,test
1LFD_A_B|YA18F|0,train,train,test
1LFD_A_B|KA19A|2,val,train,test
1LFD_A_B|SA20A|0,train,train,test
1LFD_A_B|KA35A|2,val,train,test
1LFD_A_B|DA38A|2,train,train,test
1LFD_A_B|KA39A|2,train,train,test
1LFD_A_B|HA40A|0,test,train,test
1LFD_A_B|EA44A|2,val,train,test
1LFD_A_B|QB25A|0,test,train,test
1LFD_A_B|DB33A|0,train,train,test
1LFD_A_B|SB39A|0,train,train,test
1LFD_A_B|YB40F|0,val,train,test
1LFD_A_B|RB41A|0,train,train,test
1LFD_A_B|IA5A|1,train,train,test
1LFD_A_B|RA7A|3,val,train,test
1LFD_A_B|NA14A|1,train,train,test
1LFD_A_B|NA16A|1,train,train,test
1LFD_A_B|YA18F|1,train,train,test
1LFD_A_B|YA18A|0,train,train,test
1LFD_A_B|KA19A|3,train,train,test
1LFD_A_B|SA20A|1,test,train,test
1LFD_A_B|KA35A|3,val,train,test
1LFD_A_B|DA38A|3,train,train,test
1LFD_A_B|KA39A|3,val,train,test
1LFD_A_B|HA40A|1,test,train,test
1LFD_A_B|EA44A|3,train,train,test
1LFD_A_B|VB29A|0,train,train,test
1LFD_A_B|EB37A|0,train,train,test
1LFD_A_B|DB38A|0,train,train,test
1LFD_A_B|SB39A|1,train,train,test
1LFD_A_B|YB40F|1,train,train,test
1LFD_A_B|YB40A|0,val,train,test
1LFD_A_B|RB41A|1,test,train,test
1LFD_A_B|EB62A|0,test,train,test
1LFD_A_B|EB63A|0,train,train,test
4G0N_A_B|RB6A|0,test,train,test
4G0N_A_B|NB11A|0,test,train,test
4G0N_A_B|QB13A|0,train,train,test
4G0N_A_B|RB14A|0,train,train,test
4G0N_A_B|TB15A|0,train,train,test
4G0N_A_B|VB16A|0,train,train,test
4G0N_A_B|KB31A|0,val,train,test
4G0N_A_B|VB35A|0,train,train,test
4G0N_A_B|IA21A|0,train,train,test
4G0N_A_B|HA27A|0,train,train,test
4G0N_A_B|EA31A|0,val,train,test
4G0N_A_B|DA33A|0,train,train,test
4G0N_A_B|IA36A|0,test,train,test
4G0N_A_B|EA37A|0,train,train,test
4G0N_A_B|DA38A|0,train,train,test
4G0N_A_B|SA39A|0,val,train,test
4G0N_A_B|RA41A|0,train,train,test
4G0N_A_B|VA45A|0,val,train,test
1GUA_A_B|RB4A|0,train,test,train
1GUA_A_B|NB9A|0,val,test,train
1GUA_A_B|KB10A|0,train,test,train
1GUA_A_B|QB11A|0,train,test,train
1GUA_A_B|TB13A|0,val,test,train
1GUA_A_B|VB14A|0,train,test,train
1GUA_A_B|KB29A|0,train,test,train
1GUA_A_B|KB32A|0,test,test,train
1GUA_A_B|VB33A|0,train,test,train
1GUA_A_B|EA37A|0,train,test,train
1GUA_A_B|SA39A|0,train,test,train
1K8R_A_B|QB11A|0,train,train,val
1K8R_A_B|RB13A|0,val,train,val
1K8R_A_B|KB23A|0,test,train,val
1K8R_A_B|KB31A|0,train,train,val
1K8R_A_B|RB76A|0,train,train,val
1K8R_A_B|RB77A|0,train,train,val
1K8R_A_B|EA31K|0,train,train,val
1K8R_A_B|DA33A|0,train,train,val
1K8R_A_B|EA37A|0,train,train,val
1K8R_A_B|DA38A|0,train,train,val
1K8R_A_B|DA38E|0,train,train,val
1K8R_A_B|DA38N|0,train,train,val
1K8R_A_B|SA39A|0,train,train,val
1K8R_A_B|YA40C|0,train,train,val
1K8R_A_B|YA40F|0,train,train,val
1K8R_A_B|RA41A|0,train,train,val
1K8R_A_B|DA57A|0,train,train,val
1K8R_A_B|EA62A|0,test,train,val
1K8R_A_B|EA63A|0,test,train,val
4G0N_A_B|FB8W|0,train,train,test
4G0N_A_B|VB35I|0,train,train,test
4G0N_A_B|NB18R|0,test,train,test
4G0N_A_B|AB32K|0,val,train,test
3KUD_A_B|KB30A|0,train,train,test
3KUD_A_B|NB16R|0,train,train,test
4G0N_A_B|TA35A|0,train,train,test
3KUD_A_B|TA35A|0,train,train,test
1GUA_A_B|DA30E|0,train,test,train
1C1Y_A_B|KA31E|0,train,test,train
1C1Y_A_B|KB11M|0,train,test,train
1C1Y_A_B|NB10A|0,train,test,train
1C1Y_A_B|NB10D|0,train,test,train
1C1Y_A_B|VB15A|0,train,test,train
1C1Y_A_B|KB11A|0,train,test,train
1C1Y_A_B|KB11E|0,train,test,train
1C1Y_A_B|TB14A|0,train,test,train
1C1Y_A_B|RB13A|0,train,test,train
1C1Y_A_B|RB5A|0,train,test,train
1C1Y_A_B|QB12A|0,train,test,train
1C1Y_A_B|KB30A|0,val,test,train
1C1Y_A_B|KB30E|0,test,test,train
4G0N_A_B|KB12M|0,train,train,test
4G0N_A_B|NB11A|1,train,train,test
4G0N_A_B|NB11D|0,test,train,test
4G0N_A_B|VB16A|1,train,train,test
4G0N_A_B|KB12A|0,train,train,test
4G0N_A_B|KB12E|0,train,train,test
4G0N_A_B|TB15A|1,train,train,test
4G0N_A_B|RB14A|1,train,train,test
4G0N_A_B|RB6A|1,train,train,test
4G0N_A_B|QB13A|1,train,train,test
4G0N_A_B|KB31A|1,train,train,test
4G0N_A_B|KB31E|0,val,train,test
4G0N_A_B|EA31A|1,train,train,test
4G0N_A_B|DA33A|1,train,train,test
4G0N_A_B|RA41A|1,test,train,test
4G0N_A_B|RB6A|2,val,train,test
4G0N_A_B|NB11A|2,train,train,test
4G0N_A_B|RB14A|2,val,train,test
4G0N_A_B|VB16A|2,train,train,test
4G0N_A_B|KB31A|2,train,train,test
4G0N_A_B|VB35A|1,train,train,test
4G0N_A_B|TA35S|0,train,train,test
4G0N_A_B|TA35A|1,train,train,test
4G0N_A_B|DA38A|1,test,train,test
1LFD_A_B|YB32W|0,test,train,test
1FFW_A_B|AA102V|0,train,test,test
1FFW_A_B|YA50C|0,train,test,test
3EQS_A_B|TB1A|0,train,train,train
3EQS_A_B|SB2A|0,train,train,train
3EQS_A_B|FB3A|0,val,train,train
3EQS_A_B|EB5A|0,test,train,train
3EQS_A_B|YB6A|0,train,train,train
3EQS_A_B|WB7A|0,train,train,train
3EQS_A_B|NB8A|0,train,train,train
3EQS_A_B|LB9A|0,train,train,train
3EQS_A_B|LB10A|0,train,train,train
3EQS_A_B|SB11A|0,train,train,train
3LNZ_A_B|AB8N|0,train,test,train
3EQY_A_C|TC1A|0,train,train,val
3EQY_A_C|SC2A|0,train,train,val
3EQY_A_C|FC3A|0,train,train,val
3EQY_A_C|EC5A|0,train,train,val
3EQY_A_C|YC6A|0,train,train,val
3EQY_A_C|WC7A|0,val,train,val
3EQY_A_C|NC8A|0,test,train,val
3EQY_A_C|LC9A|0,train,train,val
3EQY_A_C|LC10A|0,val,train,val
3EQY_A_C|SC11A|0,val,train,val
3EQY_A_C|PC12A|0,test,train,val
3NGB_HL_G|IH30A|0,train,val,train
3NGB_HL_G|TH33A|0,val,val,train
3NGB_HL_G|WH47A|0,test,val,train
3NGB_HL_G|WH50A|0,train,val,train
3NGB_HL_G|KH52A|0,train,val,train
3NGB_HL_G|RH54A|0,train,val,train
3NGB_HL_G|GH55A|0,train,val,train
3NGB_HL_G|GH56A|0,val,val,train
3NGB_HL_G|VH58A|0,train,val,train
3NGB_HL_G|NH59A|0,val,val,train
3NGB_HL_G|YH60A|0,train,val,train
3NGB_HL_G|RH62A|0,train,val,train
3NGB_HL_G|PH63A|0,train,val,train
3NGB_HL_G|QH65A|0,train,val,train
3NGB_HL_G|MH70A|0,train,val,train
3NGB_HL_G|RH72A|0,train,val,train
3NGB_HL_G|VH74A|0,train,val,train
3NGB_HL_G|YH75A|0,train,val,train
3NGB_HL_G|DH103A|0,train,val,train
3NGB_HL_G|YH104A|0,test,val,train
3NGB_HL_G|NH105A|0,train,val,train
3NGB_HL_G|WH106A|0,val,val,train
3NGB_HL_G|VL1A|0,train,val,train
3NGB_HL_G|QL25A|0,val,val,train
3NGB_HL_G|YL26A|0,test,val,train
3NGB_HL_G|SL28A|0,train,val,train
3NGB_HL_G|YL87A|0,train,val,train
3NGB_HL_G|EL88A|0,test,val,train
3NGB_HL_G|FL89A|0,train,val,train
3SE8_HL_G|RH30A|0,test,test,train
3SE8_HL_G|WH47A|0,train,test,train
3SE8_HL_G|WH50A|0,train,test,train
3SE8_HL_G|KH52A|0,test,test,train
3SE8_HL_G|LH54A|0,train,test,train
3SE8_HL_G|WH55A|0,train,test,train
3SE8_HL_G|GH56A|0,train,test,train
3SE8_HL_G|VH58A|0,train,test,train
3SE8_HL_G|SH59A|0,train,test,train
3SE8_HL_G|YH60A|0,train,test,train
3SE8_HL_G|RH62A|0,train,test,train
3SE8_HL_G|QH63A|0,train,test,train
3SE8_HL_G|QH65A|0,train,test,train
3SE8_HL_G|RH72A|0,train,test,train
3SE8_HL_G|QH76A|0,test,test,train
3SE8_HL_G|PH78A|0,train,test,train
3SE8_HL_G|PH81A|0,train,test,train
3SE8_HL_G|DH110A|0,val,test,train
3SE8_HL_G|YH111A|0,train,test,train
3SE8_HL_G|DH114A|0,test,test,train
3SE8_HL_G|FH115A|0,train,test,train
3SE8_HL_G|EL1A|0,test,test,train
3SE8_HL_G|QL27A|0,val,test,train
3SE8_HL_G|NL30A|0,train,test,train
3SE8_HL_G|DL49A|0,train,test,train
3SE8_HL_G|FL90A|0,test,test,train
3SE8_HL_G|EL91A|0,train,test,train
3SE8_HL_G|FL92A|0,train,test,train
3SE9_HL_G|LH34A|0,train,test,train
3SE9_HL_G|WH48A|0,val,test,train
3SE9_HL_G|WH51A|0,train,test,train
3SE9_HL_G|VH55A|0,train,test,train
3SE9_HL_G|TH56A|0,test,test,train
3SE9_HL_G|GH57A|0,test,test,train
3SE9_HL_G|VH59A|0,train,test,train
3SE9_HL_G|NH60A|0,train,test,train
3SE9_HL_G|GH62A|0,train,test,train
3SE9_HL_G|PH64A|0,test,test,train
3SE9_HL_G|RH67A|0,train,test,train
3SE9_HL_G|RH74A|0,train,test,train
3SE9_HL_G|RH76A|0,train,test,train
3SE9_HL_G|DH77A|0,train,test,train
3SE9_HL_G|YH104A|0,val,test,train
3SE9_HL_G|TH105A|0,train,test,train
3SE9_HL_G|GH106A|0,val,test,train
3SE9_HL_G|GH107A|0,val,test,train
3SE9_HL_G|GH109A|0,train,test,train
3SE9_HL_G|VL3A|0,train,test,train
3SE9_HL_G|YL28A|0,train,test,train
3SE9_HL_G|GL29A|0,train,test,train
3SE9_HL_G|LL89A|0,train,test,train
3SE9_HL_G|EL90A|0,train,test,train
3SE9_HL_G|FL91A|0,train,test,train
1JTD_A_B|NB12A|0,train,train,val
1JTD_A_B|DB14A|0,train,train,val
1JTD_A_B|WB15A|0,test,train,val
1JTD_A_B|TB19A|0,train,train,val
1JTD_A_B|YB35A|0,train,train,val
1JTD_A_B|FB36A|0,train,train,val
1JTD_A_B|LB53A|0,test,train,val
1JTD_A_B|NB74A|0,val,train,val
1JTD_A_B|YB75A|0,train,train,val
1JTD_A_B|DB93A|0,val,train,val
1JTD_A_B|WB114A|0,test,train,val
1JTD_A_B|DB129A|0,val,train,val
1JTD_A_B|SB131A|0,train,train,val
1JTD_A_B|DB132A|0,train,train,val
1JTD_A_B|YB153A|0,test,train,val
1JTD_A_B|DB168A|0,val,train,val
1JTD_A_B|YB170A|0,train,train,val
1JTD_A_B|FB171A|0,test,train,val
1JTD_A_B|IB191A|0,val,train,val
1JTD_A_B|FB192A|0,train,train,val
1JTD_A_B|YB210A|0,val,train,val
1JTD_A_B|EB230A|0,test,train,val
1JTD_A_B|WB231A|0,train,train,val
1JTD_A_B|RB248A|0,train,train,val
1JTD_A_B|NB266A|0,train,train,val
3QHY_A_B|NB10A|0,train,val,val
3QHY_A_B|DB12A|0,train,val,val
3QHY_A_B|WB13A|0,train,val,val
3QHY_A_B|TB17A|0,val,val,val
3QHY_A_B|YB33A|0,train,val,val
3QHY_A_B|FB34A|0,train,val,val
3QHY_A_B|LB51A|0,train,val,val
3QHY_A_B|NB72A|0,test,val,val
3QHY_A_B|YB73A|0,train,val,val
3QHY_A_B|DB91A|0,train,val,val
3QHY_A_B|WB112A|0,train,val,val
3QHY_A_B|DB127A|0,train,val,val
3QHY_A_B|SB129A|0,train,val,val
3QHY_A_B|DB130A|0,train,val,val
3QHY_A_B|YB151A|0,train,val,val
3QHY_A_B|DB166A|0,train,val,val
3QHY_A_B|YB168A|0,val,val,val
3QHY_A_B|FB169A|0,train,val,val
3QHY_A_B|IB189A|0,train,val,val
3QHY_A_B|FB190A|0,train,val,val
3QHY_A_B|YB208A|0,val,val,val
3QHY_A_B|EB228A|0,train,val,val
3QHY_A_B|WB229A|0,train,val,val
3QHY_A_B|RB246A|0,train,val,val
3QHY_A_B|NB264A|0,train,val,val
5K39_A_B|MB108A|0,train,train,val
5K39_A_B|MB112A|0,val,train,val
5K39_A_B|SB115A|0,val,train,val
5K39_A_B|FB142A|0,train,train,val
5K39_A_B|IB148A|0,train,train,val
5M2O_A_B|IB17A|0,train,val,train
5M2O_A_B|SB18A|0,val,val,train
5M2O_A_B|VB21A|0,test,val,train
5M2O_A_B|QB25A|0,train,val,train
5M2O_A_B|KB32A|0,train,val,train
5M2O_A_B|QB61A|0,test,val,train
5M2O_A_B|LB65A|0,train,val,train
5M2O_A_B|NA64A|0,train,val,train
5M2O_A_B|NA71A|0,train,val,train
5M2O_A_B|KA73A|0,train,val,train
5M2O_A_B|LA75A|0,val,val,train
5M2O_A_B|EA80A|0,train,val,train
5M2O_A_B|HA117A|0,train,val,train
5M2O_A_B|NA120A|0,train,val,train
1YCS_A_B|RA177H|0,train,test,train
3EG5_A_B|HA104F|0,train,train,test
5XCO_A_B|DA13C|0,train,test,test
5XCO_A_B|DA13G|0,train,test,test
5XCO_A_B|PB6A|0,train,test,test
5XCO_A_B|LB7A|0,train,test,test
5XCO_A_B|YB8A|0,train,test,test
5XCO_A_B|SB10A|0,val,test,test
5XCO_A_B|YB11A|0,train,test,test
5XCO_A_B|PB13A|0,train,test,test
5XCO_A_B|VB14A|0,train,test,test
5UFE_A_B|GA12D|0,train,train,test
5UFE_A_B|GA12D|1,train,train,test
5UFE_A_B|GA12C|0,test,train,test
5UFE_A_B|GA12V|0,train,train,test
5UFQ_A_C|DA12G|0,val,val,test
5UFQ_A_C|DA12G|1,train,val,test
5UFQ_A_C|DA12C|0,train,val,test
5UFQ_A_C|DA12V|0,train,val,test
5UFE_A_B|QB25R|0,val,train,test
5UFE_A_B|GA12D|2,train,train,test
5UFQ_A_C|DA12G|2,test,val,test
5TAR_A_B|FB13A|0,train,train,test
5TAR_A_B|MB18A|0,test,train,test
5TAR_A_B|WB30A|0,train,train,test
5TAR_A_B|EB86A|0,train,train,test
5TAR_A_B|WB88A|0,train,train,test
5TAR_A_B|QB114A|0,train,train,test
5TAR_A_B|IB127A|0,train,train,test
5TAR_A_B|FB131A|0,train,train,test
4L0P_A_B|TA11K|0,train,val,val
4L0P_A_B|SA20F|0,train,val,val
4L0P_A_B|EA27K|0,train,val,val
4L0P_A_B|NA59S|0,test,val,val
4L0P_A_B|TA76Q|0,train,val,val
4L0P_A_B|TA140N|0,train,val,val
1KBH_A_B|YB1172W|0,train,train,val
1KBH_A_B|YB1172W|1,train,train,val
1KBH_A_B|QA896W|0,train,train,val
1KBH_A_B|LA930W|0,train,train,val
1KBH_A_B|YB1172W|2,train,train,val
1KBH_A_B|QA896W|1,train,train,val
1KBH_A_B|LA930W|1,train,train,val
1KBH_A_B|YB1172W|3,train,train,val
1KBH_A_B|YB1172W|4,train,train,val
2KSO_A_B|KA10D|0,test,train,train
2KSO_A_B|RA43E|0,train,train,train
2KSO_A_B|HB20E|0,train,train,train
1YQV_HL_Y|RY45K|0,train,train,val
1YQV_HL_Y|RY45K|1,train,train,val
1YQV_HL_Y|RY45K|2,train,train,val
2WPT_A_B|DA30A|1,test,train,val
2WPT_A_B|FB79A|2,train,train,val
2WPT_A_B|NA31A|1,train,train,val
2WPT_A_B|SB77A|2,train,train,val
3QIB_ABP_CD|RC89P|0,train,test,train
3QIB_ABP_CD|NC94P|0,train,test,train
3QIB_ABP_CD|LD95P|0,val,test,train
3QIB_ABP_CD|QA57A|0,train,test,train
3QIB_ABP_CD|AA61G|0,test,test,train
3QIB_ABP_CD|AA64G|0,train,test,train
3QIB_ABP_CD|KA67A|0,train,test,train
3QIB_ABP_CD|AA68G|0,train,test,train
3QIB_ABP_CD|EA75A|0,train,test,train
3QIB_ABP_CD|EB57A|0,train,test,train
3QIB_ABP_CD|SB61A|0,train,test,train
3QIB_ABP_CD|QB62A|0,train,test,train
3QIB_ABP_CD|EB64A|0,train,test,train
3QIB_ABP_CD|EB67A|0,train,test,train
3QIB_ABP_CD|AB71G|0,train,test,train
3QIB_ABP_CD|DB74A|0,train,test,train
3QIB_ABP_CD|TB75A|0,train,test,train
3QIB_ABP_CD|HB79A|0,train,test,train
3QIB_ABP_CD|YP6F|0,train,test,train
3QIB_ABP_CD|KP8R|0,train,test,train
3QIB_ABP_CD|TP11S|0,val,test,train
3QIB_ABP_CD|TP11N|0,train,test,train
