uid,y_pred
1A22_A_B|MA14A|0,1.187499761581421
1A22_A_B|HA18A|0,0.4287109375
1A22_A_B|HA21A|0,0.576171875
1A22_A_B|QA22A|0,-0.84423828125
1A22_A_B|FA25A|0,0.6064453125
1A22_A_B|DA26A|0,-0.515625
1A22_A_B|QA29A|0,-0.540283203125
1A22_A_B|YA42A|0,0.53759765625
1A22_A_B|LA45A|0,-1.6914063692092896
1A22_A_B|QA46A|0,-0.779296875
1A22_A_B|PA48A|0,-0.044921875
1A22_A_B|SA51A|0,-0.556640625
1A22_A_B|EA56A|0,-0.066009521484375
1A22_A_B|PA61A|0,-0.0947265625
1A22_A_B|SA62A|0,-0.6484375
1A22_A_B|NA63A|0,-0.1220703125
1A22_A_B|RA64A|0,0.535400390625
1A22_A_B|EA65A|0,-0.6796875
1A22_A_B|QA68A|0,0.03662109375
1A22_A_B|YA153A|0,0.375
1A22_A_B|RA156A|0,-0.359375
1A22_A_B|KA157A|0,-0.82861328125
1A22_A_B|DA160A|0,-0.2802734375
1A22_A_B|KA161A|0,-0.126953125
1A22_A_B|EA163A|0,-0.755859375
1A22_A_B|TA164A|0,-0.146484375
1A22_A_B|FA165A|0,0.48876953125
1A22_A_B|RA167A|0,-0.80078125
1A22_A_B|IA168A|0,0.69287109375
1A22_A_B|RA172A|0,-0.283203125
1A22_A_B|EA175A|0,-0.390625
1A22_A_B|RB11A|0,-0.13671875
1A22_A_B|EB12A|0,-3.634765625
1A22_A_B|RB29A|0,-0.037109375
1A22_A_B|RB30A|0,-0.71533203125
1A22_A_B|TB32A|0,-0.8466796875
1A22_A_B|QB33A|0,-0.068359375
1A22_A_B|EB34A|0,-0.8426513671875
1A22_A_B|WB35A|0,-0.189453125
1A22_A_B|WB39A|0,-4.06689453125
1A22_A_B|SB57A|0,-0.4609375
1A22_A_B|SB61A|0,-1.0234373807907104
1A22_A_B|IB62A|0,-2.517578125
1A22_A_B|IB64A|0,0.2802734375
1A22_A_B|PB65A|0,-2.779296875
1A22_A_B|EB79A|0,-2.33203125
1A22_A_B|KB80A|0,-1.126953125
1A22_A_B|SB83A|0,-1.5859375
1A22_A_B|DB85A|0,-1.0966796875
1A22_A_B|EB86A|0,-2.933593511581421
1A22_A_B|DB119A|0,-1.17724609375
1A22_A_B|IB120A|0,-3.132812261581421
1A22_A_B|QB121A|0,-1.8183594942092896
1A22_A_B|KB122A|0,-0.72021484375
1A22_A_B|VB126A|0,-0.662109375
1A22_A_B|TB150A|0,-2.37158203125
1A22_A_B|QB171A|0,-0.1630859375
1A22_A_B|RB172A|0,-1.19775390625
1A22_A_B|NB173A|0,-0.541015625
1A22_A_B|SB174A|0,-1.6171875
1A22_A_B|EB10A|0,-1.664062261581421
1A22_A_B|NB31A|0,-0.103515625
1A22_A_B|TB36A|0,-0.603515625
1A22_A_B|FB55S|0,-7.8359375
1A22_A_B|TB60A|0,-3.23828125
1A22_A_B|TB149A|0,-0.330078125
1A22_A_B|KB170A|0,-4.5703125
1A22_A_B|RB11L|0,2.00390625
1A22_A_B|RB11M|0,0.798828125
1A22_A_B|FB55S|1,-7.8359375
1A22_A_B|RB7A|0,-2.302734613418579
1A22_A_B|EB10A|1,-1.664062261581421
1A22_A_B|RB11A|1,-0.13671875
1A22_A_B|EB12A|1,-3.634765625
1A22_A_B|RB29A|1,-0.037109375
1A22_A_B|RB30A|1,-0.71533203125
1A22_A_B|EB34A|1,-0.8426513671875
1A22_A_B|EB38A|0,-2.58984375
1A22_A_B|KB40A|0,-3.26171875
1A22_A_B|EB41A|0,-3.14453125
1A22_A_B|EB50A|0,-1.482421875
1A22_A_B|KB69A|0,-2.835937738418579
1A22_A_B|DB85A|1,-1.0966796875
1A22_A_B|EB86A|1,-2.933593511581421
1A22_A_B|DB91A|0,-5.05078125
1A22_A_B|EB128A|0,-2.462890625
1A22_A_B|EB130A|0,-4.3046875
1A22_A_B|KB134A|0,-6.8046875
1A22_A_B|EB135A|0,-1.9296875
1A22_A_B|KB158A|0,-1.61328125
1A22_A_B|DB160A|0,-1.91650390625
1A22_A_B|KB161A|0,-0.796875
1A22_A_B|EB162A|0,-1.25390625
1A22_A_B|EB164A|0,-1.1718751192092896
1A22_A_B|RB166A|0,-4.67578125
1A22_A_B|RB168A|0,-5.0078125
1A22_A_B|KB170A|1,-4.5703125
1A22_A_B|RB172A|1,-1.19775390625
1A22_A_B|EB179A|0,-1.78076171875
1A22_A_B|WB35A|1,-0.189453125
1A22_A_B|WB39A|1,-4.06689453125
1A22_A_B|WB63F|0,-2.671875
1A22_A_B|YB54A|0,-2.5859375
1A22_A_B|PB9A|0,-1.107421875
1A22_A_B|SB15A|0,-1.6142578125
1A22_A_B|TB19A|0,-1.1142578125
1A22_A_B|NB31A|1,-0.103515625
1A22_A_B|TB32A|1,-0.8466796875
1A22_A_B|QB33A|1,-0.068359375
1A22_A_B|TB36A|1,-0.603515625
1A22_A_B|QB37A|0,0.04345703125
1A22_A_B|NB56A|0,-3.388671875
1A22_A_B|SB57A|1,-0.4609375
1A22_A_B|SB58A|0,-1.0625
1A22_A_B|FB59A|0,-4.359375
1A22_A_B|TB60A|1,-3.23828125
1A22_A_B|SB61A|1,-1.0234373807907104
1A22_A_B|IB62A|1,-2.517578125
1A22_A_B|IB64A|1,0.2802734375
1A22_A_B|PB65A|1,-2.779296875
1A22_A_B|VB84A|0,-0.8984375
1A22_A_B|IB87A|0,-6.3515625
1A22_A_B|VB88A|0,-4.34375
1A22_A_B|QB89A|0,-2.81640625
1A22_A_B|FA25A|1,0.6064453125
1A22_A_B|FA25A|2,0.6064453125
1A22_A_B|RB11A|2,-0.13671875
1A22_A_B|EB12A|2,-3.634765625
1A22_A_B|NB31A|2,-0.103515625
1A22_A_B|TB32A|2,-0.8466796875
1A22_A_B|QB33A|2,-0.068359375
1A22_A_B|EB34A|2,-0.8426513671875
1A22_A_B|WB35A|2,-0.189453125
1A22_A_B|WB39A|2,-4.06689453125
1A22_A_B|SB57A|2,-0.4609375
1A22_A_B|SB61A|2,-1.0234373807907104
1A22_A_B|IB62A|2,-2.517578125
1A22_A_B|IB64A|2,0.2802734375
1A22_A_B|CB67A|0,-2.55078125
1A22_A_B|EB79A|1,-2.33203125
1A22_A_B|KB80A|1,-1.126953125
1A22_A_B|CB81A|0,-5.40625
1A22_A_B|SB83A|1,-1.5859375
1A22_A_B|DB85A|2,-1.0966796875
1A22_A_B|EB86A|2,-2.933593511581421
1A22_A_B|DB119A|1,-1.17724609375
1A22_A_B|IB120A|1,-3.132812261581421
1A22_A_B|QB121A|1,-1.8183594942092896
1A22_A_B|KB122A|1,-0.72021484375
1A22_A_B|VB126A|1,-0.662109375
1A22_A_B|TB149A|1,-0.330078125
1A22_A_B|TB150A|1,-2.37158203125
1A22_A_B|QB171A|1,-0.1630859375
1A22_A_B|RB172A|2,-1.19775390625
1A22_A_B|NB173A|1,-0.541015625
1A22_A_B|PA2A|0,-0.111328125
1A22_A_B|TA3A|0,-0.0498046875
1A22_A_B|IA4A|0,0.10009765625
1A22_A_B|PA5A|0,-0.396484375
1A22_A_B|LA6A|0,-0.685546875
1A22_A_B|SA7A|0,-0.77294921875
1A22_A_B|RA8A|0,0.1673583984375
1A22_A_B|LA9A|0,-0.283203125
1A22_A_B|FA10A|0,0.298828125
1A22_A_B|NA12A|0,0.6240234375
1A22_A_B|MA14A|1,1.187499761581421
1A22_A_B|LA15A|0,-0.05859375
1A22_A_B|RA16A|0,0.51123046875
1A22_A_B|HA18A|1,0.4287109375
1A22_A_B|RA19A|0,-0.3193359375
1A22_A_B|FA54A|0,-0.24560546875
1A22_A_B|SA55A|0,-0.9140625
1A22_A_B|EA56A|1,-0.066009521484375
1A22_A_B|SA57A|0,-0.48974609375
1A22_A_B|IA58A|0,-0.23681640625
1A22_A_B|PA59A|0,-0.552734375
1A22_A_B|SA62A|1,-0.6484375
1A22_A_B|NA63A|1,-0.1220703125
1A22_A_B|RA64A|1,0.535400390625
1A22_A_B|EA65A|1,-0.6796875
1A22_A_B|EA66A|0,-0.73193359375
1A22_A_B|QA68A|1,0.03662109375
1A22_A_B|QA69A|0,0.0107421875
1A22_A_B|KA70A|0,-0.31591796875
1A22_A_B|SA71A|0,-0.052490234375
1A22_A_B|LA73A|0,-0.595703125
1A22_A_B|RA156A|1,-0.359375
1A22_A_B|KA157A|1,-0.82861328125
1A22_A_B|DA160A|1,-0.2802734375
1A22_A_B|KA161A|1,-0.126953125
1A22_A_B|EA163A|1,-0.755859375
1A22_A_B|TA164S|0,0.361328125
1A22_A_B|FA165A|1,0.48876953125
1A22_A_B|RA167N|0,0.171875
1A22_A_B|IA168A|1,0.69287109375
1A22_A_B|VA169A|0,-0.0166015625
1A22_A_B|QA170A|0,-0.11328125
1A22_A_B|CA171A|0,0.486328125
1A22_A_B|RA172A|1,-0.283203125
1A22_A_B|SA173A|0,-0.60791015625
1A22_A_B|VA174A|0,0.009765625
1A22_A_B|EA175A|1,-0.390625
1A22_A_B|GA176A|0,-0.470703125
1A22_A_B|SA177A|0,-0.880859375
1A22_A_B|FA180A|0,1.625
1A22_A_B|IA58L|0,0.8544921875
1A22_A_B|RA64K|0,0.45849609375
1A22_A_B|FA165Y|0,-0.41748046875
1A22_A_B|RA167K|0,0.55859375
1A4Y_A_B|HB8A|0,0.6015625
1A4Y_A_B|QB12A|0,0.10931396484375
1A4Y_A_B|NB68A|0,0.6875
1A4Y_A_B|EB108A|0,0.095703125
1A4Y_A_B|YA434A|0,-0.0458984375
1A4Y_A_B|DA435A|0,-2.623046875
1A4Y_A_B|YA437A|0,0.57861328125
1A4Y_A_B|RA457A|0,-1.84912109375
1A4Y_A_B|IA459A|0,-1.4375
1A4Y_A_B|HB84A|0,0.61328125
1A4Y_A_B|WB89A|0,2.085937738418579
1A4Y_A_B|WA261A|0,0.150390625
1A4Y_A_B|WA263A|0,1.03515625
1A4Y_A_B|EA287A|0,-2.16552734375
1A4Y_A_B|SA289A|0,-1.794921875
1A4Y_A_B|WA318A|0,0.046875
1A4Y_A_B|KA320A|0,0.9609375
1A4Y_A_B|EA344A|0,-2.75732421875
1A4Y_A_B|WA375A|0,-0.01171875
1A4Y_A_B|EA401A|0,-2.000732421875
1A4Y_A_B|RB5A|0,-0.45947265625
1A4Y_A_B|RB32A|0,-0.177734375
1A4Y_A_B|RB66A|0,-0.166748046875
1A4Y_A_B|RB70A|0,-0.2762451171875
1A4Y_A_B|RB31A|0,-0.20703125
1A4Y_A_B|RB33A|0,0.05078125
1A4Y_A_B|KB40Q|0,-0.1552734375
1A4Y_A_B|HB13A|0,0.341064453125
1A4Y_A_B|HB114A|0,0.568359375
1A4Y_A_B|YA434F|0,-0.6318359375
1A4Y_A_B|YA437F|0,-0.18359375
1A4Y_A_B|KB40G|0,-0.02197265625
1ACB_E_I|LI38G|0,-0.826171875
1ACB_E_I|LI38S|0,0.3154296875
1ACB_E_I|LI38P|0,-0.216796875
1ACB_E_I|LI38I|0,-0.318359375
1ACB_E_I|LI38D|0,-1.365234375
1ACB_E_I|LI38E|0,0.712890625
1AHW_AB_C|YC146A|0,-6.796875
1AHW_AB_C|TC156A|0,-1.43359375
1AHW_AB_C|TC159A|0,-1.96240234375
1AHW_AB_C|LC165A|0,-0.6953125
1AHW_AB_C|DC167A|0,-2.935058355331421
1AHW_AB_C|TC186A|0,-0.23046875
1AHW_AB_C|VC187A|0,0.2119140625
1AHW_AB_C|NC188A|0,-1.029296875
1AK4_A_D|PD85A|0,-0.06640625
1AK4_A_D|VD86A|0,0.7265625
1AK4_A_D|HD87A|0,1.453125
1AK4_A_D|HD87Q|0,0.820556640625
1AK4_A_D|HD87R|0,0.910400390625
1AK4_A_D|AD88V|0,-0.3837890625
1AK4_A_D|AD88G|0,0.25390625
1AK4_A_D|GD89A|0,0.29296875
1AK4_A_D|GD89V|0,-0.158203125
1AK4_A_D|PD90A|0,-0.015625
1AK4_A_D|ID91A|0,0.818359375
1AK4_A_D|ID91V|0,0.4296875
1AK4_A_D|AD92G|0,0.0
1AK4_A_D|AD92V|0,0.05078125
1AK4_A_D|PD93A|0,0.19140625
1AO7_ABC_DE|DD26A|0,-1.212890625
1AO7_ABC_DE|EA58A|0,-1.359375
1AO7_ABC_DE|RD27A|0,0.67626953125
1AO7_ABC_DE|RD27A|1,0.67626953125
1AO7_ABC_DE|RA170A|0,-1.869140625
1AO7_ABC_DE|QD30L|0,1.10546875
1AO7_ABC_DE|LC1A|0,-0.2177734375
1AO7_ABC_DE|QD30L|1,1.10546875
1AO7_ABC_DE|LC1A|1,-0.2177734375
1AO7_ABC_DE|QD30V|0,1.0703125
1AO7_ABC_DE|LC1A|2,-0.2177734375
1AO7_ABC_DE|QD30V|1,1.0703125
1AO7_ABC_DE|YA159A|0,-3.251953125
1AO7_ABC_DE|SD31A|0,-0.27734375
1AO7_ABC_DE|YC5A|0,1.142578125
1AO7_ABC_DE|SD31A|1,-0.27734375
1AO7_ABC_DE|YC5F|0,1.369140625
1AO7_ABC_DE|YD50A|0,-2.451171875
1AO7_ABC_DE|QA155A|0,-0.77734375
1AO7_ABC_DE|YD50A|1,-2.451171875
1AO7_ABC_DE|QA155A|1,-0.77734375
1AO7_ABC_DE|ND52A|0,-0.4853515625
1AO7_ABC_DE|EA166A|0,-1.0546875
1AO7_ABC_DE|KD66A|0,-1.1328125
1AO7_ABC_DE|TA163A|0,-1.892578125
1AO7_ABC_DE|KD66A|1,-1.1328125
1AO7_ABC_DE|EA166A|1,-1.0546875
1AO7_ABC_DE|TD91A|0,-1.21875
1AO7_ABC_DE|YC5A|1,1.142578125
1AO7_ABC_DE|TD92A|0,-0.44873046875
1AO7_ABC_DE|RA65A|0,0.15625
1AO7_ABC_DE|DD93N|0,-0.11767578125
1AO7_ABC_DE|RA65A|1,0.15625
1AO7_ABC_DE|SD94A|0,-1.130859375
1AO7_ABC_DE|YC5A|2,1.142578125
1AO7_ABC_DE|WD95A|0,0.81298828125
1AO7_ABC_DE|AA69G|0,-0.806640625
1AO7_ABC_DE|EE28A|0,-0.06640625
1AO7_ABC_DE|YC8A|0,1.66796875
1AO7_ABC_DE|RE92A|0,0.69921875
1AO7_ABC_DE|YC5A|3,1.142578125
1AO7_ABC_DE|RE92A|1,0.69921875
1AO7_ABC_DE|YC5A|4,1.142578125
1AO7_ABC_DE|RE92A|2,0.69921875
1AO7_ABC_DE|YC5A|5,1.142578125
1AO7_ABC_DE|RE92A|3,0.69921875
1AO7_ABC_DE|YC5F|1,1.369140625
1AO7_ABC_DE|PE100A|0,-0.2109375
1AO7_ABC_DE|YC5A|6,1.142578125
1AO7_ABC_DE|PE100A|1,-0.2109375
1AO7_ABC_DE|YC5A|7,1.142578125
1AO7_ABC_DE|PE100A|2,-0.2109375
1AO7_ABC_DE|YC5A|8,1.142578125
1AO7_ABC_DE|PE100A|3,-0.2109375
1AO7_ABC_DE|QA155A|2,-0.77734375
1AO7_ABC_DE|DD93A|0,-0.224609375
1AO7_ABC_DE|QA72A|0,-0.03125
1AO7_ABC_DE|RE99A|0,0.52734375
1AO7_ABC_DE|YC5A|9,1.142578125
1AO7_ABC_DE|AE96M|0,-2.921874761581421
1AO7_ABC_DE|GE97S|0,-1.0
1AO7_ABC_DE|YC5F|2,1.369140625
1AO7_ABC_DE|AA150P|0,1.2499998807907104
1AO7_ABC_DE|YC5F|3,1.369140625
1AO7_ABC_DE|YC5A|10,1.142578125
1AO7_ABC_DE|YC5W|0,-0.75
1AO7_ABC_DE|SD31A|2,-0.27734375
1AO7_ABC_DE|KA66A|0,-2.515625
1AO7_ABC_DE|VC7R|0,-0.9765625
1AO7_ABC_DE|RA65A|2,0.15625
1AO7_ABC_DE|KA66A|1,-2.515625
1AO7_ABC_DE|AA69G|1,-0.806640625
1AO7_ABC_DE|TA163A|1,-1.892578125
1AO7_ABC_DE|EA166A|2,-1.0546875
1AO7_ABC_DE|WA167A|0,-3.14111328125
1AO7_ABC_DE|QA43A|0,3.0390625
1AO7_ABC_DE|EA55A|0,-0.3984375
1AO7_ABC_DE|EA58A|1,-1.359375
1AO7_ABC_DE|DA61A|0,0.7578126192092896
1AO7_ABC_DE|EA63A|0,-2.126953125
1AO7_ABC_DE|TA64A|0,-0.421875
1AO7_ABC_DE|VA67A|0,-0.341796875
1AO7_ABC_DE|KA68A|0,0.375
1AO7_ABC_DE|AA69G|2,-0.806640625
1AO7_ABC_DE|HA70A|0,2.812499761581421
1AO7_ABC_DE|QA72A|1,-0.03125
1AO7_ABC_DE|TA73A|0,0.798828125
1AO7_ABC_DE|HA74A|0,1.527343988418579
1AO7_ABC_DE|RA75A|0,0.06640625
1AO7_ABC_DE|VA76A|0,1.28515625
1AO7_ABC_DE|TA80A|0,0.1689453125
1AO7_ABC_DE|KA146A|0,-2.4453125
1AO7_ABC_DE|AA149G|0,-0.3212890625
1AO7_ABC_DE|AA150G|0,-0.0625
1AO7_ABC_DE|HA151A|0,1.5966796875
1AO7_ABC_DE|VA152A|0,0.4453125
1AO7_ABC_DE|EA154A|0,-0.0078125
1AO7_ABC_DE|QA155A|3,-0.77734375
1AO7_ABC_DE|AA158G|0,-0.472900390625
1AO7_ABC_DE|TA163A|2,-1.892578125
1AO7_ABC_DE|EA166A|3,-1.0546875
1AO7_ABC_DE|WA167A|1,-3.14111328125
1AO7_ABC_DE|RA170A|1,-1.869140625
1AO7_ABC_DE|DD26M|0,-3.1328125
1AO7_ABC_DE|DD26V|0,-1.22900390625
1AO7_ABC_DE|DD26W|0,-3.3046875
1AO7_ABC_DE|RD27F|0,-0.20654296875
1AO7_ABC_DE|GD28A|0,-0.712890625
1AO7_ABC_DE|GD28I|0,-1.738281488418579
1AO7_ABC_DE|GD28L|0,-1.400390625
1AO7_ABC_DE|GD28M|0,-2.941406488418579
1AO7_ABC_DE|GD28R|0,-0.70703125
1AO7_ABC_DE|GD28T|0,0.38671875
1AO7_ABC_DE|GD28V|0,-1.2421875
1AO7_ABC_DE|SD29A|0,0.2265625
1AO7_ABC_DE|QD30N|0,0.2734375
1AO7_ABC_DE|QD30E|0,0.0
1AO7_ABC_DE|SD51M|0,-3.34375
1AO7_ABC_DE|KD66H|0,-2.00390625
1AO7_ABC_DE|SD94A|1,-1.130859375
1AO7_ABC_DE|SD94N|0,-0.95166015625
1AO7_ABC_DE|SD94T|0,-0.462890625
1AO7_ABC_DE|SD94Y|0,-0.541015625
1AO7_ABC_DE|IE52R|0,-0.46875
1AO7_ABC_DE|AE96M|1,-2.921874761581421
1AO7_ABC_DE|AE96K|0,-1.9140625
1AO7_ABC_DE|GE97S|1,-1.0
1AO7_ABC_DE|GE98A|0,-0.466796875
1AO7_ABC_DE|RE99Q|0,-0.139892578125
1AO7_ABC_DE|RD27P|0,1.58642578125
1AO7_ABC_DE|KD97P|0,0.21923828125
1AO7_ABC_DE|AE50P|0,-0.912109375
1AO7_ABC_DE|GE98P|0,0.109375
1AO7_ABC_DE|RE99P|0,0.48046875
1B2S_A_D|AA27K|0,-0.306640625
1B2S_A_D|AD43T|0,3.12890625
1B2U_A_D|AA27K|0,-0.310546875
1B2U_A_D|AD36D|0,4.453125
1B3S_A_D|AA102H|0,-0.84228515625
1B3S_A_D|FD30Y|0,1.703125
1B41_A_B|TB8V|0,-0.2197265625
1B41_A_B|TB9I|0,-1.052734375
1B41_A_B|TB9N|0,-1.03515625
1B41_A_B|RB11K|0,-0.60205078125
1B41_A_B|AB12S|0,0.50927734375
1B41_A_B|RB27F|0,-1.0625
1B41_A_B|RB27M|0,-2.171874761581421
1B41_A_B|RB27Y|0,-1.03125
1B41_A_B|HB29K|0,0.591796875
1B41_A_B|HB29R|0,1.3984375
1B41_A_B|KB32R|0,1.052734375
1B41_A_B|MB33F|0,0.71484375
1B41_A_B|MB33L|0,1.66015625
1B41_A_B|MB33Q|0,0.7421875
1B41_A_B|MB33Y|0,0.701171875
1B41_A_B|VB34T|0,-0.19189453125
1B41_A_B|LB35W|0,-1.357421875
1B41_A_B|NB47F|0,0.1015625
1B41_A_B|NB47W|0,-0.8046875
1B41_A_B|NB47R|0,0.3662109375
1BD2_ABC_DE|EE28A|0,-0.09375
1BD2_ABC_DE|YC8A|0,1.265625
1BD2_ABC_DE|ED93A|0,-0.6650390625
1BD2_ABC_DE|RA65A|0,0.0703125
1BD2_ABC_DE|DD30N|0,-1.1484375
1BD2_ABC_DE|YC5A|0,0.783447265625
1BD2_ABC_DE|DD30N|1,-1.1484375
1BD2_ABC_DE|YC5F|0,1.34375
1BD2_ABC_DE|YE99A|0,-1.02734375
1BD2_ABC_DE|YC5F|1,1.34375
1BD2_ABC_DE|YE99A|1,-1.02734375
1BD2_ABC_DE|YC5A|1,0.783447265625
1BD2_ABC_DE|YC5F|2,1.34375
1BD2_ABC_DE|YC5W|0,-0.9570310115814209
1BD2_ABC_DE|YE99A|2,-1.02734375
1BJ1_HL_VW|YH27A|0,-7.6015625
1BJ1_HL_VW|YH54A|0,0.046875
1BJ1_HL_VW|TH59A|0,-2.953125
1BJ1_HL_VW|YH99A|0,-0.01953125
1BJ1_HL_VW|HH107A|0,0.7148439884185791
1BJ1_HL_VW|YH54W|0,-2.3125
1BJ1_HL_VW|TH28D|0,-4.88671875
1BJ1_HL_VW|NH31H|0,-2.242187261581421
1BJ1_HL_VW|HH101Y|0,0.171875
1BJ1_HL_VW|SH105T|0,-0.71875
1BP3_A_B|FA10A|0,0.453125
1BP3_A_B|NA12A|0,0.857421875
1BP3_A_B|LA15A|0,0.0859375
1BP3_A_B|RA16A|0,0.47998046875
1BP3_A_B|HA18A|0,0.486328125
1BP3_A_B|RA19A|0,-0.3046875
1BP3_A_B|HA21A|0,0.560546875
1BP3_A_B|FA25A|0,0.892578125
1BP3_A_B|DA26E|0,0.412109375
1BP3_A_B|FA54A|0,-0.20703125
1BP3_A_B|SA55A|0,-0.923828125
1BP3_A_B|EA56A|0,0.04150390625
1BP3_A_B|SA57A|0,-0.48095703125
1BP3_A_B|IA58A|0,0.012939453125
1BP3_A_B|PA59A|0,-0.701171875
1BP3_A_B|SA62A|0,-0.5576171875
1BP3_A_B|NA63A|0,0.14990234375
1BP3_A_B|RA64A|0,0.50341796875
1BP3_A_B|EA65A|0,-0.62109375
1BP3_A_B|EA66A|0,-0.759765625
1BP3_A_B|QA68A|0,0.0693359375
1BP3_A_B|QA69A|0,0.04833984375
1BP3_A_B|KA70A|0,-0.23291015625
1BP3_A_B|SA71A|0,0.048095703125
1BP3_A_B|LA73A|0,-0.587890625
1BP3_A_B|YA156A|0,0.406982421875
1BP3_A_B|YA160A|0,0.3671875
1BP3_A_B|RA163A|0,-0.498046875
1BP3_A_B|KA164A|0,-0.79541015625
1BP3_A_B|DA167A|0,-0.19140625
1BP3_A_B|KA168A|0,-0.123046875
1BP3_A_B|EA170A|0,-0.7041015625
1BP3_A_B|TA171S|0,0.3359375
1BP3_A_B|FA172A|0,0.4609375
1BP3_A_B|RA174A|0,-0.828125
1BP3_A_B|IA175A|0,1.080077886581421
1BP3_A_B|IA175M|0,0.01953125
1BP3_A_B|VA176A|0,0.08984375
1BP3_A_B|QA177A|0,0.03955078125
1BP3_A_B|RA179A|0,-0.14208984375
1BP3_A_B|SA180A|0,-0.41015625
1BP3_A_B|VA181A|0,0.260986328125
1BP3_A_B|EA182A|0,-0.25244140625
1BP3_A_B|GA183A|0,-0.56640625
1BP3_A_B|SA184A|0,-0.689453125
1BP3_A_B|HA18A|1,0.486328125
1BP3_A_B|HA21A|1,0.560546875
1BP3_A_B|IA58A|1,0.012939453125
1BP3_A_B|RA163A|1,-0.498046875
1BP3_A_B|KA168A|1,-0.123046875
1BP3_A_B|EA170A|1,-0.7041015625
1BP3_A_B|FA172A|1,0.4609375
1BRS_A_D|KA25A|0,0.2890625
1BRS_A_D|RA57A|0,0.26318359375
1BRS_A_D|RA81Q|0,-0.076171875
1BRS_A_D|RA85A|0,0.203125
1BRS_A_D|HA100A|0,0.802490234375
1BRS_A_D|YD29F|0,-1.46875
1BRS_A_D|YD29A|0,-3.900390386581421
1BRS_A_D|DD35A|0,-4.65625
1BRS_A_D|WD38F|0,-3.09375
1BRS_A_D|DD39A|0,-8.96875
1BRS_A_D|TD42A|0,-2.779296875
1BRS_A_D|WD44F|0,0.390625
1BRS_A_D|ED74A|0,-1.796875
1BRS_A_D|ED78A|0,-1.3359376192092896
1BRS_A_D|EA71Q|0,-0.3935546875
1BRS_A_D|EA71W|0,-1.052734375
1BRS_A_D|EA71Y|0,-0.5390625
1BRS_A_D|EA71F|0,-0.183349609375
1BRS_A_D|EA71C|0,-2.013671636581421
1BRS_A_D|EA71S|0,0.154296875
1BRS_A_D|EA71A|0,-0.21484375
1BRS_A_D|RA57K|0,0.1279296875
1BRS_A_D|RA57A|1,0.26318359375
1BRS_A_D|HA100Q|0,0.6083984375
1BRS_A_D|HA100D|0,1.3203125
1BRS_A_D|HA100G|0,0.638671875
1BRS_A_D|HA100A|1,0.802490234375
1BRS_A_D|HA100L|0,1.6015625
1BRS_A_D|DD35A|1,-4.65625
1BRS_A_D|DD39A|1,-8.96875
1BRS_A_D|ED74A|1,-1.796875
1BRS_A_D|ED78A|1,-1.3359376192092896
1BRS_A_D|KA25A|1,0.2890625
1BRS_A_D|WA33F|0,0.98046875
1BRS_A_D|DA52A|0,0.052734375
1BRS_A_D|NA56A|0,0.224609375
1BRS_A_D|RA57A|2,0.26318359375
1BRS_A_D|EA58A|0,0.42578125
1BRS_A_D|EA71A|1,-0.21484375
1BRS_A_D|RA85A|1,0.203125
1BRS_A_D|HA100A|2,0.802490234375
1BRS_A_D|KA25A|2,0.2890625
1BRS_A_D|WA33F|1,0.98046875
1BRS_A_D|DA52A|1,0.052734375
1BRS_A_D|NA56A|1,0.224609375
1BRS_A_D|RA57A|3,0.26318359375
1BRS_A_D|EA58A|1,0.42578125
1BRS_A_D|EA71A|2,-0.21484375
1BRS_A_D|HA100A|3,0.802490234375
1C1Y_A_B|KA31E|0,1.0390625
1C1Y_A_B|KB11M|0,-1.714843511581421
1C1Y_A_B|NB10A|0,-4.1640625
1C1Y_A_B|NB10D|0,-0.6093749403953552
1C1Y_A_B|VB15A|0,-0.8789061307907104
1C1Y_A_B|KB11A|0,-1.095214605331421
1C1Y_A_B|KB11E|0,-0.65234375
1C1Y_A_B|TB14A|0,-0.8437498807907104
1C1Y_A_B|RB13A|0,0.3603515625
1C1Y_A_B|RB5A|0,-0.421875
1C1Y_A_B|QB12A|0,-2.078125
1C1Y_A_B|KB30A|0,0.12890625
1C1Y_A_B|KB30E|0,1.6796875
1C4Z_ABC_D|SD1A|0,-2.015625
1C4Z_ABC_D|RD2A|0,-0.52392578125
1C4Z_ABC_D|RD2E|0,-0.150390625
1C4Z_ABC_D|RD3A|0,-0.37841796875
1C4Z_ABC_D|RD3E|0,-0.07177734375
1C4Z_ABC_D|KD6A|0,-1.203125
1C4Z_ABC_D|KD6E|0,-0.2265625
1C4Z_ABC_D|ND28A|0,-4.51171875
1C4Z_ABC_D|LD30A|0,-2.630859375
1C4Z_ABC_D|RD49A|0,-4.03125
1C4Z_ABC_D|AD56G|0,-2.3359375
1C4Z_ABC_D|ED57A|0,-4.0869140625
1C4Z_ABC_D|ED57R|0,-5.9375
1C4Z_ABC_D|PD59A|0,-8.837890625
1C4Z_ABC_D|FD60A|0,-3.09765625
1C4Z_ABC_D|KD61A|0,-1.3828125
1C4Z_ABC_D|KD61E|0,-2.20703125
1C4Z_ABC_D|ED90A|0,-2.1640625
1C4Z_ABC_D|ED90R|0,-3.90625
1C4Z_ABC_D|WD92A|0,-10.65625
1C4Z_ABC_D|KD93A|0,-2.54345703125
1C4Z_ABC_D|KD93E|0,-2.399169921875
1C4Z_ABC_D|PD94A|0,-2.5234375
1C4Z_ABC_D|AD95G|0,-1.36328125
1C4Z_ABC_D|KD97A|0,-2.697265625
1C4Z_ABC_D|KD97E|0,-3.09765625
1C4Z_ABC_D|VA138A|0,-7.5625
1C4Z_ABC_D|LA139A|0,-10.671875
1C4Z_ABC_D|QA141A|0,-8.7421875
1C4Z_ABC_D|SA142A|0,-8.0
1C4Z_ABC_D|LA143A|0,-11.375
1C4Z_ABC_D|DA145A|0,-7.609375
1C4Z_ABC_D|DA145K|0,-9.3359375
1C4Z_ABC_D|LA146A|0,-10.3359375
1C4Z_ABC_D|YA149A|0,-8.5
1C4Z_ABC_D|DA156A|0,-8.65625
1C4Z_ABC_D|DA156R|0,-10.1640625
1C4Z_ABC_D|MA157A|0,-8.8359375
1C4Z_ABC_D|MA158A|0,-7.919921875
1C4Z_ABC_D|IA159A|0,-10.4765625
1C4Z_ABC_D|TA160A|0,-7.1875
1C4Z_ABC_D|IA163A|0,-10.703125
1C4Z_ABC_D|SA164A|0,-8.328125
1C4Z_ABC_D|TA166A|0,-7.67578125
1C4Z_ABC_D|MA174A|0,-8.4296875
1C4Z_ABC_D|FA194A|0,-10.234375
1C4Z_ABC_D|YA198L|0,-7.5
1C4Z_ABC_D|CA324A|0,-6.5234375
1CBW_FGH_I|TI11A|0,-0.06640625
1CBW_FGH_I|GI12A|0,-4.6640625
1CBW_FGH_I|PI13A|0,-1.640625
1CBW_FGH_I|KI15A|0,-1.6249998807907104
1CBW_FGH_I|RI17A|0,-0.234375
1CBW_FGH_I|II19A|0,0.775390625
1CBW_FGH_I|RI20A|0,-3.703125
1CBW_FGH_I|VI34A|0,-1.35107421875
1CBW_FGH_I|YI35A|0,-4.87548828125
1CBW_FGH_I|GI36A|0,-2.9375
1CBW_FGH_I|GI37A|0,-4.291015625
1CBW_FGH_I|RI39A|0,0.294921875
1CBW_FGH_I|KI46A|0,1.0966795682907104
1CBW_FGH_I|TI11A|1,-0.06640625
1CBW_FGH_I|GI12A|1,-4.6640625
1CBW_FGH_I|PI13A|1,-1.640625
1CBW_FGH_I|KI15A|1,-1.6249998807907104
1CBW_FGH_I|RI17A|1,-0.234375
1CBW_FGH_I|II18A|0,-1.513671875
1CBW_FGH_I|II19A|1,0.775390625
1CBW_FGH_I|RI20A|1,-3.703125
1CBW_FGH_I|FI33A|0,-7.3828125
1CBW_FGH_I|VI34A|1,-1.35107421875
1CBW_FGH_I|YI35A|1,-4.87548828125
1CBW_FGH_I|GI36A|1,-2.9375
1CBW_FGH_I|GI37A|1,-4.291015625
1CBW_FGH_I|RI39A|1,0.294921875
1CBW_FGH_I|KI46A|1,1.0966795682907104
1CBW_FGH_I|KI15G|0,-2.18359375
1CBW_FGH_I|KI15A|2,-1.6249998807907104
1CBW_FGH_I|KI15S|0,-0.8203123807907104
1CBW_FGH_I|KI15V|0,-2.359375
1CBW_FGH_I|KI15T|0,-0.9296873807907104
1CBW_FGH_I|KI15D|0,-2.294921875
1CBW_FGH_I|KI15N|0,-1.0703123807907104
1CBW_FGH_I|KI15M|0,-3.484375
1CBW_FGH_I|KI15I|0,-3.03125
1CBW_FGH_I|KI15L|0,-1.9863280057907104
1CBW_FGH_I|KI15E|0,-2.4921875
1CBW_FGH_I|KI15Q|0,-1.6044920682907104
1CBW_FGH_I|KI15H|0,-2.8828125
1CBW_FGH_I|KI15R|0,0.1953125
1CBW_FGH_I|KI15F|0,-2.8203125
1CBW_FGH_I|KI15Y|0,-2.4765625
1CBW_FGH_I|KI15W|0,-3.5234375
1CHO_EFG_I|LI15G|0,-1.71875
1CHO_EFG_I|LI15A|0,-0.662109375
1CHO_EFG_I|LI15S|0,0.42578125
1CHO_EFG_I|LI15C|0,-5.08203125
1CHO_EFG_I|LI15V|0,-1.259765625
1CHO_EFG_I|LI15T|0,-0.078125
1CHO_EFG_I|LI15P|0,-1.046875
1CHO_EFG_I|LI15I|0,-1.48828125
1CHO_EFG_I|LI15M|0,-1.49609375
1CHO_EFG_I|LI15N|0,-0.453125
1CHO_EFG_I|LI15D|0,-0.61328125
1CHO_EFG_I|LI15K|0,-0.458984375
1CHO_EFG_I|LI15Q|0,-1.30859375
1CHO_EFG_I|LI15E|0,-1.43359375
1CHO_EFG_I|LI15H|0,-2.97265625
1CHO_EFG_I|LI15F|0,-1.271484375
1CHO_EFG_I|LI15R|0,-0.494140625
1CHO_EFG_I|LI15Y|0,-0.748046875
1CHO_EFG_I|LI15W|0,-1.578125
1CHO_EFG_I|AI12G|0,-0.576171875
1CHO_EFG_I|AI12S|0,0.6484376192092896
1CHO_EFG_I|AI12C|0,-4.375
1CHO_EFG_I|AI12V|0,0.296875
1CHO_EFG_I|AI12T|0,0.9531251192092896
1CHO_EFG_I|AI12P|0,-0.8515625
1CHO_EFG_I|AI12L|0,-0.67431640625
1CHO_EFG_I|AI12I|0,-0.69781494140625
1CHO_EFG_I|AI12M|0,-2.328125
1CHO_EFG_I|AI12N|0,-0.7100830078125
1CHO_EFG_I|AI12D|0,-0.33203125
1CHO_EFG_I|AI12K|0,-0.232421875
1CHO_EFG_I|AI12Q|0,-0.70703125
1CHO_EFG_I|AI12E|0,-0.5205078125
1CHO_EFG_I|AI12H|0,-3.171875
1CHO_EFG_I|AI12F|0,-1.7421875
1CHO_EFG_I|AI12R|0,-1.828125
1CHO_EFG_I|AI12Y|0,-1.6484375
1CHO_EFG_I|AI12W|0,-4.21875
1CHO_EFG_I|TI14G|0,-1.4882811307907104
1CHO_EFG_I|TI14A|0,-1.2304686307907104
1CHO_EFG_I|TI14S|0,-0.0703125
1CHO_EFG_I|TI14C|0,-7.367187976837158
1CHO_EFG_I|TI14V|0,-2.3359375
1CHO_EFG_I|TI14P|0,0.0546875
1CHO_EFG_I|TI14L|0,-2.01123046875
1CHO_EFG_I|TI14I|0,-3.1171875
1CHO_EFG_I|TI14M|0,-3.9296875
1CHO_EFG_I|TI14N|0,-1.900771975517273
1CHO_EFG_I|TI14D|0,-1.6445311307907104
1CHO_EFG_I|TI14K|0,-2.115234375
1CHO_EFG_I|TI14Q|0,-2.6484375
1CHO_EFG_I|TI14E|0,-2.48828125
1CHO_EFG_I|TI14H|0,-3.734375
1CHO_EFG_I|TI14F|0,-3.34375
1CHO_EFG_I|TI14R|0,-2.60546875
1CHO_EFG_I|TI14Y|0,-2.875
1CHO_EFG_I|TI14W|0,-4.7265625
1CHO_EFG_I|EI16G|0,-3.156250238418579
1CHO_EFG_I|EI16A|0,-1.9375
1CHO_EFG_I|EI16S|0,-1.6328125
1CHO_EFG_I|EI16C|0,-9.328125
1CHO_EFG_I|EI16V|0,-2.425048828125
1CHO_EFG_I|EI16T|0,-1.986328125
1CHO_EFG_I|EI16P|0,-5.40625
1CHO_EFG_I|EI16L|0,-2.732421875
1CHO_EFG_I|EI16I|0,-2.980468988418579
1CHO_EFG_I|EI16M|0,-4.25
1CHO_EFG_I|EI16N|0,-1.8515625
1CHO_EFG_I|EI16D|0,-0.3125
1CHO_EFG_I|EI16K|0,-2.526123046875
1CHO_EFG_I|EI16Q|0,-1.5078125
1CHO_EFG_I|EI16H|0,-4.1484375
1CHO_EFG_I|EI16F|0,-3.812500238418579
1CHO_EFG_I|EI16R|0,-3.398437738418579
1CHO_EFG_I|EI16Y|0,-3.398437738418579
1CHO_EFG_I|EI16W|0,-5.296875
1CHO_EFG_I|YI17G|0,-3.71875
1CHO_EFG_I|YI17A|0,-2.5234375
1CHO_EFG_I|YI17S|0,-1.4843751192092896
1CHO_EFG_I|YI17C|0,-6.9453125
1CHO_EFG_I|YI17V|0,-1.9604493379592896
1CHO_EFG_I|YI17T|0,-1.3437501192092896
1CHO_EFG_I|YI17P|0,-3.328125
1CHO_EFG_I|YI17L|0,-1.0078126192092896
1CHO_EFG_I|YI17I|0,-1.6210938692092896
1CHO_EFG_I|YI17M|0,-2.89453125
1CHO_EFG_I|YI17N|0,-1.9433594942092896
1CHO_EFG_I|YI17D|0,-2.35546875
1CHO_EFG_I|YI17K|0,-1.9282227754592896
1CHO_EFG_I|YI17Q|0,-2.56640625
1CHO_EFG_I|YI17E|0,-2.921875
1CHO_EFG_I|YI17H|0,-3.078125
1CHO_EFG_I|YI17F|0,-1.0781251192092896
1CHO_EFG_I|YI17R|0,-2.73046875
1CHO_EFG_I|YI17W|0,-2.35546875
1CHO_EFG_I|RI18G|0,-0.4140622615814209
1CHO_EFG_I|RI18A|0,1.44140625
1CHO_EFG_I|RI18S|0,1.71484375
1CHO_EFG_I|RI18C|0,-5.58984375
1CHO_EFG_I|RI18V|0,0.58203125
1CHO_EFG_I|RI18T|0,0.576171875
1CHO_EFG_I|RI18P|0,-3.261718511581421
1CHO_EFG_I|RI18L|0,0.22998046875
1CHO_EFG_I|RI18I|0,-0.2539060115814209
1CHO_EFG_I|RI18M|0,-0.6757810115814209
1CHO_EFG_I|RI18N|0,1.98828125
1CHO_EFG_I|RI18D|0,2.23046875
1CHO_EFG_I|RI18K|0,0.9375
1CHO_EFG_I|RI18Q|0,0.83984375
1CHO_EFG_I|RI18E|0,1.14453125
1CHO_EFG_I|RI18H|0,-1.339843511581421
1CHO_EFG_I|RI18F|0,-0.4296872615814209
1CHO_EFG_I|RI18Y|0,-0.3124997615814209
1CHO_EFG_I|RI18W|0,-2.652343511581421
1CHO_EFG_I|PI11G|0,-1.2744140625
1CHO_EFG_I|PI11A|0,-0.66015625
1CHO_EFG_I|PI11S|0,-0.837890625
1CHO_EFG_I|PI11C|0,-1.2392578125
1CHO_EFG_I|PI11V|0,-0.53125
1CHO_EFG_I|PI11T|0,-0.640625
1CHO_EFG_I|PI11L|0,-0.5
1CHO_EFG_I|PI11I|0,-0.9716796875
1CHO_EFG_I|PI11M|0,-2.578124761581421
1CHO_EFG_I|PI11N|0,-1.373046875
1CHO_EFG_I|PI11D|0,-1.435546875
1CHO_EFG_I|PI11K|0,-1.20166015625
1CHO_EFG_I|PI11Q|0,-1.66796875
1CHO_EFG_I|PI11E|0,-1.6328125
1CHO_EFG_I|PI11H|0,-3.281249761581421
1CHO_EFG_I|PI11F|0,-1.98046875
1CHO_EFG_I|PI11R|0,-2.10546875
1CHO_EFG_I|PI11Y|0,-1.984375
1CHO_EFG_I|PI11W|0,-4.421875
1CHO_EFG_I|KI10G|0,-1.59765625
1CHO_EFG_I|KI10A|0,0.35937511920928955
1CHO_EFG_I|KI10S|0,-0.458984375
1CHO_EFG_I|KI10C|0,-2.2109375
1CHO_EFG_I|KI10V|0,0.0234375
1CHO_EFG_I|KI10T|0,-0.14453125
1CHO_EFG_I|KI10P|0,-0.26171875
1CHO_EFG_I|KI10L|0,-0.12109375
1CHO_EFG_I|KI10I|0,-0.6533203125
1CHO_EFG_I|KI10M|0,-2.21875
1CHO_EFG_I|KI10N|0,-0.789306640625
1CHO_EFG_I|KI10D|0,-1.138671875
1CHO_EFG_I|KI10Q|0,-0.85400390625
1CHO_EFG_I|KI10E|0,-0.9814453125
1CHO_EFG_I|KI10H|0,-2.71875
1CHO_EFG_I|KI10F|0,-1.7734375
1CHO_EFG_I|KI10R|0,-1.103515625
1CHO_EFG_I|KI10Y|0,-1.66796875
1CHO_EFG_I|KI10W|0,-3.6953125
1CHO_EFG_I|GI29A|0,0.85546875
1CHO_EFG_I|GI29S|0,1.9023438692092896
1CHO_EFG_I|GI29C|0,-4.02734375
1CHO_EFG_I|GI29V|0,-0.123046875
1CHO_EFG_I|GI29T|0,0.83984375
1CHO_EFG_I|GI29P|0,0.125
1CHO_EFG_I|GI29L|0,0.103515625
1CHO_EFG_I|GI29I|0,-0.6328125
1CHO_EFG_I|GI29M|0,-1.18359375
1CHO_EFG_I|GI29N|0,0.92578125
1CHO_EFG_I|GI29D|0,1.27734375
1CHO_EFG_I|GI29K|0,-0.4296875
1CHO_EFG_I|GI29Q|0,-0.001953125
1CHO_EFG_I|GI29E|0,-0.048828125
1CHO_EFG_I|GI29H|0,-1.17578125
1CHO_EFG_I|GI29F|0,0.197998046875
1CHO_EFG_I|GI29R|0,-0.81640625
1CHO_EFG_I|GI29Y|0,0.4912109375
1CHO_EFG_I|GI29W|0,-1.32421875
1CHO_EFG_I|NI33G|0,-1.720702886581421
1CHO_EFG_I|NI33A|0,1.419921875
1CHO_EFG_I|NI33S|0,0.310546875
1CHO_EFG_I|NI33C|0,-5.533203125
1CHO_EFG_I|NI33V|0,1.623046875
1CHO_EFG_I|NI33T|0,0.546142578125
1CHO_EFG_I|NI33P|0,-3.876952886581421
1CHO_EFG_I|NI33L|0,1.416015625
1CHO_EFG_I|NI33I|0,0.91015625
1CHO_EFG_I|NI33M|0,-0.3808591365814209
1CHO_EFG_I|NI33D|0,0.150390625
1CHO_EFG_I|NI33K|0,-0.095703125
1CHO_EFG_I|NI33Q|0,0.79296875
1CHO_EFG_I|NI33E|0,1.185546875
1CHO_EFG_I|NI33H|0,1.314453125
1CHO_EFG_I|NI33F|0,0.875
1CHO_EFG_I|NI33R|0,-0.5253903865814209
1CHO_EFG_I|NI33Y|0,0.951171875
1CHO_EFG_I|NI33W|0,-1.642577886581421
1CHO_EFG_I|LI15M|1,-1.49609375
1CHO_EFG_I|GI29A|1,0.85546875
1CHO_EFG_I|NI25S|0,-0.4921875
1CHO_EFG_I|YI17H|1,-3.078125
1CHO_EFG_I|GI29V|1,-0.123046875
1CHO_EFG_I|YI17D|1,-2.35546875
1CHO_EFG_I|TI14E|1,-2.48828125
1CHO_EFG_I|TI14S|1,-0.0703125
1CHO_EFG_I|TI14V|1,-2.3359375
1CHO_EFG_I|AI12V|1,0.296875
1CHO_EFG_I|TI14A|1,-1.2304686307907104
1CHO_EFG_I|LI15K|1,-0.458984375
1CHO_EFG_I|LI15A|1,-0.662109375
1CHO_EFG_I|LI15E|1,-1.43359375
1CHO_EFG_I|LI15Q|1,-1.30859375
1CSE_E_I|LI38G|0,-0.89404296875
1CSE_E_I|LI38S|0,0.45556640625
1CSE_E_I|LI38P|0,-0.69873046875
1CSE_E_I|LI38I|0,-0.64794921875
1CSE_E_I|LI38D|0,-1.09326171875
1CSE_E_I|LI38E|0,0.62939453125
1CSO_E_I|II13L|0,1.265625
1CT0_E_I|SI13L|0,-2.046875
1CT2_E_I|TI13L|0,-1.37890625
1CT4_E_I|VI13L|0,0.5546875
1DAN_HL_UT|WT40A|0,-0.1611328125
1DAN_HL_UT|ST42A|0,-2.01171875
1DAN_HL_UT|VT28A|0,-1.48828125
1DAN_HL_UT|YT46A|0,0.1953125
1DAN_HL_UT|FT71A|0,-1.23828125
1DAN_HL_UT|YT73A|0,0.2451171875
1DAN_HL_UT|PU2A|0,-0.724609375
1DAN_HL_UT|YU4A|0,0.13671875
1DAN_HL_UT|VT31A|0,-2.03125
1DAN_HL_UT|QT32A|0,-2.7109375
1DAN_HL_UT|IT33A|0,-2.574218511581421
1DAN_HL_UT|GT38A|0,-1.76171875
1DAN_HL_UT|KT43A|0,-2.343750238418579
1DAN_HL_UT|TT55A|0,-5.65673828125
1DAN_HL_UT|DT39A|0,-2.3671875
1DAN_HL_UT|RH125A|0,-0.71484375
1DAN_HL_UT|MH154A|0,2.525390625
1DAN_HL_UT|KH189A|0,-0.931640625
1DAN_HL_UT|LH135A|0,-2.6171875
1DAN_HL_UT|KT15A|0,-2.650390625
1DAN_HL_UT|DT39A|1,-2.3671875
1DAN_HL_UT|WT40A|1,-0.1611328125
1DAN_HL_UT|KT41A|0,-1.4218751192092896
1DAN_HL_UT|QU20A|0,1.278076171875
1DAN_HL_UT|RU45A|0,-1.4296875
1DAN_HL_UT|FU50A|0,0.1796875
1DAN_HL_UT|VU113A|0,-0.88671875
1DAN_HL_UT|ST11A|0,-1.796875
1DAN_HL_UT|LT54A|0,-5.58203125
1DAN_HL_UT|DT56A|0,0.375
1DAN_HL_UT|ET57A|0,-1.5898436307907104
1DAN_HL_UT|IT58A|0,-2.708984375
1DAN_HL_UT|VT59A|0,-0.01123046875
1DAN_HL_UT|QT64A|0,-0.00390625
1DAN_HL_UT|LT67A|0,-0.126953125
1DAN_HL_UT|EU15A|0,-0.27587890625
1DAN_HL_UT|TU16A|0,-0.124267578125
1DAN_HL_UT|NU17A|0,0.70654296875
1DAN_HL_UT|RU41A|0,0.333984375
1DAN_HL_UT|TU42A|0,-0.31396484375
1DAN_HL_UT|RU46A|0,-0.52734375
1DAN_HL_UT|NU48A|0,-0.740234375
1DAN_HL_UT|VU56A|0,-1.30078125
1DAN_HL_UT|FU57A|0,-2.498046875
1DAN_HL_UT|YU67A|0,-1.8798826932907104
1DAN_HL_UT|VU85A|0,-1.875
1DAN_HL_UT|RU102A|0,0.2177734375
1DAN_HL_UT|TU103A|0,-0.234375
1DAN_HL_UT|VU104A|0,-0.134765625
1DAN_HL_UT|NU105A|0,-0.2177734375
1DAN_HL_UT|EU114A|0,0.447265625
1DAN_HL_UT|VU113A|1,-0.88671875
1DAN_HL_UT|TU109A|0,0.57470703125
1DAN_HL_UT|SU101A|0,-0.978515625
1DAN_HL_UT|YU91A|0,-3.033203125
1DAN_HL_UT|KU87A|0,0.759521484375
1DAN_HL_UT|LU82A|0,-0.89697265625
1DAN_HL_UT|TU78A|0,-0.3125
1DAN_HL_UT|KU75A|0,-1.380859375
1DAN_HL_UT|TU73A|0,-1.044921875
1DAN_HL_UT|GU70R|0,-1.3632811307907104
1DAN_HL_UT|SU69A|0,-2.035156011581421
1DAN_HL_UT|WU68F|0,0.453125
1DAN_HL_UT|YU66L|0,-1.05078125
1DAN_HL_UT|IU62A|0,-1.1171875
1DAN_HL_UT|DU55A|0,-2.60546875
1DAN_HL_UT|RU54A|0,-1.150390625
1DAN_HL_UT|FU50A|1,0.1796875
1DAN_HL_UT|TU49A|0,-0.966796875
1DAN_HL_UT|RU45A|1,-1.4296875
1DAN_HL_UT|LU43A|0,-0.42919921875
1DAN_HL_UT|DU39A|0,1.03125
1DAN_HL_UT|EU38A|0,0.04296875
1DAN_HL_UT|KU32A|0,-1.904296875
1DAN_HL_UT|EU9A|0,-0.822265625
1DAN_HL_UT|YU4A|1,0.13671875
1DAN_HL_UT|KT63A|0,-0.958984375
1DAN_HL_UT|DT53E|0,-3.6953125
1DAN_HL_UT|DT53A|0,-6.5625
1DAN_HL_UT|TT47A|0,-4.9140625
1DAN_HL_UT|FT45A|0,-0.708984375
1DAN_HL_UT|KT43A|1,-2.343750238418579
1DAN_HL_UT|ST42A|1,-2.01171875
1DAN_HL_UT|KT41A|1,-1.4218751192092896
1DAN_HL_UT|WT40F|0,0.6416015625
1DAN_HL_UT|DT39A|2,-2.3671875
1DAN_HL_UT|ST37A|0,-0.8359375
1DAN_HL_UT|KT36A|0,-0.14453125
1DAN_HL_UT|QT32A|1,-2.7109375
1DAN_HL_UT|KT23A|0,1.48828125
1DAN_HL_UT|ET21A|0,-1.5030517578125
1DAN_HL_UT|WT20F|0,-4.328125
1DAN_HL_UT|ET19A|0,-0.447265625
1DAN_HL_UT|IT17A|0,-4.0390625
1DAN_HL_UT|TT16A|0,-1.9375
1DAN_HL_UT|KT15R|0,-1.1875
1DAN_HL_UT|KT15A|1,-2.650390625
1DAN_HL_UT|NT13A|0,-2.15625
1DAN_HL_UT|TT12A|0,-0.1796875
1DAN_HL_UT|KT10A|0,-2.91796875
1DAN_HL_UT|WT9F|0,2.359374761581421
1DQJ_AB_C|YC20A|0,-3.943359375
1DQJ_AB_C|RC21A|0,-1.2539063692092896
1DQJ_AB_C|WC63A|0,-9.48828125
1DQJ_AB_C|KC97A|0,-2.078125
1DQJ_AB_C|DC101A|0,0.05078125
1DQJ_AB_C|YC20A|1,-3.943359375
1DQJ_AB_C|RC21A|1,-1.2539063692092896
1DQJ_AB_C|WC62A|0,-2.115234375
1DQJ_AB_C|WC63A|1,-9.48828125
1DQJ_AB_C|LC75A|0,1.275390625
1DQJ_AB_C|TC89A|0,-2.453125
1DQJ_AB_C|NC93A|0,0.0859375
1DQJ_AB_C|KC96A|0,-4.428955078125
1DQJ_AB_C|KC97A|1,-2.078125
1DQJ_AB_C|SC100A|0,-0.3203125
1DQJ_AB_C|DC101A|1,0.05078125
1DQJ_AB_C|NA31A|0,-0.48046875
1DQJ_AB_C|NA32A|0,-1.0283203125
1DQJ_AB_C|YA50A|0,0.466796875
1DQJ_AB_C|SA91A|0,-1.318359375
1DQJ_AB_C|YA96A|0,-0.8582763671875
1DQJ_AB_C|DB32A|0,-0.796875
1DQJ_AB_C|YB33A|0,-2.7275390625
1DQJ_AB_C|YB50A|0,-2.13671875
1DQJ_AB_C|YB53A|0,-0.083984375
1DQJ_AB_C|WB98A|0,-1.57421875
1DVF_AB_CD|HA30A|0,0.84765625
1DVF_AB_CD|YA32A|0,-4.53515625
1DVF_AB_CD|YA49A|0,-4.75390625
1DVF_AB_CD|YA50A|0,-3.943359375
1DVF_AB_CD|WA92A|0,1.925781011581421
1DVF_AB_CD|SA93A|0,-1.548828125
1DVF_AB_CD|TB30A|0,-2.7109375
1DVF_AB_CD|YB32A|0,-2.4296875
1DVF_AB_CD|WB52A|0,-0.6347658634185791
1DVF_AB_CD|DB54A|0,-0.228515625
1DVF_AB_CD|NB56A|0,-1.765625
1DVF_AB_CD|DB58A|0,-0.61328125
1DVF_AB_CD|EB98A|0,-0.7204587459564209
1DVF_AB_CD|RB99A|0,-0.860107421875
1DVF_AB_CD|DB100A|0,-0.966796875
1DVF_AB_CD|YB101F|0,-1.221679449081421
1DVF_AB_CD|EB98A|1,-0.7204587459564209
1DVF_AB_CD|DB54A|1,-0.228515625
1DVF_AB_CD|DB58A|1,-0.61328125
1DVF_AB_CD|YA49A|1,-4.75390625
1DVF_AB_CD|YA32A|1,-4.53515625
1DVF_AB_CD|NB56A|1,-1.765625
1DVF_AB_CD|WB52A|1,-0.6347658634185791
1DVF_AB_CD|DB100A|1,-0.966796875
1DVF_AB_CD|YD102A|0,-1.185546875
1DVF_AB_CD|YC49A|0,-4.7109375
1DVF_AB_CD|QD104A|0,-0.18414306640625
1DVF_AB_CD|ND55A|0,-0.3828125
1DVF_AB_CD|RD106A|0,0.41455078125
1DVF_AB_CD|KD30A|0,-0.44140625
1DVF_AB_CD|HD33A|0,0.2744140625
1DVF_AB_CD|DD52A|0,-2.0390625
1DVF_AB_CD|ID101A|0,-0.5556640625
1E50_A_B|DA8A|0,0.3525390625
1E50_A_B|NA11A|0,1.154296875
1E50_A_B|MA48A|0,1.839843511581421
1E50_A_B|NA51A|0,-0.05859375
1E50_A_B|YA55A|0,1.83203125
1E50_A_B|SA56A|0,0.083984375
1E50_A_B|TA91A|0,0.232421875
1E50_A_B|VA101A|0,0.2138671875
1E50_A_B|TA103A|0,0.4296875
1E50_A_B|RB32A|0,0.115234375
1E50_A_B|VB57A|0,0.216796875
1E50_A_B|NB62A|0,0.38037109375
1E50_A_B|SB64A|0,-0.01171875
1E50_A_B|DA8A|1,0.3525390625
1E50_A_B|NA51A|1,-0.05859375
1E50_A_B|YA55A|1,1.83203125
1E50_A_B|RA84A|0,0.595703125
1E50_A_B|KA86M|0,-2.953125
1E50_A_B|TA91A|1,0.232421875
1E50_A_B|NB62A|1,0.38037109375
1E50_A_B|NB99A|0,-0.525390625
1E96_A_B|NA26H|0,-4.2431640625
1E96_A_B|IA33N|0,-2.0517578125
1E96_A_B|DA38N|0,-4.40625
1E96_A_B|MA45T|0,-0.0625
1E96_A_B|KA132E|0,-1.8203125
1E96_A_B|LA134R|0,-2.728515625
1EAW_A_B|QA23A|0,-0.12890625
1EAW_A_B|IA26A|0,-1.709228515625
1EAW_A_B|IA45A|0,-0.88330078125
1EAW_A_B|DA46A|0,-3.03515625
1EAW_A_B|DA47A|0,-0.33203125
1EAW_A_B|RA48A|0,-0.7265625
1EAW_A_B|FA50A|0,0.60888671875
1EAW_A_B|RA51A|0,-1.017578125
1EAW_A_B|YA52A|0,-0.10791015625
1EAW_A_B|RA82A|0,-4.43359375
1EAW_A_B|FA89A|0,-7.140624523162842
1EAW_A_B|NA90A|0,-2.884765625
1EAW_A_B|DA91A|0,0.939453125
1EAW_A_B|FA92A|0,0.958984375
1EAW_A_B|TA93A|0,-1.4648436307907104
1EAW_A_B|HA138A|0,3.2734375
1EAW_A_B|QA140A|0,0.078125
1EAW_A_B|YA141A|0,-0.115234375
1EAW_A_B|TA144A|0,-0.38671875
1EAW_A_B|LA147A|0,1.17578125
1EAW_A_B|EA163A|0,0.52734375
1EAW_A_B|QA168A|0,-0.08624267578125
1EAW_A_B|QA169A|0,-0.02001953125
1EAW_A_B|DA214A|0,1.078125
1EAW_A_B|QA218A|0,-0.33984375
1EAW_A_B|RA219A|0,0.6953125
1EAW_A_B|KA221A|0,-1.107421875
1EFN_A_B|TA13H|0,-0.34765625
1EFN_A_B|IA12A|0,1.138671636581421
1EMV_A_B|RB54A|0,-7.890625
1EMV_A_B|NB72A|0,-0.54296875
1EMV_A_B|SB74A|0,0.5703125
1EMV_A_B|NB75A|0,-2.24609375
1EMV_A_B|SB77A|0,1.30859375
1EMV_A_B|SB78A|0,1.826171875
1EMV_A_B|SB84A|0,0.0703125
1EMV_A_B|FB86A|0,-2.49609375
1EMV_A_B|TB87A|0,-1.1406251192092896
1EMV_A_B|QB92A|0,-0.2900390625
1EMV_A_B|KB97A|0,-2.142578125
1EMV_A_B|VB98A|0,-0.18994140625
1EMV_A_B|CA21A|0,3.5546875
1EMV_A_B|NA22A|0,-0.763671875
1EMV_A_B|DA24A|0,-1.07421875
1EMV_A_B|TA25A|0,0.09521484375
1EMV_A_B|SA26A|0,0.302734375
1EMV_A_B|SA27A|0,-1.6328125
1EMV_A_B|EA28A|0,-0.44140625
1EMV_A_B|EA29A|0,-0.6015626192092896
1EMV_A_B|EA30A|0,-0.5
1EMV_A_B|LA31A|0,-0.8906251192092896
1EMV_A_B|VA32A|0,1.015625
1EMV_A_B|KA33A|0,0.1015625
1EMV_A_B|LA34A|0,-0.2265625
1EMV_A_B|VA35A|0,0.4453125
1EMV_A_B|TA36A|0,0.31640625
1EMV_A_B|EA39A|0,0.02734375
1EMV_A_B|EA40A|0,-0.390625
1EMV_A_B|TA42A|0,0.7080078125
1EMV_A_B|EA43A|0,-0.29833984375
1EMV_A_B|HA44A|0,0.814453125
1EMV_A_B|PA45A|0,-0.029296875
1EMV_A_B|SA46A|0,-0.4755859375
1EMV_A_B|GA47A|0,-0.482421875
1EMV_A_B|SA48A|0,-0.4755859375
1EMV_A_B|DA49A|0,-0.34326171875
1EMV_A_B|LA50A|0,-0.184814453125
1EMV_A_B|IA51A|0,-0.54736328125
1EMV_A_B|YA52A|0,-0.44921875
1EMV_A_B|YA53A|0,0.2177734375
1EMV_A_B|PA54A|0,0.5556640625
1EMV_A_B|DA58A|0,-0.158203125
1EMV_A_B|SA61A|0,0.234375
1EMV_A_B|VA66A|0,0.115234375
1EMV_A_B|NA67A|0,-0.04150390625
1F47_A_B|DA4A|0,-0.177734375
1F47_A_B|YA5A|0,1.029296875
1F47_A_B|LA6A|0,0.197265625
1F47_A_B|DA7A|0,-0.67578125
1F47_A_B|IA8A|0,-0.212890625
1F47_A_B|PA9A|0,0.0703125
1F47_A_B|FA11A|0,1.328125
1F47_A_B|LA12A|0,-0.560546875
1F47_A_B|KA14A|0,-0.609375
1F47_A_B|QA15A|0,0.83984375
1F47_A_B|DA7S|0,-0.12109375
1F47_A_B|DA7G|0,-0.640625
1F5R_A_I|KA129Q|0,0.84375
1FC2_C_D|YC10W|0,-1.140625
1FC2_C_D|IC12W|0,-1.759765625
1FC2_C_D|FC26W|0,-4.328125
1FC2_C_D|LC40W|0,-2.890625238418579
1FC2_C_D|LC13D|0,-2.14453125
1FC2_C_D|NC24A|0,-0.7734375
1FC2_C_D|FC26A|0,-3.50390625
1FC2_C_D|IC27A|0,-1.746093511581421
1FC2_C_D|KC31A|0,-1.328125
1FC2_C_D|LC13D|1,-2.14453125
1FC2_C_D|NC24A|1,-0.7734375
1FC2_C_D|FC26A|1,-3.50390625
1FC2_C_D|IC27A|1,-1.746093511581421
1FC2_C_D|KC31A|1,-1.328125
1FC2_C_D|NC2F|0,-2.839843988418579
1FC2_C_D|NC7F|0,-3.109374761581421
1FC2_C_D|QC28K|0,0.109375
1FC2_C_D|NC2Q|0,-2.816406488418579
1FC2_C_D|QC28L|0,-1.02783203125
1FC2_C_D|FC1M|0,4.853515625
1FC2_C_D|KC3D|0,-0.0703125
1FC2_C_D|YC10F|0,0.564453125
1FC2_C_D|NC24F|0,-2.625
1FCC_A_C|TC25A|0,-0.5703125
1FCC_A_C|KC28A|0,0.62109375
1FCC_A_C|KC31A|0,-0.376953125
1FCC_A_C|NC35A|0,1.466796875
1FCC_A_C|DC40A|0,-0.947265625
1FCC_A_C|EC42A|0,-1.6015625
1FCC_A_C|WC43A|0,-0.017578125
1FFW_A_B|DA12K|0,-12.2265625
1FFW_A_B|TA86I|0,-9.7900390625
1FFW_A_B|AA89V|0,-3.476562738418579
1FFW_A_B|EA92K|0,-3.0546875
1FFW_A_B|YA105W|0,-7.36328125
1FFW_A_B|VA107M|0,-2.5078125
1FFW_A_B|FA110V|0,-3.171875
1FFW_A_B|TA111I|0,-4.5
1FFW_A_B|EA116K|0,0.8906251192092896
1FFW_A_B|EB13A|0,-1.0078125
1FFW_A_B|EB20A|0,0.19140625
1FFW_A_B|HB23A|0,1.499999761581421
1FFW_A_B|DB44A|0,-0.03515625
1FFW_A_B|DB49A|0,-0.13671875
1FFW_A_B|CB55A|0,2.56640625
1FFW_A_B|FB56A|0,2.765625
1FFW_A_B|IB58A|0,1.134765625
1FFW_A_B|AA102V|0,1.6875001192092896
1FFW_A_B|YA50C|0,-3.10546875
1FR2_A_B|AA39E|0,-0.041015625
1FSS_A_B|TB8V|0,-0.3837890625
1FSS_A_B|TB9I|0,-0.75146484375
1FSS_A_B|TB9N|0,-0.737060546875
1FSS_A_B|RB11K|0,-0.116455078125
1FSS_A_B|AB12S|0,0.71875
1FSS_A_B|RB27F|0,-0.611328125
1FSS_A_B|RB27M|0,-1.572265386581421
1FSS_A_B|RB27Y|0,-0.6171875
1FSS_A_B|HB29K|0,0.99609375
1FSS_A_B|HB29R|0,1.318359375
1FSS_A_B|KB32R|0,0.44091796875
1FSS_A_B|MB33F|0,0.748046875
1FSS_A_B|MB33L|0,1.400390625
1FSS_A_B|MB33Q|0,0.40234375
1FSS_A_B|MB33Y|0,0.67578125
1FSS_A_B|VB34T|0,-0.1357421875
1FSS_A_B|LB35W|0,-1.412109375
1FSS_A_B|NB47F|0,-0.1822509765625
1FSS_A_B|NB47W|0,-1.3590087890625
1FSS_A_B|NB47R|0,-0.3511962890625
1FSS_A_B|TB8V|1,-0.3837890625
1FSS_A_B|TB9N|1,-0.737060546875
1FSS_A_B|RB11K|1,-0.116455078125
1FSS_A_B|HB29R|1,1.318359375
1FSS_A_B|KB32R|1,0.44091796875
1FY8_E_I|DE168N|0,-5.265625
1FY8_E_I|QE128K|0,-1.140625
1GC1_G_C|KC1A|0,-2.61767578125
1GC1_G_C|KC2A|0,-1.96337890625
1GC1_G_C|KC7A|0,-1.7558594942092896
1GC1_G_C|KC8A|0,0.16552734375
1GC1_G_C|DC10A|0,-2.8125
1GC1_G_C|TC11A|0,-2.76953125
1GC1_G_C|TC15A|0,-1.390625
1GC1_G_C|TC17A|0,-1.09765625
1GC1_G_C|SC19A|0,-1.236328125
1GC1_G_C|QC20A|0,0.1142578125
1GC1_G_C|KC21A|0,-0.0234375
1GC1_G_C|KC22A|0,-1.228515625
1GC1_G_C|SC23A|0,-0.607421875
1GC1_G_C|QC25A|0,-0.728515625
1GC1_G_C|HC27A|0,-0.0507810115814209
1GC1_G_C|KC29A|0,-2.62890625
1GC1_G_C|NC30A|0,-1.38671875
1GC1_G_C|SC31A|0,-1.49267578125
1GC1_G_C|NC32A|0,-1.3203125
1GC1_G_C|QC33A|0,-1.134765625
1GC1_G_C|KC35A|0,-0.0572509765625
1GC1_G_C|NC39A|0,-0.3720703125
1GC1_G_C|QC40A|0,-0.33740234375
1GC1_G_C|SC42A|0,-0.701171875
1GC1_G_C|LC44A|0,-1.40234375
1GC1_G_C|TC45A|0,-0.771484375
1GC1_G_C|KC46A|0,0.0234375
1GC1_G_C|SC49A|0,-0.560546875
1GC1_G_C|KC50A|0,-0.3828125
1GC1_G_C|LC51A|0,-1.7734375
1GC1_G_C|NC52A|0,-0.41357421875
1GC1_G_C|DC53A|0,-1.08984375
1GC1_G_C|DC56A|0,-0.697265625
1GC1_G_C|RC58A|0,-0.369140625
1GC1_G_C|RC59A|0,0.005859375
1GC1_G_C|SC60A|0,-1.208984375
1GC1_G_C|DC63A|0,-1.12890625
1GC1_G_C|QC64A|0,-0.939453125
1GC1_G_C|NC66A|0,-1.6015625
1GC1_G_C|KC72A|0,-4.75
1GC1_G_C|NC73A|0,-3.558593511581421
1GC1_G_C|KC75A|0,-2.0126953125
1GC1_G_C|EC77A|0,-2.125
1GC1_G_C|YC82A|0,-7.5234375
1GC1_G_C|EC85A|0,-3.27734375
1GC1_G_C|VC86A|0,-0.1484375
1GC1_G_C|EC87A|0,-1.7890625
1GC1_G_C|DC88A|0,-3.396484375
1GC1_G_C|QC89A|0,-0.7109375
1GC1_G_C|KC90A|0,-3.13671875
1GC1_G_C|EC91A|0,0.2109375
1GC1_G_C|EC92A|0,-2.841796875
1GC1_G_C|QC94A|0,-3.109375238418579
1GC1_G_C|QC89L|0,-0.84765625
1GCQ_AB_C|PC5A|0,-0.053466796875
1GCQ_AB_C|AC42G|0,0.30859375
1GCQ_AB_C|WC47Y|0,-1.0546875
1GCQ_AB_C|PC67A|0,-0.9042969942092896
1GCQ_AB_C|PC18A|0,-0.861328125
1GCQ_AB_C|PC19A|0,-0.6484375
1GCQ_AB_C|GC21V|0,-1.6328125
1GL0_E_I|MI28K|0,0.6992186307907104
1GL1_A_I|LI29V|0,-0.0841064453125
1GRN_A_B|DA38E|0,-1.359375
1GUA_A_B|RB4A|0,-0.2294921875
1GUA_A_B|NB9A|0,-4.21875
1GUA_A_B|KB10A|0,-0.99853515625
1GUA_A_B|QB11A|0,-1.910400390625
1GUA_A_B|TB13A|0,-1.0976561307907104
1GUA_A_B|VB14A|0,-1.251953125
1GUA_A_B|KB29A|0,0.31640625
1GUA_A_B|KB32A|0,-0.0703125
1GUA_A_B|VB33A|0,0.396484375
1GUA_A_B|EA37A|0,-6.328125
1GUA_A_B|SA39A|0,-2.14453125
1GUA_A_B|DA30E|0,0.09375
1H9D_A_B|RB2A|0,0.01171875
1H9D_A_B|VB3A|0,-0.091796875
1H9D_A_B|GB60A|0,-0.126953125
1H9D_A_B|QB66A|0,0.34521484375
1H9D_A_B|LB93A|0,-0.224609375
1H9D_A_B|NB94A|0,-0.5703125
1HE8_A_B|KA80V|0,-0.5546875
1IAR_A_B|IA5A|0,0.07177734375
1IAR_A_B|IA5R|0,-0.044677734375
1IAR_A_B|TA6A|0,-0.336181640625
1IAR_A_B|TA6D|0,-0.47021484375
1IAR_A_B|QA8A|0,-0.53173828125
1IAR_A_B|QA8R|0,-0.712890625
1IAR_A_B|EA9Q|0,-0.5625
1IAR_A_B|IA11A|0,-0.7119140625
1IAR_A_B|KA12S|0,0.45703125
1IAR_A_B|KA12E|0,0.08203125
1IAR_A_B|TA13A|0,-0.310546875
1IAR_A_B|TA13D|0,-0.23046875
1IAR_A_B|NA15A|0,-0.677734375
1IAR_A_B|NA15D|0,0.009765625
1IAR_A_B|SA16A|0,-0.77783203125
1IAR_A_B|SA16D|0,-0.3984375
1IAR_A_B|EA19A|0,-0.623046875
1IAR_A_B|EA19R|0,-1.111328125
1IAR_A_B|RA53Q|0,0.33203125
1IAR_A_B|KA77A|0,-0.765625
1IAR_A_B|KA77E|0,-0.2109375
1IAR_A_B|QA78A|0,-0.201171875
1IAR_A_B|QA78E|0,0.380859375
1IAR_A_B|RA81A|0,-0.296875
1IAR_A_B|RA81E|0,-0.052734375
1IAR_A_B|FA82A|0,1.017578125
1IAR_A_B|FA82D|0,1.30078125
1IAR_A_B|KA84A|0,-1.009765625
1IAR_A_B|KA84D|0,-0.369140625
1IAR_A_B|RA85A|0,-0.37451171875
1IAR_A_B|RA85E|0,0.548828125
1IAR_A_B|RA88Q|0,-0.2939453125
1IAR_A_B|RA88A|0,-0.56005859375
1IAR_A_B|NA89A|0,0.59765625
1IAR_A_B|WA91A|0,2.093749761581421
1IAR_A_B|WA91D|0,1.751952886581421
1JCK_A_B|TB20A|0,-0.4326171875
1JCK_A_B|YB26A|0,-0.4150390625
1JCK_A_B|NB60A|0,-0.73046875
1JCK_A_B|YB90A|0,-0.51171875
1JCK_A_B|VB91A|0,-0.4296875
1JCK_A_B|KB103A|0,-1.095703125
1JCK_A_B|FB176A|0,-0.338134765625
1JCK_A_B|TB20A|1,-0.4326171875
1JCK_A_B|YB26A|1,-0.4150390625
1JCK_A_B|NB60A|1,-0.73046875
1JCK_A_B|VB91A|1,-0.4296875
1JCK_A_B|GB102A|0,0.6152341365814209
1JCK_A_B|KB103A|1,-1.095703125
1JCK_A_B|FB176A|1,-0.338134765625
1JRH_LH_I|TI4V|0,-0.2763671875
1JRH_LH_I|EI35Q|0,3.140625
1JRH_LH_I|EL27A|0,1.150390386581421
1JRH_LH_I|DL28A|0,0.060546875
1JRH_LH_I|YL30A|0,-0.01953125
1JRH_LH_I|YL91A|0,-2.40234375
1JRH_LH_I|WL92A|0,0.4160153865814209
1JRH_LH_I|SL93A|0,-1.5703126192092896
1JRH_LH_I|TL94A|0,-0.92529296875
1JRH_LH_I|WL95A|0,1.24609375
1JRH_LH_I|YH32A|0,1.391601800918579
1JRH_LH_I|WH54A|0,-1.21484375
1JRH_LH_I|WH55A|0,1.009765625
1JRH_LH_I|DH56A|0,0.236328125
1JRH_LH_I|DH57A|0,0.537841796875
1JRH_LH_I|DH58A|0,0.361328125
1JRH_LH_I|YH60A|0,-1.859375
1JRH_LH_I|RH100A|0,-0.15185546875
1JRH_LH_I|FH103A|0,1.091796875
1JRH_LH_I|YH104A|0,0.421875
1JRH_LH_I|HH107A|0,1.423828363418579
1JRH_LH_I|EI45P|0,-0.580078125
1JRH_LH_I|KI37A|0,-2.126953125
1JRH_LH_I|KI37M|0,-2.181640625
1JRH_LH_I|NI38A|0,1.083984375
1JRH_LH_I|NI38Q|0,1.09765625
1JRH_LH_I|YI39A|0,1.107421875
1JRH_LH_I|YI39F|0,-0.5625
1JRH_LH_I|GI40A|0,-0.379638671875
1JRH_LH_I|VI41A|0,0.490234375
1JRH_LH_I|KI42A|0,-0.2220458984375
1JRH_LH_I|KI42M|0,-1.765624761581421
1JRH_LH_I|NI43A|0,-1.120849609375
1JRH_LH_I|SI44A|0,-0.7539063692092896
1JRH_LH_I|EI45A|0,-0.8154296875
1JRH_LH_I|WI46F|0,-1.1826171875
1JRH_LH_I|WI46Y|0,-1.087890625
1JRH_LH_I|NI69A|0,0.420654296875
1JRH_LH_I|WI72A|0,1.609375238418579
1JRH_LH_I|WI72F|0,0.7421875
1JRH_LH_I|WI72Y|0,1.031250238418579
1JRH_LH_I|RI74A|0,-6.66796875
1JRH_LH_I|KI88A|0,-0.873046875
1JRH_LH_I|KI37A|1,-2.126953125
1JRH_LH_I|NI38A|1,1.083984375
1JRH_LH_I|NI38Q|1,1.09765625
1JRH_LH_I|YI39A|1,1.107421875
1JRH_LH_I|YI39F|1,-0.5625
1JRH_LH_I|GI40A|1,-0.379638671875
1JRH_LH_I|VI41A|1,0.490234375
1JRH_LH_I|KI42A|1,-0.2220458984375
1JRH_LH_I|NI43A|1,-1.120849609375
1JRH_LH_I|SI44A|1,-0.7539063692092896
1JRH_LH_I|EI45A|1,-0.8154296875
1JRH_LH_I|WI46F|1,-1.1826171875
1JRH_LH_I|WI46Y|1,-1.087890625
1JRH_LH_I|NI69A|1,0.420654296875
1JRH_LH_I|WI72A|1,1.609375238418579
1JRH_LH_I|WI72F|1,0.7421875
1JRH_LH_I|WI72Y|1,1.031250238418579
1JRH_LH_I|RI74A|1,-6.66796875
1JRH_LH_I|KI88A|1,-0.873046875
1JTD_A_B|QA73A|0,1.42578125
1JTD_A_B|NA74A|0,1.703125
1JTD_A_B|LA76A|0,-7.03125
1JTD_A_B|EA78A|0,0.140625
1JTD_A_B|YA79A|0,-5.015625
1JTD_A_B|PA81A|0,-4.640625
1JTD_A_B|EA84A|0,-0.6484373807907104
1JTD_A_B|KA85A|0,-0.734375
1JTD_A_B|MA103A|0,1.01953125
1JTD_A_B|VA190A|0,-0.16796875
1JTD_A_B|MA244A|0,-0.0390625
1JTD_A_B|NB12A|0,-1.9687498807907104
1JTD_A_B|DB14A|0,-0.3203125
1JTD_A_B|WB15A|0,1.242187738418579
1JTD_A_B|TB19A|0,-2.109375
1JTD_A_B|YB35A|0,0.9101563692092896
1JTD_A_B|FB36A|0,-0.12109375
1JTD_A_B|LB53A|0,0.88671875
1JTD_A_B|NB74A|0,1.9296875
1JTD_A_B|YB75A|0,-1.21484375
1JTD_A_B|DB93A|0,-1.048828125
1JTD_A_B|WB114A|0,0.103515625
1JTD_A_B|DB129A|0,-1.1015625
1JTD_A_B|SB131A|0,-0.7578125
1JTD_A_B|DB132A|0,-0.890625
1JTD_A_B|YB153A|0,-0.9765626192092896
1JTD_A_B|DB168A|0,-1.6171875
1JTD_A_B|YB170A|0,0.37353515625
1JTD_A_B|FB171A|0,-0.400390625
1JTD_A_B|IB191A|0,2.156249761581421
1JTD_A_B|FB192A|0,-0.8984375
1JTD_A_B|YB210A|0,-1.935546875
1JTD_A_B|EB230A|0,0.24609375
1JTD_A_B|WB231A|0,0.8173828125
1JTD_A_B|RB248A|0,1.16796875
1JTD_A_B|NB266A|0,0.03515625
1JTG_A_B|GA212S|0,-3.609375
1JTG_A_B|EA79K|0,-1.685546875
1JTG_A_B|DB49A|0,-0.921875
1JTG_A_B|FB142A|0,1.265625
1JTG_A_B|DB49A|1,-0.921875
1JTG_A_B|SA209A|0,-1.6953125
1JTG_A_B|SA105A|0,-7.015625
1JTG_A_B|RA217A|0,-2.88671875
1JTG_A_B|KA208A|0,-8.1484375
1JTG_A_B|DB49A|2,-0.921875
1JTG_A_B|KB74A|0,0.23828125
1JTG_A_B|FB142A|1,1.265625
1JTG_A_B|YB143A|0,0.2861328125
1JTG_A_B|EA79A|0,0.0546875
1JTG_A_B|YA80A|0,-4.796875
1JTG_A_B|RA217A|1,-2.88671875
1JTG_A_B|KA208A|1,-8.1484375
1JTG_A_B|SA105A|1,-7.015625
1JTG_A_B|QA74A|0,1.29296875
1JTG_A_B|NA75A|0,1.8124998807907104
1JTG_A_B|VA78A|0,-4.341796875
1JTG_A_B|EA79A|1,0.0546875
1JTG_A_B|PA82A|0,-4.5546875
1JTG_A_B|EA85A|0,-0.6796873807907104
1JTG_A_B|MA104A|0,0.7851560115814209
1JTG_A_B|EA143A|0,-1.1953123807907104
1JTG_A_B|VA190A|0,0.23486328125
1JTG_A_B|FB36A|0,0.505859375
1JTG_A_B|HB41A|0,1.1328125
1JTG_A_B|DB49A|3,-0.921875
1JTG_A_B|YB50A|0,1.0703125
1JTG_A_B|YB53A|0,-0.30859375
1JTG_A_B|SB71A|0,-1.2021484375
1JTG_A_B|KB74A|1,0.23828125
1JTG_A_B|WB112A|0,1.66015625
1JTG_A_B|SB113A|0,-0.3828125
1JTG_A_B|FB142A|2,1.265625
1JTG_A_B|HB148A|0,1.072265625
1JTG_A_B|WB150A|0,0.00634765625
1JTG_A_B|RB160A|0,-0.92578125
1JTG_A_B|WB162A|0,0.193359375
1JTG_A_B|TB32K|0,-1.43359375
1JTG_A_B|VB93K|0,-2.5
1JTG_A_B|TB140K|0,-1.09375
1JTG_A_B|NB89K|0,-0.8203125
1JTG_A_B|DB163A|0,0.0703125
1JTG_A_B|DB163K|0,-1.070312261581421
1JTG_A_B|KA86N|0,-1.615234375
1JTG_A_B|RA214Y|0,3.523437261581421
1JTG_A_B|PA82Q|0,-6.3203125
1JTG_A_B|EA143G|0,-3.2421875
1JTG_A_B|EA85V|0,-3.3046875
1JTG_A_B|EA85G|0,-2.35498046875
1JTG_A_B|EA146K|0,-2.97265625
1JTG_A_B|EA213K|0,-3.4921875
1JTG_A_B|EA79A|2,0.0546875
1JTG_A_B|EA79D|0,0.703125
1JTG_A_B|EA79K|1,-1.685546875
1JTG_A_B|EB73M|0,-1.29296875
1JTG_A_B|EB31A|0,-0.369140625
1JTG_A_B|SB35A|0,-0.16796875
1JTG_A_B|FB36A|1,0.505859375
1JTG_A_B|SB39A|0,-0.3359375
1JTG_A_B|HB41A|1,1.1328125
1JTG_A_B|GB48A|0,-1.51953125
1JTG_A_B|DB49A|4,-0.921875
1JTG_A_B|YB50A|1,1.0703125
1JTG_A_B|YB51A|0,1.25390625
1JTG_A_B|YB53A|1,-0.30859375
1JTG_A_B|SB71A|1,-1.2021484375
1JTG_A_B|EB73A|0,0.03125
1JTG_A_B|KB74A|2,0.23828125
1JTG_A_B|WB112A|1,1.66015625
1JTG_A_B|SB113A|1,-0.3828125
1JTG_A_B|GB141A|0,-1.2617186307907104
1JTG_A_B|FB142A|3,1.265625
1JTG_A_B|YB143A|1,0.2861328125
1JTG_A_B|RB144A|0,-0.03515625
1JTG_A_B|HB148A|1,1.072265625
1JTG_A_B|WB150A|1,0.00634765625
1JTG_A_B|RB160A|1,-0.92578125
1JTG_A_B|WB162A|1,0.193359375
1JTG_A_B|QA74A|1,1.29296875
1JTG_A_B|NA75A|1,1.8124998807907104
1JTG_A_B|LA77A|0,-6.5625
1JTG_A_B|EA79A|3,0.0546875
1JTG_A_B|YA80A|1,-4.796875
1JTG_A_B|PA82A|1,-4.5546875
1JTG_A_B|EA85A|1,-0.6796873807907104
1JTG_A_B|KA86A|0,-0.453125
1JTG_A_B|MA104A|1,0.7851560115814209
1JTG_A_B|VA190A|1,0.23486328125
1JTG_A_B|MA244A|0,1.37890625
1JTG_A_B|FB36A|2,0.505859375
1JTG_A_B|FB36A|3,0.505859375
1JTG_A_B|FB36A|4,0.505859375
1JTG_A_B|HB41A|2,1.1328125
1JTG_A_B|HB41A|3,1.1328125
1JTG_A_B|HB41A|4,1.1328125
1JTG_A_B|DB49A|5,-0.921875
1JTG_A_B|DB49A|6,-0.921875
1JTG_A_B|DB49A|7,-0.921875
1JTG_A_B|YB53A|2,-0.30859375
1JTG_A_B|YB53A|3,-0.30859375
1JTG_A_B|YB53A|4,-0.30859375
1JTG_A_B|KB74A|3,0.23828125
1JTG_A_B|KB74A|4,0.23828125
1JTG_A_B|KB74A|5,0.23828125
1JTG_A_B|WB112A|2,1.66015625
1JTG_A_B|WB112A|3,1.66015625
1JTG_A_B|WB112A|4,1.66015625
1JTG_A_B|FB142A|4,1.265625
1JTG_A_B|FB142A|5,1.265625
1JTG_A_B|FB142A|6,1.265625
1JTG_A_B|HB148A|2,1.072265625
1JTG_A_B|HB148A|3,1.072265625
1JTG_A_B|HB148A|4,1.072265625
1JTG_A_B|WB150A|2,0.00634765625
1JTG_A_B|WB150A|3,0.00634765625
1JTG_A_B|WB150A|4,0.00634765625
1JTG_A_B|RB160A|2,-0.92578125
1JTG_A_B|RB160A|3,-0.92578125
1JTG_A_B|RB160A|4,-0.92578125
1JTG_A_B|SB39A|1,-0.3359375
1JTG_A_B|GB48A|1,-1.51953125
1JTG_A_B|GB48A|2,-1.51953125
1JTG_A_B|YB50A|2,1.0703125
1JTG_A_B|YB50A|3,1.0703125
1JTG_A_B|YB51A|1,1.25390625
1JTG_A_B|YB51A|2,1.25390625
1JTG_A_B|YB51A|3,1.25390625
1JTG_A_B|SB71A|2,-1.2021484375
1JTG_A_B|EB73A|1,0.03125
1JTG_A_B|SB113A|2,-0.3828125
1JTG_A_B|GB141A|1,-1.2617186307907104
1JTG_A_B|YB143A|2,0.2861328125
1JTG_A_B|YB143A|3,0.2861328125
1JTG_A_B|RB144A|1,-0.03515625
1K8R_A_B|QB11A|0,0.341796875
1K8R_A_B|RB13A|0,0.380859375
1K8R_A_B|KB23A|0,-0.318359375
1K8R_A_B|KB31A|0,-0.1767578125
1K8R_A_B|RB76A|0,-0.359375
1K8R_A_B|RB77A|0,-0.59765625
1K8R_A_B|EA31K|0,-0.8515625
1K8R_A_B|DA33A|0,-5.14453125
1K8R_A_B|EA37A|0,-6.6796875
1K8R_A_B|DA38A|0,-8.64208984375
1K8R_A_B|DA38E|0,-6.203125
1K8R_A_B|DA38N|0,-5.375
1K8R_A_B|SA39A|0,-2.15625
1K8R_A_B|YA40C|0,-5.6953125
1K8R_A_B|YA40F|0,-2.40625
1K8R_A_B|RA41A|0,-6.02392578125
1K8R_A_B|DA57A|0,-12.328125
1K8R_A_B|EA62A|0,-3.8515625
1K8R_A_B|EA63A|0,-3.513671875
1KAC_A_B|PA15S|0,0.552734375
1KAC_A_B|SA87Y|0,-0.8175048828125
1KIP_AB_C|AB32Y|0,2.7451171875
1KIQ_AB_C|FB101Y|0,1.1484375
1KIR_AB_C|SA50Y|0,-2.40625
1KNE_A_P|TP2K|0,1.27734375
1KNE_A_P|TP2I|0,-0.8828125
1KNE_A_P|TP2F|0,-2.26953125
1KNE_A_P|TP2L|0,0.17578125
1KNE_A_P|AA3F|0,-2.1484375
1KNE_A_P|AA3K|0,-0.48828125
1KNE_A_P|AA3L|0,-0.25048828125
1KNE_A_P|AA3T|0,0.076171875
1KNE_A_P|DA40F|0,-0.8613282442092896
1KNE_A_P|DA40I|0,-2.4609375
1KNE_A_P|DA40K|0,-1.7343751192092896
1KNE_A_P|DA40T|0,-2.0625
1KNE_A_P|KA24A|0,-0.869140625
1KTZ_A_B|VA62I|0,-0.49609375
1KTZ_A_B|RA13K|0,-0.57421875
1KTZ_A_B|RA64K|0,0.89453125
1KTZ_A_B|RA13A|0,0.39453125
1KTZ_A_B|RA64A|0,-0.041015625
1KTZ_A_B|LB3A|0,-0.37841796875
1KTZ_A_B|FB6A|0,0.8774416446685791
1KTZ_A_B|DB8A|0,-1.205078125
1KTZ_A_B|DB8N|0,-0.34375
1KTZ_A_B|SB25A|0,-1.69140625
1KTZ_A_B|IB26A|0,0.146484375
1KTZ_A_B|TB27A|0,-0.49560546875
1KTZ_A_B|SB28A|0,-0.61767578125
1KTZ_A_B|SB28L|0,-0.54248046875
1KTZ_A_B|IB29A|0,-0.666015625
1KTZ_A_B|EB31A|0,-0.30126953125
1KTZ_A_B|VB53A|0,0.47314453125
1KTZ_A_B|DB94A|0,-1.5361328125
1KTZ_A_B|EB95A|0,0.36572265625
1KTZ_A_B|EB95Q|0,0.041015625
1KTZ_A_B|NB23A|0,-1.287109375
1KTZ_A_B|VB38A|0,-0.2265625
1KTZ_A_B|EB51A|0,-1.81494140625
1KTZ_A_B|HB55A|0,1.41015625
1KTZ_A_B|FB86A|0,-1.00146484375
1KTZ_A_B|MB88A|0,0.30126953125
1KTZ_A_B|IB101A|0,-0.931640625
1LFD_A_B|RA7A|0,-6.1796875
1LFD_A_B|SA9K|0,-0.18359375
1LFD_A_B|LA10K|0,-1.333984375
1LFD_A_B|NA14K|0,0.17578125
1LFD_A_B|MA17K|0,1.796875
1LFD_A_B|KA19A|0,-7.8984375
1LFD_A_B|KA35A|0,-3.1875
1LFD_A_B|DA38A|0,0.30859375
1LFD_A_B|DA38K|0,1.7226561307907104
1LFD_A_B|KA39A|0,-4.46484375
1LFD_A_B|NA41K|0,0.671875
1LFD_A_B|LA42K|0,-4.28515625
1LFD_A_B|DA43A|0,0.1015625
1LFD_A_B|EA44A|0,-0.3828125
1LFD_A_B|EA44K|0,1.080078125
1LFD_A_B|DA45K|0,0.41796875
1LFD_A_B|NA79K|0,0.2109375
1LFD_A_B|YA80K|0,1.4921875
1LFD_A_B|DA81K|0,0.2109375
1LFD_A_B|RA7A|1,-6.1796875
1LFD_A_B|SA9K|1,-0.18359375
1LFD_A_B|LA10K|1,-1.333984375
1LFD_A_B|NA14K|1,0.17578125
1LFD_A_B|MA17K|1,1.796875
1LFD_A_B|KA19A|1,-7.8984375
1LFD_A_B|KA35A|1,-3.1875
1LFD_A_B|DA38A|1,0.30859375
1LFD_A_B|DA38K|1,1.7226561307907104
1LFD_A_B|KA39A|1,-4.46484375
1LFD_A_B|NA41K|1,0.671875
1LFD_A_B|LA42K|1,-4.28515625
1LFD_A_B|DA43A|1,0.1015625
1LFD_A_B|EA44A|1,-0.3828125
1LFD_A_B|EA44K|1,1.080078125
1LFD_A_B|DA45K|1,0.41796875
1LFD_A_B|NA79K|1,0.2109375
1LFD_A_B|YA80K|1,1.4921875
1LFD_A_B|DA81K|1,0.2109375
1LFD_A_B|IA5A|0,-2.3203125
1LFD_A_B|RA7A|2,-6.1796875
1LFD_A_B|NA14A|0,-1.00146484375
1LFD_A_B|NA16A|0,-0.47265625
1LFD_A_B|YA18F|0,-1.3046875
1LFD_A_B|KA19A|2,-7.8984375
1LFD_A_B|SA20A|0,-4.841796875
1LFD_A_B|KA35A|2,-3.1875
1LFD_A_B|DA38A|2,0.30859375
1LFD_A_B|KA39A|2,-4.46484375
1LFD_A_B|HA40A|0,-1.107177734375
1LFD_A_B|EA44A|2,-0.3828125
1LFD_A_B|QB25A|0,-1.248046875
1LFD_A_B|DB33A|0,-4.859375
1LFD_A_B|SB39A|0,-2.5703125
1LFD_A_B|YB40F|0,-2.9375
1LFD_A_B|RB41A|0,-4.39453125
1LFD_A_B|IA5A|1,-2.3203125
1LFD_A_B|RA7A|3,-6.1796875
1LFD_A_B|NA14A|1,-1.00146484375
1LFD_A_B|NA16A|1,-0.47265625
1LFD_A_B|YA18F|1,-1.3046875
1LFD_A_B|YA18A|0,-4.53125
1LFD_A_B|KA19A|3,-7.8984375
1LFD_A_B|SA20A|1,-4.841796875
1LFD_A_B|KA35A|3,-3.1875
1LFD_A_B|DA38A|3,0.30859375
1LFD_A_B|KA39A|3,-4.46484375
1LFD_A_B|HA40A|1,-1.107177734375
1LFD_A_B|EA44A|3,-0.3828125
1LFD_A_B|VB29A|0,-2.914062261581421
1LFD_A_B|EB37A|0,-5.84375
1LFD_A_B|DB38A|0,-8.43896484375
1LFD_A_B|SB39A|1,-2.5703125
1LFD_A_B|YB40F|1,-2.9375
1LFD_A_B|YB40A|0,-8.4765625
1LFD_A_B|RB41A|1,-4.39453125
1LFD_A_B|EB62A|0,-3.871093511581421
1LFD_A_B|EB63A|0,-4.548828125
1LFD_A_B|YB32W|0,-7.4912109375
1LP9_ABC_EF|TA163A|0,-1.935546875
1LP9_ABC_EF|WA167A|0,-3.052734375
1LP9_ABC_EF|KA66A|0,-2.49609375
1LP9_ABC_EF|KA66A|1,-2.49609375
1M9E_A_D|AD76H|0,-1.3828125
1MAH_A_F|FA285L|0,0.484375
1MAH_A_F|FA287I|0,-1.484375
1MAH_A_F|FA287Y|0,0.17578125
1MAH_A_F|FA328G|0,-2.5859375
1MAH_A_F|YA327A|0,0.2802734375
1MAH_A_F|DA71N|0,-0.4296875
1MAH_A_F|YA121Q|0,2.3828125
1MAH_A_F|YA69N|0,-0.5048828125
1MAH_A_F|WA276R|0,1.9453125
1MHP_HL_A|SL27Q|0,-3.328613519668579
1MHP_HL_A|LL48K|0,-0.7275390625
1MHP_HL_A|TH50V|0,-2.0546875
1MHP_HL_A|LH60D|0,2.296875
1MHP_HL_A|KH64E|0,-5.372528076171875
1MHP_HL_A|KH64Q|0,-1.390625
1MHP_HL_A|KH64D|0,-8.15625
1MHP_HL_A|KH64N|0,-5.1328125
1MHP_HL_A|SL27Q|1,-3.328613519668579
1MHP_HL_A|NL51Y|0,-1.861328363418579
1MHP_HL_A|GH100M|0,-2.3671875
1MHP_HL_A|SL23R|0,-1.3203125
1MHP_HL_A|NL51E|0,-2.214843988418579
1MHP_HL_A|FH99W|0,-0.703125
1MHP_HL_A|GH100F|0,-1.4453125
1MHP_HL_A|GH54Y|0,-0.515625
1MHP_HL_A|FH99W|1,-0.703125
1MHP_HL_A|NL29V|0,-1.232421875
1MHP_HL_A|HL30R|0,1.78515625
1MHP_HL_A|HL30K|0,0.486328125
1MHP_HL_A|LL48K|1,-0.7275390625
1MHP_HL_A|NL51R|0,-1.333984375
1MHP_HL_A|NL51K|0,-0.98046875
1MHP_HL_A|RH31Q|0,2.059326171875
1MHP_HL_A|SH35Q|0,-2.8046875
1MHP_HL_A|TH50V|1,-2.0546875
1MHP_HL_A|YH59E|0,-5.2578125
1MHP_HL_A|LH60D|1,2.296875
1MHP_HL_A|KH64E|1,-5.372528076171875
1MHP_HL_A|KH64Q|1,-1.390625
1MHP_HL_A|KH64D|1,-8.15625
1MHP_HL_A|KH64N|1,-5.1328125
1MHP_HL_A|SL27Q|2,-3.328613519668579
1MHP_HL_A|NL29Y|0,-0.19921875
1MHP_HL_A|NL29W|0,-3.285156488418579
1MHP_HL_A|NL51Y|1,-1.861328363418579
1MHP_HL_A|SL90T|0,-0.44921875
1MHP_HL_A|GL91Q|0,-1.3642578125
1MHP_HL_A|GL91S|0,0.4609375
1MHP_HL_A|SH52M|0,-3.9765625
1MHP_HL_A|GH53S|0,1.8046875
1MHP_HL_A|GH53A|0,-0.234375
1MHP_HL_A|GH54I|0,-3.8046875
1MHP_HL_A|GH54T|0,-1.0234375
1MHP_HL_A|YH58Q|0,-4.9296875
1MHP_HL_A|YH58E|0,-5.0546875
1MHP_HL_A|YH58W|0,-4.9375
1MHP_HL_A|GH100M|1,-2.3671875
1MHP_HL_A|SL23R|1,-1.3203125
1MHP_HL_A|LL48F|0,-0.7939453125
1MHP_HL_A|LL48W|0,-2.2236328125
1MHP_HL_A|NL51D|0,-1.126953125
1MHP_HL_A|NL51E|1,-2.214843988418579
1MHP_HL_A|WL89Q|0,0.169921875
1MHP_HL_A|SL90Q|0,-1.394775390625
1MHP_HL_A|TH33V|0,-2.7265625
1MHP_HL_A|TH33N|0,-0.9921875
1MHP_HL_A|SH35A|0,0.6640623807907104
1MHP_HL_A|FH99W|2,-0.703125
1MHP_HL_A|FH99Y|0,1.19140625
1MHP_HL_A|GH100L|0,-0.474609375
1MHP_HL_A|GH100F|1,-1.4453125
1MHP_HL_A|GH100S|0,-0.03125
1MHP_HL_A|HL30W|0,-0.94140625
1MHP_HL_A|GH53N|0,0.2265625
1MHP_HL_A|GH54Y|1,-0.515625
1MHP_HL_A|FH99W|3,-0.703125
1MHP_HL_A|FH99Y|1,1.19140625
1MI5_ABC_DE|SD23A|0,-2.90234375
1MI5_ABC_DE|TD24A|0,-0.99609375
1MI5_ABC_DE|SD26A|0,-2.154541015625
1MI5_ABC_DE|TD28A|0,-0.37890625
1MI5_ABC_DE|YD30A|0,-1.50390625
1MI5_ABC_DE|HD47A|0,-0.828125
1MI5_ABC_DE|TD50A|0,-1.01025390625
1MI5_ABC_DE|SD51A|0,-1.2695313692092896
1MI5_ABC_DE|ND52A|0,-0.203125
1MI5_ABC_DE|AD91G|0,0.527587890625
1MI5_ABC_DE|GD92A|0,-0.064453125
1MI5_ABC_DE|TD94A|0,-0.343994140625
1MI5_ABC_DE|SD95A|0,-0.57421875
1MI5_ABC_DE|SE25A|0,-1.208984375
1MI5_ABC_DE|GE26A|0,-1.9062501192092896
1MI5_ABC_DE|VE28A|0,0.171875
1MI5_ABC_DE|SE29A|0,-0.7343751192092896
1MI5_ABC_DE|QE48A|0,0.0390625
1MI5_ABC_DE|NE49A|0,-0.49609375
1MI5_ABC_DE|EE50A|0,0.1171875
1MI5_ABC_DE|SE92A|0,-1.65625
1MI5_ABC_DE|SE93A|0,-1.7421873807907104
1MI5_ABC_DE|LE94A|0,0.28857421875
1MI5_ABC_DE|EE99A|0,-0.46533203125
1MI5_ABC_DE|YE101A|0,-2.306640625
1MLC_AB_E|NA32G|0,-0.16015625
1MLC_AB_E|NA92A|0,-0.623046875
1MLC_AB_E|TB28D|0,-2.6171875
1MLC_AB_E|TB31A|0,-0.515625
1MLC_AB_E|TB31V|0,-2.7421875
1MLC_AB_E|SB57A|0,-1.1484375
1MLC_AB_E|SB57V|0,-1.8828125
1MLC_AB_E|TB58D|0,-1.98828125
1MLC_AB_E|KB65D|0,-6.421875
1MLC_AB_E|NA32Y|0,2.3671875
1MLC_AB_E|TB31W|0,-3.21875
1N8O_ABC_E|ME80L|0,1.421875
1N8O_ABC_E|ME80K|0,1.029296875
1N8O_ABC_E|ME80R|0,0.384765625
1N8Z_AB_C|LC509A|0,-1.3554686307907104
1N8Z_AB_C|SC535A|0,-2.00390625
1N8Z_AB_C|VC536A|0,0.625
1N8Z_AB_C|FC539A|0,-0.908203125
1N8Z_AB_C|NA30S|0,1.474609375
1N8Z_AB_C|HA91F|0,1.109375
1N8Z_AB_C|TA94S|0,0.73046875
1N8Z_AB_C|DB102W|0,-2.07421875
1N8Z_AB_C|YB105F|0,-1.05859375
1N8Z_AB_C|YB109V|0,-1.5546875
1N8Z_AB_C|RB50A|0,-0.5205078125
1N8Z_AB_C|RB59A|0,-0.28125
1NCA_N_LH|NH31Q|0,-1.52734375
1NCA_N_LH|EH100D|0,0.4423828125
1NCA_N_LH|DH101K|0,0.8203125
1NCA_N_LH|NH102Q|0,-0.4228515625
1NMB_N_LH|DH57N|0,0.7978515625
1NMB_N_LH|DH57E|0,-0.2900390625
1NMB_N_LH|YH103A|0,-1.6074217557907104
1NMB_N_LH|YH105F|0,-1.4238280057907104
1NMB_N_LH|YL32F|0,-3.457031488418579
1NMB_N_LH|TL93F|0,-1.359375
1NMB_N_LH|TL93W|0,-1.27734375
1NMB_N_LH|LL94V|0,-0.28759765625
1OGA_ABC_DE|DE28A|0,-2.941406488418579
1OGA_ABC_DE|IE49V|0,0.337890625
1OGA_ABC_DE|IE49L|0,0.47265625
1OGA_ABC_DE|NE51A|0,-0.80859375
1OGA_ABC_DE|NE51D|0,-0.556640625
1OGA_ABC_DE|DE52A|0,-0.15087890625
1OGA_ABC_DE|QE54A|0,-0.442626953125
1OGA_ABC_DE|QE54E|0,0.903076171875
1OGA_ABC_DE|SE95A|0,-1.6699217557907104
1OGA_ABC_DE|YE97A|0,-0.42138671875
1OGA_ABC_DE|YE97F|0,-0.7109375
1OGA_ABC_DE|SD29A|0,-2.36328125
1OGA_ABC_DE|SD30A|0,-1.5537109375
1OGA_ABC_DE|QD32A|0,-1.503906011581421
1OGA_ABC_DE|IE49V|1,0.337890625
1OGA_ABC_DE|NE51A|1,-0.80859375
1OGA_ABC_DE|DE52A|1,-0.15087890625
1OGA_ABC_DE|QE54A|1,-0.442626953125
1OGA_ABC_DE|QE54E|1,0.903076171875
1OGA_ABC_DE|SE95A|1,-1.6699217557907104
1OGA_ABC_DE|YE97A|1,-0.42138671875
1OGA_ABC_DE|YE97F|1,-0.7109375
1OGA_ABC_DE|SD30A|1,-1.5537109375
1OGA_ABC_DE|QD32A|1,-1.503906011581421
1OGA_ABC_DE|QA43A|0,3.0546875
1OGA_ABC_DE|EA58A|0,-1.3750001192092896
1OGA_ABC_DE|DA61A|0,0.7812501192092896
1OGA_ABC_DE|EA63A|0,-2.294921875
1OGA_ABC_DE|TA64A|0,-0.48828125
1OGA_ABC_DE|RA65A|0,0.0859375
1OGA_ABC_DE|KA66A|0,-2.53125
1OGA_ABC_DE|VA67A|0,-0.412109375
1OGA_ABC_DE|KA68A|0,0.14453125
1OGA_ABC_DE|AA69G|0,-0.8046875
1OGA_ABC_DE|HA70A|0,1.95703125
1OGA_ABC_DE|QA72A|0,-0.15625
1OGA_ABC_DE|TA73A|0,0.6513671875
1OGA_ABC_DE|HA74A|0,1.23828125
1OGA_ABC_DE|RA75A|0,0.0859375
1OGA_ABC_DE|VA76A|0,1.37109375
1OGA_ABC_DE|TA80A|0,0.201171875
1OGA_ABC_DE|KA146A|0,-2.292968511581421
1OGA_ABC_DE|AA149G|0,-0.267578125
1OGA_ABC_DE|AA150G|0,0.0625
1OGA_ABC_DE|HA151A|0,1.658203125
1OGA_ABC_DE|VA152A|0,0.42529296875
1OGA_ABC_DE|EA154A|0,-0.09375
1OGA_ABC_DE|QA155A|0,-0.810546875
1OGA_ABC_DE|AA158G|0,-0.3642578125
1OGA_ABC_DE|TA163A|0,-1.90234375
1P69_A_B|SA15P|0,-0.55078125
1P6A_A_B|YA87S|0,0.822021484375
1PPF_E_I|LI18G|0,-2.140625
1PPF_E_I|LI18A|0,-0.8359375
1PPF_E_I|LI18S|0,-0.2890625
1PPF_E_I|LI18C|0,-5.390625
1PPF_E_I|LI18V|0,-1.1376953125
1PPF_E_I|LI18T|0,-0.802734375
1PPF_E_I|LI18P|0,-0.630859375
1PPF_E_I|LI18I|0,-1.388671875
1PPF_E_I|LI18M|0,-2.2890625
1PPF_E_I|LI18N|0,-0.669921875
1PPF_E_I|LI18D|0,-1.129150390625
1PPF_E_I|LI18K|0,-1.671875
1PPF_E_I|LI18Q|0,-1.208984375
1PPF_E_I|LI18E|0,-1.63671875
1PPF_E_I|LI18H|0,-3.078125
1PPF_E_I|LI18F|0,-1.142578125
1PPF_E_I|LI18R|0,0.5703125
1PPF_E_I|LI18Y|0,-1.53515625
1PPF_E_I|LI18W|0,-1.91015625
1PPF_E_I|AI15G|0,-0.06640625
1PPF_E_I|AI15S|0,0.470703125
1PPF_E_I|AI15C|0,-4.154296875
1PPF_E_I|AI15V|0,0.611328125
1PPF_E_I|AI15T|0,0.662109375
1PPF_E_I|AI15P|0,-0.34521484375
1PPF_E_I|AI15L|0,0.0078125
1PPF_E_I|AI15I|0,-0.1005859375
1PPF_E_I|AI15M|0,-2.060546875
1PPF_E_I|AI15N|0,-0.02734375
1PPF_E_I|AI15D|0,-0.4833984375
1PPF_E_I|AI15K|0,-0.771484375
1PPF_E_I|AI15Q|0,-0.23291015625
1PPF_E_I|AI15E|0,-0.552734375
1PPF_E_I|AI15H|0,-2.685546875
1PPF_E_I|AI15F|0,-0.80859375
1PPF_E_I|AI15R|0,-0.22900390625
1PPF_E_I|AI15Y|0,-1.326171875
1PPF_E_I|AI15W|0,-3.732421875
1PPF_E_I|TI17G|0,-1.3984375
1PPF_E_I|TI17A|0,-1.12109375
1PPF_E_I|TI17S|0,-0.0078125
1PPF_E_I|TI17C|0,-7.6484375
1PPF_E_I|TI17V|0,-2.330078125
1PPF_E_I|TI17P|0,0.5546875
1PPF_E_I|TI17L|0,-1.93408203125
1PPF_E_I|TI17I|0,-3.2109375
1PPF_E_I|TI17M|0,-4.1484375
1PPF_E_I|TI17N|0,-1.94482421875
1PPF_E_I|TI17D|0,-1.91552734375
1PPF_E_I|TI17K|0,-2.7421875
1PPF_E_I|TI17Q|0,-2.51953125
1PPF_E_I|TI17E|0,-2.703125
1PPF_E_I|TI17H|0,-3.5625
1PPF_E_I|TI17F|0,-3.078125
1PPF_E_I|TI17R|0,-1.82421875
1PPF_E_I|TI17Y|0,-3.1953125
1PPF_E_I|TI17W|0,-4.9140625
1PPF_E_I|EI19G|0,-3.49609375
1PPF_E_I|EI19A|0,-2.40234375
1PPF_E_I|EI19S|0,-2.37890625
1PPF_E_I|EI19C|0,-9.796875
1PPF_E_I|EI19V|0,-2.611328125
1PPF_E_I|EI19T|0,-2.7059326171875
1PPF_E_I|EI19P|0,-5.828125
1PPF_E_I|EI19L|0,-2.71630859375
1PPF_E_I|EI19I|0,-3.1484375
1PPF_E_I|EI19M|0,-4.6015625
1PPF_E_I|EI19N|0,-2.05859375
1PPF_E_I|EI19D|0,-0.984375
1PPF_E_I|EI19K|0,-3.5546875
1PPF_E_I|EI19Q|0,-1.2578123807907104
1PPF_E_I|EI19H|0,-3.8359375
1PPF_E_I|EI19F|0,-3.6015625
1PPF_E_I|EI19R|0,-2.39453125
1PPF_E_I|EI19Y|0,-3.9609375
1PPF_E_I|EI19W|0,-5.53125
1PPF_E_I|YI20G|0,-3.796875
1PPF_E_I|YI20A|0,-2.19921875
1PPF_E_I|YI20S|0,-1.5439454317092896
1PPF_E_I|YI20C|0,-7.265625
1PPF_E_I|YI20V|0,-1.3378907442092896
1PPF_E_I|YI20T|0,-1.3417969942092896
1PPF_E_I|YI20P|0,-3.0859375
1PPF_E_I|YI20L|0,-0.34375
1PPF_E_I|YI20I|0,-1.0937501192092896
1PPF_E_I|YI20M|0,-2.65625
1PPF_E_I|YI20N|0,-1.8876954317092896
1PPF_E_I|YI20D|0,-2.28125
1PPF_E_I|YI20K|0,-2.11328125
1PPF_E_I|YI20Q|0,-1.9707032442092896
1PPF_E_I|YI20E|0,-2.4375
1PPF_E_I|YI20H|0,-2.55859375
1PPF_E_I|YI20F|0,-0.5156251192092896
1PPF_E_I|YI20R|0,-1.3945313692092896
1PPF_E_I|YI20W|0,-2.90625
1PPF_E_I|RI21G|0,-1.8046875
1PPF_E_I|RI21A|0,0.34765625
1PPF_E_I|RI21S|0,0.40234375
1PPF_E_I|RI21C|0,-6.738280773162842
1PPF_E_I|RI21V|0,-0.74853515625
1PPF_E_I|RI21T|0,-1.068359375
1PPF_E_I|RI21P|0,-4.48828125
1PPF_E_I|RI21L|0,-1.017578125
1PPF_E_I|RI21I|0,-1.51171875
1PPF_E_I|RI21M|0,-1.89453125
1PPF_E_I|RI21N|0,0.9960938692092896
1PPF_E_I|RI21D|0,0.9101563692092896
1PPF_E_I|RI21K|0,-0.662109375
1PPF_E_I|RI21Q|0,-0.15625
1PPF_E_I|RI21E|0,-0.16796875
1PPF_E_I|RI21H|0,-2.01171875
1PPF_E_I|RI21F|0,-1.19140625
1PPF_E_I|RI21Y|0,-1.55859375
1PPF_E_I|RI21W|0,-3.69140625
1PPF_E_I|PI14G|0,-1.1884765625
1PPF_E_I|PI14A|0,-0.603515625
1PPF_E_I|PI14S|0,-0.97119140625
1PPF_E_I|PI14C|0,-1.640625
1PPF_E_I|PI14V|0,-0.33984375
1PPF_E_I|PI14T|0,-0.8134765625
1PPF_E_I|PI14L|0,-0.18359375
1PPF_E_I|PI14I|0,-0.8427734375
1PPF_E_I|PI14M|0,-2.55859375
1PPF_E_I|PI14N|0,-1.40234375
1PPF_E_I|PI14D|0,-1.69140625
1PPF_E_I|PI14K|0,-1.61328125
1PPF_E_I|PI14Q|0,-1.298828125
1PPF_E_I|PI14E|0,-1.609375
1PPF_E_I|PI14H|0,-3.17578125
1PPF_E_I|PI14F|0,-1.59375
1PPF_E_I|PI14R|0,-0.751953125
1PPF_E_I|PI14Y|0,-2.10546875
1PPF_E_I|PI14W|0,-4.36328125
1PPF_E_I|KI13G|0,-0.353515625
1PPF_E_I|KI13A|0,1.142578125
1PPF_E_I|KI13S|0,0.28173828125
1PPF_E_I|KI13C|0,-1.423827886581421
1PPF_E_I|KI13V|0,1.076171875
1PPF_E_I|KI13T|0,0.4326171875
1PPF_E_I|KI13P|0,1.396484375
1PPF_E_I|KI13L|0,1.189453125
1PPF_E_I|KI13I|0,0.4716796875
1PPF_E_I|KI13M|0,-1.205077886581421
1PPF_E_I|KI13N|0,0.21630859375
1PPF_E_I|KI13D|0,-0.373046875
1PPF_E_I|KI13Q|0,0.393798828125
1PPF_E_I|KI13E|0,-0.08203125
1PPF_E_I|KI13H|0,-1.744140386581421
1PPF_E_I|KI13F|0,-0.365234375
1PPF_E_I|KI13R|0,1.103515625
1PPF_E_I|KI13Y|0,-0.7832028865814209
1PPF_E_I|KI13W|0,-2.400390386581421
1PPF_E_I|GI32A|0,0.716796875
1PPF_E_I|GI32S|0,1.3613282442092896
1PPF_E_I|GI32C|0,-4.349609375
1PPF_E_I|GI32V|0,0.03125
1PPF_E_I|GI32T|0,0.4267578125
1PPF_E_I|GI32P|0,0.408203125
1PPF_E_I|GI32L|0,0.455078125
1PPF_E_I|GI32I|0,-0.341796875
1PPF_E_I|GI32M|0,-1.208984375
1PPF_E_I|GI32N|0,0.6640625
1PPF_E_I|GI32D|0,0.982421875
1PPF_E_I|GI32K|0,-1.185546875
1PPF_E_I|GI32Q|0,0.1728515625
1PPF_E_I|GI32E|0,-0.259765625
1PPF_E_I|GI32H|0,-1.083984375
1PPF_E_I|GI32F|0,0.4482421875
1PPF_E_I|GI32R|0,-0.056640625
1PPF_E_I|GI32Y|0,-0.009765625
1PPF_E_I|GI32W|0,-1.396484375
1PPF_E_I|NI36G|0,-1.28515625
1PPF_E_I|NI36A|0,2.12109375
1PPF_E_I|NI36S|0,0.6328125
1PPF_E_I|NI36C|0,-5.347655773162842
1PPF_E_I|NI36V|0,2.24609375
1PPF_E_I|NI36T|0,0.69921875
1PPF_E_I|NI36P|0,-3.785155773162842
1PPF_E_I|NI36L|0,2.18359375
1PPF_E_I|NI36I|0,1.66796875
1PPF_E_I|NI36M|0,0.37109375
1PPF_E_I|NI36D|0,0.28125
1PPF_E_I|NI36K|0,-0.23828125
1PPF_E_I|NI36Q|0,1.380859375
1PPF_E_I|NI36E|0,1.62109375
1PPF_E_I|NI36H|0,2.17578125
1PPF_E_I|NI36F|0,1.55859375
1PPF_E_I|NI36R|0,0.3984375
1PPF_E_I|NI36Y|0,1.1201171875
1PPF_E_I|NI36W|0,-1.28515625
1PPF_E_I|LI18M|1,-2.2890625
1PPF_E_I|GI32A|1,0.716796875
1PPF_E_I|YI20H|1,-2.55859375
1PPF_E_I|GI32V|1,0.03125
1PPF_E_I|TI17E|1,-2.703125
1PPF_E_I|TI17S|1,-0.0078125
1PPF_E_I|TI17V|1,-2.330078125
1PPF_E_I|AI15V|1,0.611328125
1PPF_E_I|TI17A|1,-1.12109375
1PPF_E_I|LI18K|1,-1.671875
1PPF_E_I|LI18A|1,-0.8359375
1PPF_E_I|LI18E|1,-1.63671875
1PPF_E_I|LI18Q|1,-1.208984375
1QSE_ABC_DE|RC7V|0,1.134765625
1R0R_E_I|LI13G|0,-1.255859613418579
1R0R_E_I|LI13A|0,-0.154296875
1R0R_E_I|LI13S|0,1.166015625
1R0R_E_I|LI13C|0,-5.013671875
1R0R_E_I|LI13V|0,-0.826171875
1R0R_E_I|LI13T|0,0.673828125
1R0R_E_I|LI13P|0,-0.876953125
1R0R_E_I|LI13I|0,-0.845703125
1R0R_E_I|LI13M|0,1.486328125
1R0R_E_I|LI13N|0,0.380859375
1R0R_E_I|LI13D|0,-0.57421875
1R0R_E_I|LI13K|0,0.326171875
1R0R_E_I|LI13Q|0,0.201171875
1R0R_E_I|LI13E|0,-0.6796875
1R0R_E_I|LI13H|0,-2.162109613418579
1R0R_E_I|LI13F|0,-1.349609613418579
1R0R_E_I|LI13R|0,0.255859375
1R0R_E_I|LI13Y|0,-0.20849609375
1R0R_E_I|LI13W|0,-1.341797113418579
1R0R_E_I|AI10G|0,-1.455078125
1R0R_E_I|AI10S|0,0.046875
1R0R_E_I|AI10C|0,-3.515625
1R0R_E_I|AI10V|0,0.46874988079071045
1R0R_E_I|AI10T|0,0.6562498807907104
1R0R_E_I|AI10P|0,-1.35546875
1R0R_E_I|AI10L|0,-1.267578125
1R0R_E_I|AI10I|0,-0.755859375
1R0R_E_I|AI10M|0,-2.796875
1R0R_E_I|AI10N|0,-0.9619140625
1R0R_E_I|AI10D|0,-0.7421875
1R0R_E_I|AI10K|0,-1.408203125
1R0R_E_I|AI10Q|0,-1.03076171875
1R0R_E_I|AI10E|0,-0.36328125
1R0R_E_I|AI10H|0,-4.578125
1R0R_E_I|AI10F|0,-2.53125
1R0R_E_I|AI10R|0,-2.9609375
1R0R_E_I|AI10Y|0,-1.98828125
1R0R_E_I|AI10W|0,-4.484375
1R0R_E_I|TI12G|0,-4.232421875
1R0R_E_I|TI12A|0,-3.52734375
1R0R_E_I|TI12S|0,-1.6406251192092896
1R0R_E_I|TI12C|0,-9.3125
1R0R_E_I|TI12V|0,-4.201171875
1R0R_E_I|TI12P|0,-2.1328125
1R0R_E_I|TI12L|0,-4.482421875
1R0R_E_I|TI12I|0,-4.83984375
1R0R_E_I|TI12M|0,-5.75
1R0R_E_I|TI12N|0,-4.0509033203125
1R0R_E_I|TI12D|0,-4.55078125
1R0R_E_I|TI12K|0,-4.58984375
1R0R_E_I|TI12Q|0,-5.1796875
1R0R_E_I|TI12E|0,-4.95703125
1R0R_E_I|TI12H|0,-6.75
1R0R_E_I|TI12F|0,-6.140625
1R0R_E_I|TI12R|0,-5.0859375
1R0R_E_I|TI12Y|0,-5.4140625
1R0R_E_I|TI12W|0,-7.0625
1R0R_E_I|EI14G|0,-5.859375
1R0R_E_I|EI14A|0,-3.777343988418579
1R0R_E_I|EI14S|0,-3.734375238418579
1R0R_E_I|EI14C|0,-11.09375
1R0R_E_I|EI14V|0,-3.0703125
1R0R_E_I|EI14T|0,-3.658203363418579
1R0R_E_I|EI14P|0,-7.234375
1R0R_E_I|EI14L|0,-4.75390625
1R0R_E_I|EI14I|0,-3.796875238418579
1R0R_E_I|EI14M|0,-5.6015625
1R0R_E_I|EI14N|0,-3.965820550918579
1R0R_E_I|EI14D|0,-1.859375
1R0R_E_I|EI14K|0,-4.984375
1R0R_E_I|EI14Q|0,-2.6015625
1R0R_E_I|EI14H|0,-6.359375
1R0R_E_I|EI14F|0,-6.171875
1R0R_E_I|EI14R|0,-6.1015625
1R0R_E_I|EI14Y|0,-5.5390625
1R0R_E_I|EI14W|0,-7.234375
1R0R_E_I|YI15G|0,-4.484375
1R0R_E_I|YI15A|0,-3.26953125
1R0R_E_I|YI15S|0,-2.486328125
1R0R_E_I|YI15C|0,-7.953125
1R0R_E_I|YI15V|0,-2.435546875
1R0R_E_I|YI15T|0,-2.310546875
1R0R_E_I|YI15P|0,-4.109375
1R0R_E_I|YI15L|0,-1.3437498807907104
1R0R_E_I|YI15I|0,-1.9023436307907104
1R0R_E_I|YI15M|0,-3.20703125
1R0R_E_I|YI15N|0,-2.63134765625
1R0R_E_I|YI15D|0,-3.1640625
1R0R_E_I|YI15K|0,-3.30078125
1R0R_E_I|YI15Q|0,-3.375
1R0R_E_I|YI15E|0,-3.703125
1R0R_E_I|YI15H|0,-3.765625
1R0R_E_I|YI15F|0,-1.6328123807907104
1R0R_E_I|YI15R|0,-4.0703125
1R0R_E_I|YI15W|0,-2.564453125
1R0R_E_I|RI16G|0,0.9008791446685791
1R0R_E_I|RI16A|0,2.718750238418579
1R0R_E_I|RI16S|0,2.523437738418579
1R0R_E_I|RI16C|0,-4.25
1R0R_E_I|RI16V|0,-0.359375
1R0R_E_I|RI16T|0,0.078125
1R0R_E_I|RI16P|0,-2.984375
1R0R_E_I|RI16L|0,0.287109375
1R0R_E_I|RI16I|0,-1.1875
1R0R_E_I|RI16M|0,-0.09375
1R0R_E_I|RI16N|0,3.718750238418579
1R0R_E_I|RI16D|0,3.484375238418579
1R0R_E_I|RI16K|0,0.9121096134185791
1R0R_E_I|RI16Q|0,1.224609613418579
1R0R_E_I|RI16E|0,1.535156488418579
1R0R_E_I|RI16H|0,-0.19921875
1R0R_E_I|RI16F|0,0.5615234375
1R0R_E_I|RI16Y|0,1.119140863418579
1R0R_E_I|RI16W|0,-1.171875
1R0R_E_I|PI9G|0,-1.04345703125
1R0R_E_I|PI9A|0,-0.55859375
1R0R_E_I|PI9S|0,-0.77734375
1R0R_E_I|PI9C|0,-0.35546875
1R0R_E_I|PI9V|0,-0.66796875
1R0R_E_I|PI9T|0,-0.7109375
1R0R_E_I|PI9L|0,-0.609375
1R0R_E_I|PI9I|0,-1.22802734375
1R0R_E_I|PI9M|0,-2.7578125
1R0R_E_I|PI9N|0,-1.345703125
1R0R_E_I|PI9D|0,-1.259765625
1R0R_E_I|PI9K|0,-1.224609375
1R0R_E_I|PI9Q|0,-1.46484375
1R0R_E_I|PI9E|0,-1.2216796875
1R0R_E_I|PI9H|0,-3.421875
1R0R_E_I|PI9F|0,-2.05859375
1R0R_E_I|PI9R|0,-2.2734375
1R0R_E_I|PI9Y|0,-1.66015625
1R0R_E_I|PI9W|0,-4.046875
1R0R_E_I|KI8G|0,-1.21875
1R0R_E_I|KI8A|0,0.73828125
1R0R_E_I|KI8S|0,-0.40625
1R0R_E_I|KI8C|0,-0.2783203125
1R0R_E_I|KI8V|0,0.26953125
1R0R_E_I|KI8T|0,-0.013671875
1R0R_E_I|KI8P|0,-0.12890625
1R0R_E_I|KI8L|0,0.140625
1R0R_E_I|KI8I|0,-0.345703125
1R0R_E_I|KI8M|0,-1.597656488418579
1R0R_E_I|KI8N|0,-0.472412109375
1R0R_E_I|KI8D|0,-0.96875
1R0R_E_I|KI8Q|0,-0.646484375
1R0R_E_I|KI8E|0,-0.6318359375
1R0R_E_I|KI8H|0,-2.613281488418579
1R0R_E_I|KI8F|0,-1.613281488418579
1R0R_E_I|KI8R|0,-1.046875
1R0R_E_I|KI8Y|0,-1.05078125
1R0R_E_I|KI8W|0,-3.175781488418579
1R0R_E_I|GI27A|0,-0.0234375
1R0R_E_I|GI27S|0,2.0234375
1R0R_E_I|GI27C|0,-5.8203125
1R0R_E_I|GI27V|0,-1.78125
1R0R_E_I|GI27T|0,-0.15234375
1R0R_E_I|GI27P|0,-1.0357666015625
1R0R_E_I|GI27L|0,-1.171875
1R0R_E_I|GI27I|0,-2.1015625
1R0R_E_I|GI27M|0,-2.0546875
1R0R_E_I|GI27N|0,-0.99365234375
1R0R_E_I|GI27D|0,-0.9091796875
1R0R_E_I|GI27K|0,-2.609375
1R0R_E_I|GI27Q|0,-1.427734375
1R0R_E_I|GI27E|0,-1.890625
1R0R_E_I|GI27H|0,-3.3515625
1R0R_E_I|GI27F|0,-2.09375
1R0R_E_I|GI27R|0,-2.6484375
1R0R_E_I|GI27Y|0,-1.4609375
1R0R_E_I|GI27W|0,-2.8515625
1R0R_E_I|NI31G|0,-1.494140625
1R0R_E_I|NI31A|0,1.216796875
1R0R_E_I|NI31S|0,0.60546875
1R0R_E_I|NI31C|0,-6.353515148162842
1R0R_E_I|NI31V|0,1.146484375
1R0R_E_I|NI31T|0,0.390625
1R0R_E_I|NI31P|0,-4.322265625
1R0R_E_I|NI31L|0,0.802734375
1R0R_E_I|NI31I|0,0.42578125
1R0R_E_I|NI31M|0,-0.685546875
1R0R_E_I|NI31D|0,-0.0947265625
1R0R_E_I|NI31K|0,-0.587890625
1R0R_E_I|NI31Q|0,1.033203125
1R0R_E_I|NI31E|0,1.302734375
1R0R_E_I|NI31H|0,0.2138671875
1R0R_E_I|NI31F|0,0.458984375
1R0R_E_I|NI31R|0,-0.939453125
1R0R_E_I|NI31Y|0,0.783203125
1R0R_E_I|NI31W|0,-1.931640625
1R0R_E_I|LI13M|1,1.486328125
1R0R_E_I|GI27A|1,-0.0234375
1R0R_E_I|NI23S|0,-0.8359375
1R0R_E_I|YI15H|1,-3.765625
1R0R_E_I|GI27V|1,-1.78125
1R0R_E_I|YI15D|1,-3.1640625
1R0R_E_I|TI12E|1,-4.95703125
1R0R_E_I|TI12S|1,-1.6406251192092896
1R0R_E_I|TI12V|1,-4.201171875
1R0R_E_I|AI10V|1,0.46874988079071045
1R0R_E_I|TI12A|1,-3.52734375
1R0R_E_I|LI13K|1,0.326171875
1R0R_E_I|LI13A|1,-0.154296875
1R0R_E_I|LI13E|1,-0.6796875
1R0R_E_I|LI13Q|1,0.201171875
1REW_AB_C|QC55A|0,-0.1005859375
1S0W_A_C|AC142F|0,-1.265625
1S1Q_A_B|VA41A|0,-3.25390625
1S1Q_A_B|FA42A|0,-8.1640625
1S1Q_A_B|NA43A|0,-3.87109375
1S1Q_A_B|DA44A|0,-8.8046875
1S1Q_A_B|WA73A|0,-8.890625
1S1Q_A_B|FA86A|0,-7.828124523162842
1SBB_A_B|LB20T|0,-0.177734375
1SBB_A_B|VB26Y|0,-0.484375
1SBB_A_B|YB91V|0,-0.1796875
1SBB_A_B|LB20T|1,-0.177734375
1SBB_A_B|VB26Y|1,-0.484375
1SBB_A_B|YB91V|1,-0.1796875
1SBN_E_I|RI38K|0,0.078125
1SGD_E_I|DI13L|0,-1.103515625
1SGE_E_I|EI13L|0,-0.779296875
1SGN_E_I|NI13L|0,-0.9921875
1SGP_E_I|AI13L|0,-1.3359375
1SGQ_E_I|GI13L|0,-0.3349609375
1SGY_E_I|YI13L|0,-0.499755859375
1SIB_E_I|KI46R|0,2.1484375
1SMF_E_I|EI8A|0,2.107421875
1SMF_E_I|SI4A|0,-0.912109375
1SMF_E_I|TI2A|0,0.326171875
1SMF_E_I|II5A|0,0.4638671875
1TM1_E_I|YI42A|0,-7.1875
1TM1_E_I|YI42G|0,-9.1875
1TM1_E_I|RI46A|0,-8.2421875
1TM1_E_I|RI48A|0,-7.140625
1TM1_E_I|RI48C|0,-6.6484375
1TM1_E_I|TI39D|0,-5.12890625
1TM1_E_I|TI39A|0,-4.2734375
1TM1_E_I|EI41A|0,-4.353516101837158
1TM1_E_I|VI51A|0,-4.0625
1TM1_E_I|TI39A|1,-4.2734375
1TM1_E_I|TI39P|0,-3.015625
1TM1_E_I|EI41A|1,-4.353516101837158
1TM1_E_I|EI41S|0,-4.183594226837158
1TM1_E_I|RI43A|0,-5.666015625
1TM1_E_I|RI46A|1,-8.2421875
1TM1_E_I|RI48A|1,-7.140625
1TM1_E_I|MI40G|0,-3.623047113418579
1TM1_E_I|MI40A|0,-2.1484375
1TM1_E_I|MI40K|0,-3.30029296875
1TM1_E_I|MI40Y|0,-4.0859375
1TM1_E_I|MI40F|0,-4.6171875
1TM1_E_I|YI42A|1,-7.1875
1TM3_E_I|KI40M|0,3.1866455078125
1TM4_E_I|GI40M|0,3.490234613418579
1TM5_E_I|AI40M|0,2.046875
1TM7_E_I|YI40M|0,3.933593988418579
1TMG_E_I|FI40M|0,4.484375
1TO1_E_I|AI42Y|0,7.2890625
1U7F_B_AC|RB65A|0,0.083740234375
1U7F_B_AC|DB140A|0,-1.033203125
1UUZ_A_D|HA62Q|0,1.100341796875
1UUZ_A_D|HA62N|0,0.6953125
1UUZ_A_D|HA62D|0,1.244140625
1UUZ_A_D|HA62A|0,1.8359375
1UUZ_A_D|CA64A|0,0.62890625
1VFB_AB_C|HA30A|0,1.69140625
1VFB_AB_C|YA32A|0,-1.908203125
1VFB_AB_C|YA49A|0,-1.91796875
1VFB_AB_C|YA50A|0,1.5078125
1VFB_AB_C|WA92A|0,1.322265863418579
1VFB_AB_C|SA93A|0,-1.3515625
1VFB_AB_C|TB30A|0,-1.625
1VFB_AB_C|YB32A|0,-2.72705078125
1VFB_AB_C|WB52A|0,-3.8828125
1VFB_AB_C|DB54A|0,-0.01953125
1VFB_AB_C|NB56A|0,-0.65234375
1VFB_AB_C|DB58A|0,0.04296875
1VFB_AB_C|EB98A|0,-0.2109375
1VFB_AB_C|RB99A|0,-0.85498046875
1VFB_AB_C|DB100A|0,-1.3046875
1VFB_AB_C|YB101F|0,-1.138671875
1VFB_AB_C|SB28N|0,-2.0625
1VFB_AB_C|SB28Q|0,-2.80859375
1VFB_AB_C|SB28D|0,-1.9296876192092896
1VFB_AB_C|SB28E|0,-4.015625
1VFB_AB_C|GB31A|0,-1.7421875
1VFB_AB_C|GB31E|0,-2.068359375
1VFB_AB_C|GB31W|0,-4.609375
1VFB_AB_C|YB32E|0,-2.76513671875
1VFB_AB_C|DB58N|0,0.7597658634185791
1VFB_AB_C|DB58E|0,-0.08203125
1VFB_AB_C|RB99Y|0,-0.458984375
1VFB_AB_C|RB99W|0,-1.66015625
1VFB_AB_C|NA31W|0,-1.710937261581421
1VFB_AB_C|YA50R|0,1.14453125
1VFB_AB_C|YA50K|0,1.671875
1VFB_AB_C|TA52F|0,-2.9609375
1VFB_AB_C|TA53R|0,-0.8359375
1VFB_AB_C|DC18A|0,-4.552734375
1VFB_AB_C|NC19A|0,-1.837890625
1VFB_AB_C|YC23A|0,-3.076171875
1VFB_AB_C|SC24A|0,-3.957031011581421
1VFB_AB_C|KC116A|0,-1.6367186307907104
1VFB_AB_C|TC118A|0,0.115234375
1VFB_AB_C|DC119A|0,-3.77099609375
1VFB_AB_C|VC120A|0,-1.5859375
1VFB_AB_C|QC121A|0,0.5703125
1VFB_AB_C|IC124A|0,-2.052734375
1VFB_AB_C|RC125A|0,-0.32421875
1VFB_AB_C|LC129A|0,-1.333984375
1VFB_AB_C|YA32A|1,-1.908203125
1VFB_AB_C|YA50A|1,1.5078125
1VFB_AB_C|WA92A|1,1.322265863418579
1VFB_AB_C|YB32A|1,-2.72705078125
1VFB_AB_C|WB52A|1,-3.8828125
1VFB_AB_C|DB54A|1,-0.01953125
1VFB_AB_C|DB100A|1,-1.3046875
1VFB_AB_C|YB101F|1,-1.138671875
1WQJ_I_B|RI20A|0,-7.31640625
1WQJ_I_B|RI49A|0,-0.421875
1WQJ_I_B|RI54A|0,1.0234376192092896
1WQJ_I_B|RI55A|0,-1.302734375
1X1W_A_D|AD81E|0,1.328125
1X1X_A_D|AD76E|0,1.3906248807907104
1XD3_A_B|KB6A|0,-8.953125
1XD3_A_B|KB27A|0,-6.2109375
1XD3_A_B|RB42L|0,-5.509765625
1XD3_A_B|RB54L|0,-2.7529296875
1XD3_A_B|HB68N|0,-4.671875
1XD3_A_B|RB72L|0,-7.296875
1XD3_A_B|RB74L|0,-7.021484375
1XD3_A_B|EB24A|0,1.4609375
1XD3_A_B|DB39A|0,-1.890625
1XD3_A_B|EB51A|0,-0.060546875
1XD3_A_B|DB52A|0,-2.55078125
1XD3_A_B|DB58A|0,-1.71875
1XD3_A_B|KB6R|0,-3.75
1XD3_A_B|LB8A|0,-5.25390625
1XD3_A_B|KB11R|0,-2.140625
1XD3_A_B|KB27R|0,-3.53125
1XD3_A_B|KB33R|0,-1.3671875
1XD3_A_B|IB44A|0,-9.0
1XGP_AB_C|AB33F|0,-0.6440432071685791
1XGP_AB_C|AB33L|0,-1.835449457168579
1XGP_AB_C|AB33I|0,-1.351074457168579
1XGP_AB_C|AB33V|0,-1.022949457168579
1XGQ_AB_C|VB33F|0,0.37890625
1XGQ_AB_C|VB33L|0,-0.8125
1XGQ_AB_C|VB33I|0,-0.328125
1XGQ_AB_C|VB33A|0,1.022949457168579
1XGR_AB_C|IB33F|0,0.73828125
1XGR_AB_C|IB33L|0,-0.46875
1XGR_AB_C|IB33V|0,0.34375
1XGR_AB_C|IB33A|0,1.388671875
1XGT_AB_C|LB33F|0,1.19140625
1XGT_AB_C|LB33I|0,0.484375
1XGT_AB_C|LB33V|0,0.8125
1XGT_AB_C|LB33A|0,1.835449457168579
1XGU_AB_C|FB33L|0,-1.17578125
1XGU_AB_C|FB33I|0,-0.72265625
1XGU_AB_C|FB33V|0,-0.38671875
1XGU_AB_C|FB33A|0,0.6372072696685791
1Y1K_E_I|AI39T|0,4.37109375
1Y33_E_I|PI39T|0,3.1171875
1Y34_E_I|AI41E|0,4.253905773162842
1Y3B_E_I|SI41E|0,4.085937023162842
1Y3C_E_I|AI43R|0,5.642578125
1Y3D_E_I|AI48R|0,7.0546875
1Y48_E_I|AI46R|0,8.2109375
1YCS_A_B|RA177H|0,-3.45703125
1YQV_HL_Y|RY45K|0,-0.7343751192092896
1YQV_HL_Y|RY45K|1,-0.7343751192092896
1YQV_HL_Y|RY45K|2,-0.7343751192092896
1YY9_CD_A|LD29P|0,-3.45849609375
1YY9_CD_A|WD52P|0,-3.59375
1YY9_CD_A|SD53P|0,-2.419921875
1YY9_CD_A|GD54P|0,-2.867187738418579
1YY9_CD_A|AD98P|0,-2.654296636581421
1YY9_CD_A|YD101P|0,-1.1640625
1YY9_CD_A|AC25P|0,-0.57421875
1YY9_CD_A|SC26P|0,-1.4687501192092896
1YY9_CD_A|SC28P|0,-0.87890625
1YY9_CD_A|SC54P|0,-1.099609375
1YY9_CD_A|TC96P|0,0.408203125
1YY9_CD_A|SC26D|0,-1.9960938692092896
1YY9_CD_A|TC31E|0,-1.25390625
1YY9_CD_A|NC93A|0,-0.650634765625
1YY9_CD_A|ND56A|0,-0.578125
1YY9_CD_A|TD61E|0,-0.6015625
1Z7X_W_X|YW434A|0,0.1240234375
1Z7X_W_X|DW435A|0,-2.751953125
1Z7X_W_X|YW437A|0,0.6826171875
1Z7X_W_X|RW457A|0,-1.876953125
1Z7X_W_X|IW459A|0,-1.5859375
1Z7X_W_X|EW206A|0,-1.15234375
1Z7X_W_X|WW261A|0,0.17578125
1Z7X_W_X|WW263A|0,1.1796875
1Z7X_W_X|EW287A|0,-2.20654296875
1Z7X_W_X|SW289A|0,-1.8398438692092896
1Z7X_W_X|WW318A|0,0.1328125
1Z7X_W_X|KW320A|0,0.9179689884185791
1Z7X_W_X|EW344A|0,-2.798828125
1Z7X_W_X|WW375A|0,0.1484375
1Z7X_W_X|EW401A|0,-1.9780272245407104
1Z7X_W_X|YW434F|0,-0.6689453125
1Z7X_W_X|YW437F|0,-0.1640625
2A9K_A_B|GB55D|0,0.03125
2AJF_A_E|KE22R|0,-0.6171875
2AJF_A_E|FE38S|0,1.3203125
2AJF_A_E|NE151K|0,-0.3134765625
2AJF_A_E|TE159S|0,0.05078125
2AJF_A_E|DA20A|0,-0.9140625
2AJF_A_E|YA23A|0,-0.5078125
2AJF_A_E|YA23F|0,-0.65625
2AK4_ABC_DE|TD30A|0,-0.150390625
2AK4_ABC_DE|YD32A|0,-1.01953125
2AK4_ABC_DE|NE26A|0,-2.044921875
2AK4_ABC_DE|NE28A|0,-3.250000238418579
2AK4_ABC_DE|SE49A|0,-0.66796875
2AK4_ABC_DE|NE63A|0,-1.0234375
2AK4_ABC_DE|LE94A|0,-0.16015625
2AK4_ABC_DE|EE97A|0,0.252685546875
2AK4_ABC_DE|QA65A|0,-0.2265625
2AK4_ABC_DE|TA69A|0,-0.1593017578125
2AK4_ABC_DE|QA72A|0,0.0703125
2AK4_ABC_DE|RA151A|0,1.40625
2AK4_ABC_DE|EA154A|0,-0.2734375
2AK4_ABC_DE|QA155A|0,-0.5625
2AK4_ABC_DE|AA158G|0,-0.839599609375
2AK4_ABC_DE|EA161A|0,-3.636474847793579
2AK4_ABC_DE|LA163A|0,0.52734375
2AK4_ABC_DE|PC4A|0,-0.2080078125
2AK4_ABC_DE|QC9A|0,0.176025390625
2AK4_ABC_DE|LC10A|0,-0.23095703125
2AW2_A_B|PB16A|0,-4.0390625
2AW2_A_B|YB22A|0,-4.5625
2AW2_A_B|VB35A|0,-2.671875
2B0U_AB_C|VC15E|0,-0.2254638671875
2B0U_AB_C|FC47E|0,0.84375
2B0U_AB_C|IC51E|0,0.3916015625
2B0U_AB_C|FC52E|0,1.2734375
2B0U_AB_C|FC47A|0,0.361328125
2B0U_AB_C|IC51A|0,0.09326171875
2B0U_AB_C|FC52A|0,0.76025390625
2B0Z_A_B|IB87F|0,3.46875
2B10_A_B|SB87F|0,4.71484375
2B11_A_B|WB87F|0,2.4375
2B12_A_B|YB87F|0,0.890625
2B2X_HL_A|EH64K|0,4.673828125
2B2X_HL_A|VH50T|0,1.9831544160842896
2B2X_HL_A|YL52E|0,-0.6669919490814209
2B2X_HL_A|EH64K|1,4.673828125
2B2X_HL_A|VH50T|1,1.9831544160842896
2B42_A_B|HA357A|0,3.140625
2B42_A_B|HA357Q|0,1.63916015625
2B42_A_B|HA357K|0,1.939453125
2BDN_HL_A|LH27R|0,-1.73828125
2BDN_HL_A|LH27K|0,-1.259765625
2BDN_HL_A|NH28D|0,-1.9843748807907104
2BDN_HL_A|NH28Q|0,-1.9726561307907104
2BDN_HL_A|DH31E|0,-3.023437261581421
2BDN_HL_A|YL30K|0,-0.0147705078125
2BDN_HL_A|NL31R|0,-0.794921875
2BDN_HL_A|NL31K|0,-1.31640625
2BDN_HL_A|SL53D|0,-2.58203125
2BDN_HL_A|SL53E|0,-3.4921875
2BDN_HL_A|TL56D|0,-1.2421875
2BDN_HL_A|TL56E|0,-0.7734375
2BNQ_ABC_DE|VC9C|0,0.734375
2BNR_ABC_DE|QA43A|0,3.125
2BNR_ABC_DE|EA58A|0,-1.3203125
2BNR_ABC_DE|DA61A|0,0.7656251192092896
2BNR_ABC_DE|EA63A|0,-2.28125
2BNR_ABC_DE|TA64A|0,-0.39453125
2BNR_ABC_DE|RA65A|0,0.1015625
2BNR_ABC_DE|KA66A|0,-2.2734375
2BNR_ABC_DE|VA67A|0,-0.34375
2BNR_ABC_DE|KA68A|0,0.17578125
2BNR_ABC_DE|AA69G|0,-0.748046875
2BNR_ABC_DE|HA70A|0,1.77734375
2BNR_ABC_DE|QA72A|0,-0.0390625
2BNR_ABC_DE|TA73A|0,0.662109375
2BNR_ABC_DE|HA74A|0,1.169921875
2BNR_ABC_DE|RA75A|0,0.1328125
2BNR_ABC_DE|VA76A|0,1.341796875
2BNR_ABC_DE|TA80A|0,0.2060546875
2BNR_ABC_DE|KA146A|0,-2.515625
2BNR_ABC_DE|AA149G|0,-0.26171875
2BNR_ABC_DE|AA150G|0,0.265625
2BNR_ABC_DE|HA151A|0,1.669921875
2BNR_ABC_DE|VA152A|0,0.44482421875
2BNR_ABC_DE|EA154A|0,-0.1015625
2BNR_ABC_DE|QA155A|0,-0.841796875
2BNR_ABC_DE|TA163A|0,-2.04296875
2BNR_ABC_DE|CC9V|0,-0.8173828125
2BTF_A_P|FP59A|0,0.759765625
2BTF_A_P|VP60E|0,0.087890625
2BTF_A_P|GP120F|0,-0.5498046875
2BTF_A_P|KP125A|0,0.111328125
2C0L_A_B|NA48A|0,0.3515625
2C0L_A_B|QA239R|0,-1.210937738418579
2C0L_A_B|SA242Y|0,-2.507812261581421
2C5D_A_C|GC6S|0,1.531250238418579
2C5D_A_C|DC61G|0,2.3203125
2C5D_A_C|VC66A|0,-0.94091796875
2C5D_A_C|GC101R|0,3.1171875
2DSQ_I_G|RI20A|0,-3.1015625
2DSQ_I_G|RI35A|0,-1.5419923067092896
2DSQ_I_G|RI40A|0,-0.732421875
2DSQ_I_G|RI41A|0,-1.517578125
2DVW_A_B|RB7A|0,0.1015625
2DVW_A_B|KB62E|0,0.21875
2DVW_A_B|RA39A|0,-3.2401123046875
2DVW_A_B|KA114A|0,-0.619140625
2DVW_A_B|EA180A|0,0.5859375
2E7L_EQ_AD|FQ5R|0,-0.203125
2FTL_E_I|GI12A|0,-4.875
2FTL_E_I|KI15A|0,-1.783203125
2FTL_E_I|II18A|0,-2.1640625
2FTL_E_I|GI36A|0,-3.876953125
2FTL_E_I|KI15G|0,-2.2578125
2FTL_E_I|KI15A|1,-1.783203125
2FTL_E_I|KI15S|0,-0.4921875
2FTL_E_I|KI15V|0,-2.2734375
2FTL_E_I|KI15T|0,-0.72265625
2FTL_E_I|KI15D|0,-2.3125
2FTL_E_I|KI15N|0,-0.76171875
2FTL_E_I|KI15M|0,-3.249999761581421
2FTL_E_I|KI15I|0,-2.656249761581421
2FTL_E_I|KI15L|0,-1.775390625
2FTL_E_I|KI15E|0,-2.468749761581421
2FTL_E_I|KI15Q|0,-1.35546875
2FTL_E_I|KI15H|0,-2.828124761581421
2FTL_E_I|KI15F|0,-2.726562261581421
2FTL_E_I|KI15Y|0,-1.94140625
2FTL_E_I|KI15W|0,-3.140624761581421
2G2U_A_B|EB31A|0,-0.13671875
2G2U_A_B|SB35A|0,0.046875
2G2U_A_B|FB36A|0,0.81591796875
2G2U_A_B|SB39A|0,-0.22265625
2G2U_A_B|HB41A|0,1.26171875
2G2U_A_B|GB48A|0,-1.2578125
2G2U_A_B|YB50A|0,1.1552734375
2G2U_A_B|YB51A|0,1.64453125
2G2U_A_B|YB53A|0,-0.013671875
2G2U_A_B|SB71A|0,-1.173828125
2G2U_A_B|EB73A|0,0.171875
2G2U_A_B|KB74A|0,0.341796875
2G2U_A_B|WB112A|0,1.75390625
2G2U_A_B|SB113A|0,-0.2578125
2G2U_A_B|GB141A|0,-1.1953123807907104
2G2U_A_B|FB142A|0,1.3359375
2G2U_A_B|YB143A|0,0.322265625
2G2U_A_B|RB144A|0,-0.08203125
2G2U_A_B|HB148A|0,1.234375
2G2U_A_B|WB150A|0,0.17919921875
2G2U_A_B|RB160A|0,-1.09375
2G2U_A_B|WB162A|0,-0.005859375
2G2U_A_B|EB73M|0,-1.4140625
2G2U_A_B|SB130K|0,-1.64453125
2G2U_A_B|DA79K|0,-2.44140625
2G2U_A_B|DA79A|0,0.2109375
2G2U_A_B|DA79E|0,-0.99609375
2G2U_A_B|DA79K|1,-2.44140625
2G2U_A_B|EB73M|1,-1.4140625
2G2W_A_B|KA79D|0,2.359375
2GOX_A_B|RB31A|0,0.482421875
2GOX_A_B|NB38A|0,0.078125
2GOX_A_B|RB31A|1,0.482421875
2GOX_A_B|NB38A|1,0.078125
2GYK_A_B|AA49D|0,0.43408203125
2HLE_A_B|KA141Q|0,1.41064453125
2HLE_A_B|LA87R|0,-1.595703125
2HRK_A_B|TB55V|0,-0.8046875
2HRK_A_B|TA108V|0,-2.328124761581421
2HRK_A_B|KA140A|0,0.09765625
2I26_N_L|AN29V|0,-0.3515625
2I26_N_L|SN60R|0,-1.5019532442092896
2J0T_A_D|VD4A|0,-0.49609375
2J0T_A_D|VD4I|0,-0.3203125
2J0T_A_D|VD4K|0,-1.064453125
2J0T_A_D|VD4S|0,-0.595703125
2J0T_A_D|SD68A|0,-0.921875
2J0T_A_D|SD68E|0,-2.671875
2J0T_A_D|SD68R|0,-2.9921875
2J0T_A_D|SD68Y|0,-3.859375
2J0T_A_D|TD2L|0,-1.267578125
2J0T_A_D|TD2R|0,-0.34375
2J0T_A_D|TD2S|0,0.47656238079071045
2J0T_A_D|TD2A|0,-0.400390625
2J0T_A_D|MD66A|0,1.980468511581421
2J0T_A_D|VD69I|0,-0.45703125
2J0T_A_D|VD69T|0,0.34375
2J0T_A_D|CD70S|0,-3.37890625
2J12_A_B|SA116A|0,-0.4677734375
2J1K_C_T|RC155A|0,-0.227294921875
2J1K_C_T|GC10D|0,-0.27630615234375
2J1K_C_T|RC24A|0,-0.48828125
2J8U_ABC_EF|AA66K|0,2.484375
2J8U_ABC_EF|AA66K|1,2.484375
2JCC_ABC_EF|AA167W|0,3.1875
2JEL_LH_P|FP2Y|0,-1.04296875
2JEL_LH_P|FP2W|0,-1.95703125
2JEL_LH_P|QP3K|0,2.32421875
2JEL_LH_P|QP4K|0,1.921875
2JEL_LH_P|EP5D|0,-1.21484375
2JEL_LH_P|EP5Q|0,0.375
2JEL_LH_P|VP6F|0,-2.359375
2JEL_LH_P|TP7N|0,-3.2080078125
2JEL_LH_P|TP7S|0,-2.03125
2JEL_LH_P|PP11E|0,-1.21875
2JEL_LH_P|NP12D|0,-1.405273675918579
2JEL_LH_P|RP17G|0,-7.603515625
2JEL_LH_P|RP17K|0,-5.28125
2JEL_LH_P|KP24E|0,-0.640625
2JEL_LH_P|KP27E|0,0.4140625
2JEL_LH_P|TP34Q|0,-2.390625
2JEL_LH_P|TP36Q|0,-2.41796875
2JEL_LH_P|NP38T|0,-3.96484375
2JEL_LH_P|SP41C|0,-5.4453125
2JEL_LH_P|SP43C|0,-6.156249523162842
2JEL_LH_P|SP46C|0,-7.78125
2JEL_LH_P|QP57E|0,-1.734375
2JEL_LH_P|TP62N|0,-3.068359375
2JEL_LH_P|TP62A|0,-3.64990234375
2JEL_LH_P|SP64T|0,0.125
2JEL_LH_P|EP68A|0,-1.078125
2JEL_LH_P|DP69E|0,0.0
2JEL_LH_P|QP71E|0,-0.171875
2JEL_LH_P|KP72R|0,-1.78515625
2JEL_LH_P|KP72E|0,-0.9296875
2JEL_LH_P|EP75R|0,-3.3125
2JEL_LH_P|HP76D|0,-0.5244140625
2JEL_LH_P|HP76A|0,4.1357421875
2JEL_LH_P|KP79E|0,-2.109375
2JEL_LH_P|AP82S|0,0.3125
2JEL_LH_P|EP83A|0,-0.7421876192092896
2JEL_LH_P|EP85Q|0,-0.0078125
2JEL_LH_P|EP85D|0,-0.5078125
2JEL_LH_P|EP85A|0,-0.785888671875
2JEL_LH_P|EP85K|0,1.109375
2KSO_A_B|KA10D|0,1.0703125
2KSO_A_B|RA43E|0,-0.1181640625
2KSO_A_B|HB20E|0,2.886718511581421
2NU0_E_I|WI13L|0,0.220703125
2NU1_E_I|HI13L|0,0.8222658634185791
2NU2_E_I|RI13L|0,-0.626953125
2NU4_E_I|KI13L|0,-0.841796875
2NYY_DC_A|SA874A|0,-1.0576171875
2NYY_DC_A|KA875A|0,-0.19921875
2NYY_DC_A|QA887A|0,-0.146484375
2NYY_DC_A|FA889A|0,-0.52734375
2NYY_DC_A|NA890A|0,-1.865234375
2NYY_DC_A|LA891A|0,-0.5390625
2NYY_DC_A|EA892A|0,-0.67041015625
2NYY_DC_A|KA895A|0,-1.10595703125
2NYY_DC_A|FA925A|0,0.08984375
2NYY_DC_A|NA926A|0,-2.251953125
2NYY_DC_A|SA927A|0,-1.607421875
2NYY_DC_A|IA928A|0,0.3095703125
2NYY_DC_A|KA1028A|0,1.730468988418579
2NYY_DC_A|DA1030A|0,2.158203125
2NYY_DC_A|RA1033A|0,0.32861328125
2NYY_DC_A|DA1034A|0,-0.92236328125
2NYY_DC_A|TA1035A|0,-0.6484375
2NYY_DC_A|HA1036A|0,1.040039300918579
2NYY_DC_A|RA1266A|0,-0.27392578125
2NYY_DC_A|MD33Q|0,-3.1640625
2NYY_DC_A|KD29R|0,-0.30810546875
2NYY_DC_A|YD30D|0,1.28515625
2NYY_DC_A|YD30Q|0,-0.92578125
2NYY_DC_A|YD56Q|0,-0.06298828125
2NYY_DC_A|SC28Q|0,-2.005859375
2NYY_DC_A|DC30Y|0,0.75390625
2NYY_DC_A|SC31N|0,-0.7591552734375
2NYY_DC_A|HC34R|0,1.2470703125
2NYY_DC_A|VD36I|0,0.6640625
2NYY_DC_A|ED5Q|0,3.443359375
2NZ9_DC_A|SA874A|0,-1.05126953125
2NZ9_DC_A|KA875A|0,-0.19140625
2NZ9_DC_A|QA887A|0,-0.1103515625
2NZ9_DC_A|FA889A|0,-0.5458984375
2NZ9_DC_A|NA890A|0,-1.83984375
2NZ9_DC_A|LA891A|0,-0.53125
2NZ9_DC_A|EA892A|0,-0.66748046875
2NZ9_DC_A|KA895A|0,-1.04443359375
2NZ9_DC_A|FA925A|0,0.087890625
2NZ9_DC_A|NA926A|0,-2.259765625
2NZ9_DC_A|SA927A|0,-1.61328125
2NZ9_DC_A|IA928A|0,0.3212890625
2NZ9_DC_A|KA1028A|0,1.7109375
2NZ9_DC_A|DA1030A|0,2.125
2NZ9_DC_A|RA1033A|0,0.341796875
2NZ9_DC_A|DA1034A|0,-0.92236328125
2NZ9_DC_A|TA1035A|0,-0.64453125
2NZ9_DC_A|HA1036A|0,1.032226800918579
2NZ9_DC_A|RA1266A|0,-0.27392578125
2O3B_A_B|EB24A|0,-0.072265625
2O3B_A_B|EB24D|0,0.09375
2O3B_A_B|EB24Q|0,-0.54510498046875
2O3B_A_B|QB74A|0,0.62646484375
2O3B_A_B|DB75E|0,0.16015625
2O3B_A_B|DB75N|0,-0.1640625
2O3B_A_B|WB76A|0,1.330078125
2OI9_AQ_BC|FQ5R|0,-0.09130859375
2OOB_A_B|KA7E|0,0.890625
2OOB_A_B|GA13S|0,0.60546875
2P5E_ABC_DE|YD32D|0,0.328125
2PCB_A_B|EA291Q|0,-1.513671875
2PCB_A_B|EA32Q|0,-0.84375
2PCB_A_B|EA35Q|0,-0.5263671875
2PCB_A_B|AA193F|0,1.4316405057907104
2PCB_A_B|DA34N|0,0.5712890625
2PCB_A_B|EA290N|0,-1.5429688692092896
2PCC_A_B|DA34A|0,0.4716796875
2PCC_A_B|VA197A|0,-1.6015623807907104
2PCC_A_B|EA290A|0,-1.25
2PCC_A_B|KB92A|0,-3.62109375
2PCC_A_B|KB77A|0,-2.55078125
2PCC_A_B|AB86G|0,-1.4316407442092896
2REX_A_B|LA70Y|0,-2.12890625
2REX_A_B|YB97F|0,-0.66015625
2SGP_E_I|PI13L|0,-0.72265625
2SGQ_E_I|QI13L|0,-0.640625
2SIC_E_I|MI67E|0,-0.85595703125
2SIC_E_I|MI67D|0,-1.90234375
2SIC_E_I|MI67H|0,-1.203125
2SIC_E_I|MI67K|0,-0.349609375
2SIC_E_I|MI67R|0,-0.689453125
2SIC_E_I|MI67G|0,-2.31640625
2SIC_E_I|MI67A|0,-0.88525390625
2SIC_E_I|MI67L|0,0.20703125
2SIC_E_I|MI67V|0,-0.462890625
2SIC_E_I|MI67I|0,-1.080078125
2UWE_ABC_EF|AA163T|0,1.916015625
2VIR_AB_C|SC115L|0,-1.25634765625
2VIR_AB_C|TC89I|0,-0.4931640625
2VIS_AB_C|IC89T|0,0.4755859375
2VLN_A_B|AB75N|0,2.6171875
2VLO_A_B|AB95K|0,2.30859375
2VLP_A_B|AB54R|0,7.828125
2VLQ_A_B|AB86F|0,2.17578125
2VLR_ABC_DE|AE95S|0,1.650390625
2VLR_ABC_DE|AE95S|1,1.650390625
2WPT_A_B|DA30L|0,2.859375
2WPT_A_B|NA31V|0,0.5908203125
2WPT_A_B|RA35T|0,-0.958984375
2WPT_A_B|EA36H|0,-1.67578125
2WPT_A_B|RA39E|0,-0.3671875
2WPT_A_B|EA27A|0,-0.115234375
2WPT_A_B|DA30A|0,3.828125
2WPT_A_B|NA31A|0,1.681640625
2WPT_A_B|VA34A|0,0.265625
2WPT_A_B|RA35A|0,0.3203125
2WPT_A_B|EA38A|0,-0.3125
2WPT_A_B|RA39A|0,-0.755859375
2WPT_A_B|SA47A|0,-0.404296875
2WPT_A_B|PA53A|0,0.712890625
2WPT_A_B|RB47A|0,-4.0224609375
2WPT_A_B|NB65A|0,-0.748046875
2WPT_A_B|SB67A|0,0.265625
2WPT_A_B|NB68A|0,0.26318359375
2WPT_A_B|SB70A|0,0.66015625
2WPT_A_B|SB71A|0,1.17724609375
2WPT_A_B|SB77A|0,0.4921875
2WPT_A_B|FB79A|0,-2.1953125
2WPT_A_B|TB80A|0,0.625
2WPT_A_B|QB85A|0,0.578125
2WPT_A_B|KB90A|0,-0.853515625
2WPT_A_B|VB91A|0,0.865234375
2WPT_A_B|RB47A|1,-4.0224609375
2WPT_A_B|NB65A|1,-0.748046875
2WPT_A_B|SB67A|1,0.265625
2WPT_A_B|NB68A|1,0.26318359375
2WPT_A_B|SB70A|1,0.66015625
2WPT_A_B|SB71A|1,1.17724609375
2WPT_A_B|SB77A|1,0.4921875
2WPT_A_B|FB79A|1,-2.1953125
2WPT_A_B|TB80A|1,0.625
2WPT_A_B|QB85A|1,0.578125
2WPT_A_B|KB90A|1,-0.853515625
2WPT_A_B|VB91A|1,0.865234375
2WPT_A_B|DA30A|1,3.828125
2WPT_A_B|FB79A|2,-2.1953125
2WPT_A_B|NA31A|1,1.681640625
2WPT_A_B|SB77A|2,0.4921875
3AAA_AB_C|KA248A|0,0.359375
3AAA_AB_C|KA248E|0,0.6718751192092896
3AAA_AB_C|RA252A|0,0.71875
3AAA_AB_C|RA252E|0,1.21875
3AAA_AB_C|RA258A|0,0.744140625
3AAA_AB_C|RA258E|0,1.083984375
3AAA_AB_C|WC7A|0,1.656250238418579
3AAA_AB_C|DC43A|0,1.0078125
3AAA_AB_C|EC77A|0,0.015625
3AAA_AB_C|EC77R|0,0.625
3B4V_AB_C|LC16E|0,-0.2685546875
3B4V_AB_C|LC49E|0,-1.064453125
3B4V_AB_C|FC52E|0,0.31201171875
3B4V_AB_C|LC53E|0,-0.994140625
3B4V_AB_C|LC49A|0,-0.775390625
3B4V_AB_C|FC52A|0,0.65625
3B4V_AB_C|LC53A|0,-0.7177734375
3BK3_A_C|LC2A|0,0.205078125
3BK3_A_C|LC2R|0,0.104248046875
3BK3_A_C|IC3A|0,0.794921875
3BK3_A_C|IC3R|0,0.40625
3BK3_A_C|TC4P|0,0.79345703125
3BK3_A_C|TC6P|0,0.669921875
3BK3_A_C|IC19A|0,-0.66796875
3BK3_A_C|IC19R|0,-0.892578125
3BK3_A_C|IC22A|0,1.480468511581421
3BK3_A_C|IC22R|0,0.4453122615814209
3BK3_A_C|IC28A|0,-0.28125
3BK3_A_C|IC28R|0,-1.07421875
3BK3_A_C|AC37R|0,-0.404296875
3BN9_B_CD|QB23A|0,-0.2763671875
3BN9_B_CD|IB26A|0,-1.82373046875
3BN9_B_CD|IB45A|0,-0.908203125
3BN9_B_CD|DB46A|0,-3.15625
3BN9_B_CD|DB47A|0,-0.32421875
3BN9_B_CD|RB48A|0,-0.587890625
3BN9_B_CD|FB50A|0,0.69970703125
3BN9_B_CD|RB51A|0,-1.3730469942092896
3BN9_B_CD|YB52A|0,-0.2701416015625
3BN9_B_CD|RB82A|0,-4.2578125
3BN9_B_CD|FB89A|0,-7.2734375
3BN9_B_CD|NB90A|0,-3.195312738418579
3BN9_B_CD|TB93A|0,-1.60546875
3BN9_B_CD|HB138A|0,3.4140625
3BN9_B_CD|QB140A|0,0.17578125
3BN9_B_CD|YB141A|0,-0.3251953125
3BN9_B_CD|TB144A|0,-0.45703125
3BN9_B_CD|LB147A|0,1.31640625
3BN9_B_CD|EB163A|0,0.0078125
3BN9_B_CD|QB168A|0,-0.05615234375
3BN9_B_CD|QB169A|0,-0.223388671875
3BN9_B_CD|DB214A|0,0.90625
3BN9_B_CD|QB218A|0,-0.11328125
3BN9_B_CD|RB219A|0,1.01953125
3BN9_B_CD|KB221A|0,-1.283203125
3BN9_B_CD|TD28R|0,-6.109375
3BN9_B_CD|SD30G|0,-2.6171875
3BN9_B_CD|SD30N|0,-2.4453125
3BN9_B_CD|TD102Q|0,-0.06640625
3BN9_B_CD|TD102R|0,-0.041015625
3BN9_B_CD|YD103S|0,2.015624761581421
3BN9_B_CD|PD104H|0,-0.8515625
3BN9_B_CD|QD105V|0,0.033203125
3BP8_A_C|FA115A|0,1.828125
3BP8_A_C|AC51F|0,-2.46875
3BT1_A_U|RU135A|0,-0.107421875
3BT1_A_U|KU137A|0,0.224609375
3BT1_A_U|RU140A|0,-0.321533203125
3BT1_A_U|HU141A|0,-1.212890625
3BT1_A_U|RU143A|0,-4.9287109375
3BT1_A_U|LU1A|0,-1.6694334745407104
3BT1_A_U|RU2A|0,-2.5703125
3BT1_A_U|MU4A|0,-0.54296875
3BT1_A_U|QU5A|0,-0.482421875
3BT1_A_U|KU7A|0,-0.09033203125
3BT1_A_U|TU8A|0,-0.154296875
3BT1_A_U|NU9A|0,0.412109375
3BT1_A_U|GU10A|0,-0.18359375
3BT1_A_U|DU11A|0,-0.59423828125
3BT1_A_U|RU13A|0,-0.421875
3BT1_A_U|VU14A|0,-0.17578125
3BT1_A_U|EU15A|0,-1.15625
3BT1_A_U|EU16A|0,-1.6279298067092896
3BT1_A_U|AU18S|0,0.68359375
3BT1_A_U|LU19A|0,1.11083984375
3BT1_A_U|GU20A|0,-1.4863280057907104
3BT1_A_U|QU21A|0,-1.4433594942092896
3BT1_A_U|DU22A|0,-2.73046875
3BT1_A_U|LU23A|0,-0.408203125
3BT1_A_U|RU25A|0,-0.234375
3BT1_A_U|TU26A|0,-2.4921875
3BT1_A_U|TU27A|0,-1.078125
3BT1_A_U|IU28A|0,-0.45263671875
3BT1_A_U|VU29A|0,-0.54833984375
3BT1_A_U|RU30A|0,-2.890625
3BT1_A_U|LU31A|0,-0.2138671875
3BT1_A_U|WU32A|0,0.50390625
3BT1_A_U|EU33A|0,-1.068359375
3BT1_A_U|EU34A|0,-0.7890625
3BT1_A_U|GU35A|0,-2.78759765625
3BT1_A_U|EU36A|0,-1.3427734375
3BT1_A_U|EU37A|0,-1.02734375
3BT1_A_U|LU38A|0,-0.943359375
3BT1_A_U|EU39A|0,-1.5781248807907104
3BT1_A_U|LU40A|0,-0.97119140625
3BT1_A_U|VU41A|0,-2.615234375
3BT1_A_U|EU42A|0,-1.7619630098342896
3BT1_A_U|KU43A|0,-4.722412109375
3BT1_A_U|SU44A|0,-0.7734375
3BT1_A_U|TU46A|0,0.3984375
3BT1_A_U|HU47A|0,0.6396484375
3BT1_A_U|SU48A|0,-0.1640625
3BT1_A_U|EU49A|0,0.52099609375
3BT1_A_U|KU50A|0,0.681640625
3BT1_A_U|TU51A|0,0.0546875
3BT1_A_U|NU52Q|0,-1.470703125
3BT1_A_U|RU53A|0,-0.1875
3BT1_A_U|TU54A|0,-2.4296875
3BT1_A_U|LU55A|0,-0.736328125
3BT1_A_U|SU56A|0,-1.4707032442092896
3BT1_A_U|YU57A|0,-0.7548828125
3BT1_A_U|RU58A|0,-1.208984375
3BT1_A_U|TU59A|0,0.064453125
3BT1_A_U|GU60A|0,-1.689453125
3BT1_A_U|LU61A|0,0.1925048828125
3BT1_A_U|KU62A|0,0.19775390625
3BT1_A_U|IU63A|0,0.296875
3BT1_A_U|TU64A|0,-0.16015625
3BT1_A_U|SU65A|0,-1.55078125
3BT1_A_U|LU66A|0,-0.69189453125
3BT1_A_U|TU67A|0,-1.66796875
3BT1_A_U|EU68A|0,-0.45703125
3BT1_A_U|VU69A|0,0.0234375
3BT1_A_U|VU70A|0,0.39697265625
3BT1_A_U|GU72A|0,-1.47265625
3BT1_A_U|LU73A|0,1.043945074081421
3BT1_A_U|DU74A|0,-3.107421875
3BT1_A_U|LU75A|0,-2.42578125
3BT1_A_U|QU78A|0,-0.498046875
3BT1_A_U|GU79A|0,-1.822265625
3BT1_A_U|NU80A|0,0.274169921875
3BT1_A_U|SU81A|0,-0.15185546875
3BT1_A_U|GU82A|0,0.34765625
3BT1_A_U|VU83A|0,-0.1318359375
3BT1_A_U|TU84A|0,-0.3525390625
3BT1_A_U|YU85A|0,1.662109136581421
3BT1_A_U|SU86A|0,-0.98291015625
3BT1_A_U|RU87A|0,-0.17578125
3BT1_A_U|SU88A|0,-0.693359375
3BT1_A_U|RU89A|0,-0.8974609375
3BT1_A_U|YU90A|0,1.37890625
3BT1_A_U|LU91A|0,-2.88671875
3BT1_A_U|EU92A|0,-3.26171875
3BT1_A_U|IU94A|0,-0.8496091365814209
3BT1_A_U|SU95A|0,-0.9531248807907104
3BT1_A_U|GU97A|0,-0.04296875
3BT1_A_U|SU98A|0,-1.390625
3BT1_A_U|SU99A|0,-1.1872559785842896
3BT1_A_U|DU100A|0,-2.1904296875
3BT1_A_U|MU101A|0,2.507812738418579
3BT1_A_U|SU102A|0,-0.59375
3BT1_A_U|EU104A|0,-0.67919921875
3BT1_A_U|RU105A|0,0.05859375
3BT1_A_U|RU107A|0,-0.46728515625
3BT1_A_U|HU108A|0,0.994140625
3BT1_A_U|QU109A|0,-0.28515625
3BT1_A_U|SU110A|0,-0.57568359375
3BT1_A_U|LU111A|0,-2.3203125
3BT1_A_U|QU112A|0,-0.970703125
3BT1_A_U|RU114A|0,-0.396484375
3BT1_A_U|SU115A|0,-0.1953125
3BT1_A_U|PU116A|0,-0.509765625
3BT1_A_U|EU117A|0,-1.0678712129592896
3BT1_A_U|EU118A|0,-1.06640625
3BT1_A_U|QU119A|0,-0.39453125
3BT1_A_U|LU121A|0,-2.607421875
3BT1_A_U|DU122A|0,-1.39453125
3BT1_A_U|VU123A|0,-0.5859376192092896
3BT1_A_U|VU124A|0,-1.8046875
3BT1_A_U|TU125A|0,-0.52734375
3BT1_A_U|HU126A|0,-2.064453125
3BT1_A_U|WU127A|0,0.927734375
3BT1_A_U|IU128A|0,0.36328125
3BT1_A_U|QU129A|0,-0.09716796875
3BT1_A_U|EU130A|0,-1.0546873807907104
3BT1_A_U|GU131A|0,-2.0400390625
3BT1_A_U|EU132A|0,-0.787109375
3BT1_A_U|EU133A|0,-0.69921875
3BT1_A_U|GU134A|0,-0.7080078125
3BT1_A_U|RU135A|1,-0.107421875
3BT1_A_U|PU136A|0,0.01953125
3BT1_A_U|KU137A|1,0.224609375
3BT1_A_U|DU138A|0,1.103515625
3BT1_A_U|DU139A|0,-0.4658203125
3BT1_A_U|RU140A|1,-0.321533203125
3BT1_A_U|HU141A|1,-1.212890625
3BT1_A_U|LU142A|0,-1.625
3BT1_A_U|RU143A|1,-4.9287109375
3BT1_A_U|GU144A|0,-2.3203125
3BT1_A_U|GU146A|0,1.1640623807907104
3BT1_A_U|YU147A|0,1.32421875
3BT1_A_U|LU148A|0,-0.48828136920928955
3BT1_A_U|PU149A|0,0.55078125
3BT1_A_U|GU150A|0,0.64453125
3BT1_A_U|PU152A|0,-0.291015625
3BT1_A_U|SU154A|0,-0.070556640625
3BT1_A_U|NU155A|0,1.04248046875
3BT1_A_U|GU156A|0,-0.609375
3BT1_A_U|FU157A|0,-1.46875
3BT1_A_U|HU158A|0,0.09375
3BT1_A_U|NU159A|0,0.6279296875
3BT1_A_U|NU160Q|0,-0.603515625
3BT1_A_U|DU161A|0,-0.29931640625
3BT1_A_U|TU162A|0,-0.6337890625
3BT1_A_U|FU163A|0,-0.626953125
3BT1_A_U|HU164A|0,1.0859375
3BT1_A_U|FU165A|0,-0.462890625
3BT1_A_U|LU166A|0,0.16015625
3BT1_A_U|KU167A|0,-2.13671875
3BT1_A_U|NU170Q|0,-2.77734375
3BT1_A_U|TU171A|0,-2.478515625
3BT1_A_U|TU172A|0,-0.888671875
3BT1_A_U|KU173A|0,-1.283203125
3BT1_A_U|EU176A|0,-1.04541015625
3BT1_A_U|GU177A|0,-1.48828125
3BT1_A_U|PU178A|0,-0.306640625
3BT1_A_U|IU179A|0,-0.08837890625
3BT1_A_U|LU180A|0,-0.74560546875
3BT1_A_U|EU181A|0,-0.283203125
3BT1_A_U|LU182A|0,-0.458984375
3BT1_A_U|EU183A|0,-0.46875
3BT1_A_U|NU184A|0,0.2109375
3BT1_A_U|LU185A|0,-0.890625
3BT1_A_U|PU186A|0,-1.1777342557907104
3BT1_A_U|QU187A|0,1.49658203125
3BT1_A_U|NU188A|0,-6.04296875
3BT1_A_U|GU189A|0,-3.845702886581421
3BT1_A_U|RU190A|0,-1.980468988418579
3BT1_A_U|QU191A|0,-3.201660394668579
3BT1_A_U|YU193A|0,-3.0234375
3BT1_A_U|SU194A|0,-0.7031251192092896
3BT1_A_U|KU196A|0,0.421875
3BT1_A_U|GU197A|0,-0.28906238079071045
3BT1_A_U|NU198Q|0,-2.865234375
3BT1_A_U|SU199A|0,-1.2402344942092896
3BT1_A_U|TU200A|0,-1.4335938692092896
3BT1_A_U|HU201A|0,0.763671875
3BT1_A_U|GU202A|0,-0.63671875
3BT1_A_U|SU204A|0,-1.3154296875
3BT1_A_U|SU205A|0,-0.423828125
3BT1_A_U|EU206A|0,-0.853515625
3BT1_A_U|EU207A|0,-1.21875
3BT1_A_U|TU208A|0,0.28515625
3BT1_A_U|FU209A|0,1.27734375
3BT1_A_U|LU210A|0,-0.869140625
3BT1_A_U|IU211A|0,-0.51953125
3BT1_A_U|DU212A|0,-0.53515625
3BT1_A_U|RU214A|0,-0.43701171875
3BT1_A_U|GU215A|0,-2.734375
3BT1_A_U|PU216A|0,-1.1054688692092896
3BT1_A_U|MU217A|0,0.25927734375
3BT1_A_U|NU218A|0,-2.662109375
3BT1_A_U|QU219A|0,-1.7734376192092896
3BT1_A_U|LU221A|0,-2.960937261581421
3BT1_A_U|VU222A|0,-1.392578125
3BT1_A_U|AU223S|0,-1.75830078125
3BT1_A_U|TU224A|0,-1.5625
3BT1_A_U|GU225A|0,-0.59375
3BT1_A_U|TU226A|0,-1.6953125
3BT1_A_U|HU227A|0,0.57958984375
3BT1_A_U|EU228A|0,0.166015625
3BT1_A_U|PU229A|0,1.501952886581421
3BT1_A_U|KU230A|0,0.208251953125
3BT1_A_U|NU231A|0,-2.203125
3BT1_A_U|QU232A|0,-0.269775390625
3BT1_A_U|SU233A|0,-1.5703125
3BT1_A_U|YU234A|0,-1.498046875
3BT1_A_U|MU235A|0,0.52734375
3BT1_A_U|VU236A|0,-1.16796875
3BT1_A_U|RU237A|0,-2.41015625
3BT1_A_U|GU238A|0,-3.2890625
3BT1_A_U|AU240S|0,-2.2109375
3BT1_A_U|TU241A|0,-0.796875
3BT1_A_U|AU242S|0,0.0859375
3BT1_A_U|SU243A|0,0.0
3BT1_A_U|MU244A|0,-0.01953125
3BT1_A_U|QU246A|0,-0.826171875
3BT1_A_U|HU247A|0,1.265625
3BT1_A_U|AU248S|0,0.138671875
3BT1_A_U|HU249A|0,0.3946533203125
3BT1_A_U|LU250A|0,-0.971435546875
3BT1_A_U|GU251A|0,-0.4130859375
3BT1_A_U|DU252A|0,0.31591796875
3BT1_A_U|AU253S|0,0.30908203125
3BT1_A_U|FU254A|0,0.15673828125
3BT1_A_U|SU255A|0,-0.671875
3BT1_A_U|MU256A|0,0.84130859375
3BT1_A_U|NU257A|0,1.01171875
3BT1_A_U|HU258A|0,-0.666015625
3BT1_A_U|IU259A|0,-0.654296875
3BT1_A_U|DU260A|0,-0.237548828125
3BT1_A_U|VU261A|0,-1.05859375
3BT1_A_U|SU262A|0,-1.319580078125
3BT1_A_U|TU265A|0,-0.625
3BT1_A_U|KU266A|0,-0.369873046875
3BT1_A_U|SU267A|0,-1.26416015625
3BT1_A_U|GU268A|0,0.6640625
3BT1_A_U|HU271A|0,-0.15087890625
3BT1_A_U|PU272A|0,-0.5078125
3BT1_A_U|DU273A|0,0.048828125
3BTD_E_I|DI13K|0,2.1875
3BTE_E_I|EI13K|0,2.339843511581421
3BTF_E_I|FI13K|0,2.632812261581421
3BTG_E_I|GI13K|0,2.234375
3BTH_E_I|HI13K|0,2.8515625
3BTM_E_I|MI13K|0,3.320312261581421
3BTQ_E_I|QI13K|0,1.3203125
3BTT_E_I|TI13K|0,0.61328125
3BTW_E_I|WI13K|0,3.039062261581421
3BX1_A_C|FC84V|0,0.3515625
3BX1_A_C|RC85G|0,1.7207032442092896
3BX1_A_C|AC86T|0,0.0703125
3BX1_A_C|YC87I|0,-0.4375002384185791
3BX1_A_C|YC87A|0,1.04296875
3BX1_A_C|TC88V|0,-0.640625
3BX1_A_C|TC89A|0,-0.052734375
3C60_CD_AB|KC40A|0,-2.7109375
3C60_CD_AB|DC56A|0,-0.0224609375
3C60_CD_AB|QC58A|0,0.13671875
3C60_CD_AB|LC61A|0,0.05859375
3C60_CD_AB|QC62A|0,-0.849609375
3C60_CD_AB|NC63A|0,-0.03515625
3C60_CD_AB|VC66A|0,0.541015625
3C60_CD_AB|KC68A|0,-3.800781011581421
3C60_CD_AB|HC69A|0,0.68359375
3C60_CD_AB|VC73A|0,-2.080078125
3C60_CD_AB|KC76A|0,-0.640625
3C60_CD_AB|FD1A|0,1.50390625
3C60_CD_AB|ED2A|0,0.169921875
3C60_CD_AB|QD4A|0,0.7919921875
3C60_CD_AB|KD5A|0,0.298828125
3C60_CD_AB|KD7A|0,1.0175782442092896
3C60_CD_AB|ND9A|0,1.091796875
3C60_CD_AB|KD10A|0,0.6015625
3C60_CD_AB|VD12A|0,0.3046875
3C60_CD_AB|DD13A|0,0.01171875
3C60_CD_AB|ED69A|0,-0.9296875
3C60_CD_AB|YD70A|0,0.318359375
3C60_CD_AB|SD73A|0,-1.2148438692092896
3C60_CD_AB|QD74A|0,-2.804687261581421
3C60_CD_AB|PD75A|0,-1.3867188692092896
3C60_CD_AB|ED76A|0,-1.3867188692092896
3C60_CD_AB|ID77A|0,-0.44775390625
3C60_CD_AB|ED79A|0,-0.8203125
3C60_CD_AB|RD80A|0,-0.8203125
3C60_CD_AB|RD82A|0,-2.10546875
3C60_CD_AB|DD86A|0,-1.39111328125
3C60_CD_AB|TD87A|0,-0.37890625
3C60_CD_AB|RD90A|0,-2.435791015625
3C60_CD_AB|HD91A|0,-0.16796875
3C60_CD_AB|ED94A|0,-0.591796875
3D3V_ABC_DE|EE30A|0,-0.16796875
3D3V_ABC_DE|YC8A|0,1.66015625
3D3V_ABC_DE|EE30A|1,-0.16796875
3D3V_ABC_DE|YC8F|0,0.7763671875
3D3V_ABC_DE|LE97A|0,1.64453125
3D3V_ABC_DE|YC8A|1,1.66015625
3D5R_A_C|AC38N|0,-0.064453125
3D5R_A_C|AC38N|1,-0.064453125
3D5S_A_C|AC31R|0,-0.51171875
3D5S_A_C|AC31R|1,-0.51171875
3EG5_A_B|HA104F|0,0.21875005960464478
3EQS_A_B|TB1A|0,-0.2374267578125
3EQS_A_B|SB2A|0,-1.03515625
3EQS_A_B|FB3A|0,1.369140625
3EQS_A_B|EB5A|0,-0.5537109375
3EQS_A_B|YB6A|0,0.046875
3EQS_A_B|WB7A|0,2.33935546875
3EQS_A_B|NB8A|0,-0.35205078125
3EQS_A_B|LB9A|0,-0.4814453125
3EQS_A_B|LB10A|0,-0.693359375
3EQS_A_B|SB11A|0,-0.568359375
3EQY_A_C|TC1A|0,-0.06640625
3EQY_A_C|SC2A|0,-0.88525390625
3EQY_A_C|FC3A|0,1.644531488418579
3EQY_A_C|EC5A|0,-0.1865234375
3EQY_A_C|YC6A|0,1.046874761581421
3EQY_A_C|WC7A|0,2.33154296875
3EQY_A_C|NC8A|0,1.48828125
3EQY_A_C|LC9A|0,-0.1376953125
3EQY_A_C|LC10A|0,0.0849609375
3EQY_A_C|SC11A|0,-0.103515625
3EQY_A_C|PC12A|0,0.2288818359375
3F1S_A_B|MA33A|0,2.53125
3F1S_A_B|DA36A|0,-0.27001953125
3F1S_A_B|DA200A|0,-4.728515625
3F1S_A_B|KA201A|0,-0.841796875
3F1S_A_B|KA201C|0,-3.484375
3F1S_A_B|YA202A|0,-0.1685791015625
3F1S_A_B|DA255A|0,-1.2890625
3F1S_A_B|DA200A|1,-4.728515625
3F1S_A_B|KA201A|1,-0.841796875
3F1S_A_B|KA201C|1,-3.484375
3G6D_LH_A|HH104A|0,0.162109375
3G6D_LH_A|WH105A|0,0.55908203125
3H9S_ABC_DE|AA150P|0,1.140625
3HFM_HL_Y|YY20A|0,-4.267578125
3HFM_HL_Y|NL32A|0,-0.935546875
3HFM_HL_Y|KY96A|0,-4.794921875
3HFM_HL_Y|NL31A|0,-0.39453125
3HFM_HL_Y|NL31D|0,-0.892578125
3HFM_HL_Y|NL31E|0,-1.8125
3HFM_HL_Y|YL50A|0,0.59130859375
3HFM_HL_Y|YL50L|0,0.0546875
3HFM_HL_Y|YL50F|0,-0.94775390625
3HFM_HL_Y|KY97A|0,-2.15625
3HFM_HL_Y|YH33A|0,-2.951171875
3HFM_HL_Y|WH98F|0,-1.40234375
3HFM_HL_Y|WH98A|0,-1.1015625
3HFM_HL_Y|DH32A|0,-0.35546875
3HFM_HL_Y|DH32N|0,-0.03125
3HFM_HL_Y|KY97M|0,-3.779296875
3HFM_HL_Y|RY21A|0,-1.8925782442092896
3HFM_HL_Y|SH31A|0,-3.0625
3HFM_HL_Y|YH50A|0,-2.146484375
3HFM_HL_Y|QL53A|0,0.01953125
3HFM_HL_Y|YL96A|0,-0.16015625
3HFM_HL_Y|YL96F|0,-0.5625
3HFM_HL_Y|YH53W|0,-2.04296875
3HFM_HL_Y|YH53F|0,-1.58203125
3HFM_HL_Y|YH53L|0,-0.923828125
3HFM_HL_Y|YH53A|0,-0.28125
3HFM_HL_Y|YH33W|0,-2.537109375
3HFM_HL_Y|YH33F|0,-3.601562738418579
3HFM_HL_Y|YH33L|0,-4.890625
3HFM_HL_Y|YH50F|0,-2.33026123046875
3HFM_HL_Y|YH50L|0,-2.455078125
3HFM_HL_Y|YH58F|0,-2.216796875
3HFM_HL_Y|YH58L|0,-3.546875238418579
3HFM_HL_Y|YH58A|0,-3.238281488418579
3HFM_HL_Y|DY101G|0,0.453125
3HFM_HL_Y|DY101A|0,-0.51171875
3HFM_HL_Y|DY101N|0,-0.69140625
3HFM_HL_Y|DY101S|0,0.5
3HFM_HL_Y|DY101Q|0,0.8984375
3HFM_HL_Y|DY101R|0,-1.535156488418579
3HFM_HL_Y|DY101E|0,1.8671875
3HFM_HL_Y|DY101F|0,-4.0703125
3HFM_HL_Y|DY101K|0,-1.302551507949829
3HFM_HL_Y|RY21W|0,-5.140625
3HFM_HL_Y|RY21Q|0,-0.5859375
3HFM_HL_Y|RY21E|0,-2.546875
3HFM_HL_Y|RY21G|0,-1.9550782442092896
3HFM_HL_Y|RY21N|0,-1.6992188692092896
3HFM_HL_Y|RY21H|0,-2.41845703125
3HFM_HL_Y|RY21K|0,-0.234375
3HFM_HL_Y|NY19K|0,-1.6679688692092896
3HFM_HL_Y|NY19Q|0,-1.5585938692092896
3HFM_HL_Y|NY19D|0,-0.5625001192092896
3HFM_HL_Y|GY102V|0,0.21875
3HFM_HL_Y|RY21G|1,-1.9550782442092896
3HFM_HL_Y|RY21A|1,-1.8925782442092896
3HFM_HL_Y|RY21N|1,-1.6992188692092896
3HFM_HL_Y|RY21E|1,-2.546875
3HFM_HL_Y|RY21Q|1,-0.5859375
3HFM_HL_Y|RY21H|1,-2.41845703125
3HFM_HL_Y|RY21M|0,-3.8125
3HFM_HL_Y|RY21K|1,-0.234375
3HFM_HL_Y|RY21W|1,-5.140625
3HFM_HL_Y|KY97G|0,-3.603515625
3HFM_HL_Y|KY97A|1,-2.15625
3HFM_HL_Y|KY97D|0,-3.90234375
3HFM_HL_Y|KY97E|0,-3.4228515625
3HFM_HL_Y|KY97M|1,-3.779296875
3HFM_HL_Y|KY97R|0,-0.453125
3HFM_HL_Y|DY101G|1,0.453125
3HFM_HL_Y|DY101A|1,-0.51171875
3HFM_HL_Y|DY101S|1,0.5
3HFM_HL_Y|DY101N|1,-0.69140625
3HFM_HL_Y|DY101E|1,1.8671875
3HFM_HL_Y|DY101Q|1,0.8984375
3HFM_HL_Y|DY101K|1,-1.302551507949829
3HFM_HL_Y|DY101F|1,-4.0703125
3HFM_HL_Y|DY101R|1,-1.535156488418579
3HFM_HL_Y|YY20F|0,-0.8125
3HFM_HL_Y|KY96M|0,-4.9921875
3HFM_HL_Y|GY102V|1,0.21875
3HFM_HL_Y|HY15A|0,4.1015625
3HFM_HL_Y|YY20A|1,-4.267578125
3HFM_HL_Y|RY21A|2,-1.8925782442092896
3HFM_HL_Y|WY63A|0,-9.28125
3HFM_HL_Y|RY73A|0,-0.65234375
3HFM_HL_Y|LY75A|0,1.771484375
3HFM_HL_Y|TY89A|0,-2.7578125
3HFM_HL_Y|NY93A|0,0.34375
3HFM_HL_Y|IY98A|0,-4.9609375
3HFM_HL_Y|SY100A|0,-0.2734375
3HFM_HL_Y|DY101A|2,-0.51171875
3HFM_HL_Y|YY20F|1,-0.8125
3HFM_HL_Y|YY20L|0,-3.0546875
3HFM_HL_Y|KY96R|0,-0.90625
3HH2_AB_C|VC15E|0,-0.3385009765625
3HH2_AB_C|FC47E|0,0.796875
3HH2_AB_C|IC51E|0,0.4111328125
3HH2_AB_C|FC52E|0,1.25390625
3HH2_AB_C|FC47A|0,0.34765625
3HH2_AB_C|IC51A|0,0.11572265625
3HH2_AB_C|FC52A|0,0.6982421875
3KBH_A_E|DA20A|0,-0.794921875
3KBH_A_E|YA23A|0,-0.4267578125
3KBH_A_E|YA23F|0,-0.4814453125
3KBH_A_E|YE17A|0,0.607421875
3KBH_A_E|SE54A|0,-0.67041015625
3KBH_A_E|SE54T|0,-0.318359375
3KUD_A_B|KB30A|0,6.8125
3KUD_A_B|NB16R|0,1.3027342557907104
3KUD_A_B|TA35A|0,-6.33984375
3L5X_A_HL|YL94A|0,-1.154296875
3LB6_A_C|IA10A|0,0.2813720703125
3LB6_A_C|KA100A|0,-1.08203125
3LB6_A_C|KA101A|0,-0.39990234375
3LB6_A_C|FA103A|0,-0.064453125
3LNZ_A_B|AB8N|0,0.34521484375
3LZF_AB_HL|DA187E|0,-0.5224609375
3LZF_AB_HL|DA222G|0,0.4072265625
3M62_A_B|EA32A|0,0.45458984375
3M62_A_B|DA46A|0,0.560546875
3M62_A_B|LA50A|0,0.021484375
3M62_A_B|TA54A|0,-0.337890625
3M62_A_B|EA55A|0,-0.268310546875
3M62_A_B|RA98A|0,-0.638671875
3M62_A_B|GA102A|0,0.521484375
3M62_A_B|YA103A|0,0.49267578125
3M62_A_B|IA110A|0,0.449462890625
3M62_A_B|FB7A|0,0.48046875
3M62_A_B|KB8A|0,-2.34765625
3M62_A_B|IB43A|0,-1.771484375
3M62_A_B|SB45A|0,-0.48046875
3M62_A_B|VB48A|0,-2.09814453125
3M62_A_B|QB50A|0,-0.5234375
3M62_A_B|QB65A|0,0.339599609375
3M62_A_B|VB67A|0,-0.140625
3M62_A_B|MB69A|0,-2.016357421875
3M63_A_B|EA33A|0,-0.168212890625
3M63_A_B|DA46A|0,0.654296875
3M63_A_B|LA50A|0,0.0078125
3M63_A_B|TA54A|0,-0.30712890625
3M63_A_B|EA55A|0,-0.22509765625
3M63_A_B|RA98A|0,-0.6484375
3M63_A_B|GA102A|0,0.56640625
3M63_A_B|YA103A|0,0.53125
3M63_A_B|VA106A|0,0.42578125
3M63_A_B|IA110A|0,0.4833984375
3M63_A_B|FA113A|0,0.328125
3MZG_A_B|HA33A|0,1.05078125
3MZG_A_B|HA33A|1,1.05078125
3MZG_A_B|HA33A|2,1.05078125
3MZG_A_B|HA33A|3,1.05078125
3MZG_A_B|HA33A|4,1.05078125
3MZG_A_B|HA33A|5,1.05078125
3MZG_A_B|HA46A|0,0.251953125
3MZG_A_B|HA46A|1,0.251953125
3MZG_A_B|HA46A|2,0.251953125
3MZG_A_B|HA46A|3,0.251953125
3MZG_A_B|HA46A|4,0.251953125
3MZG_A_B|HA46A|5,0.251953125
3MZG_A_B|HA84A|0,0.1627197265625
3MZG_A_B|HA84A|1,0.1627197265625
3MZG_A_B|HA84A|2,0.1627197265625
3MZG_A_B|HA84A|3,0.1627197265625
3MZG_A_B|HA84A|4,0.1627197265625
3MZG_A_B|HA84A|5,0.1627197265625
3MZG_A_B|HA125A|0,0.37890625
3MZG_A_B|HA125A|1,0.37890625
3MZG_A_B|HA125A|2,0.37890625
3MZG_A_B|HA125A|3,0.37890625
3MZG_A_B|HA125A|4,0.37890625
3MZG_A_B|HA125A|5,0.37890625
3MZG_A_B|HA160A|0,-0.06884765625
3MZG_A_B|HA160A|1,-0.06884765625
3MZG_A_B|HA160A|2,-0.06884765625
3MZG_A_B|HA160A|3,-0.06884765625
3MZG_A_B|HA160A|4,-0.06884765625
3MZG_A_B|HA160A|5,-0.06884765625
3MZG_A_B|HA182A|0,0.212890625
3MZG_A_B|HA182A|1,0.212890625
3MZG_A_B|HA182A|2,0.212890625
3MZG_A_B|HA182A|3,0.212890625
3MZG_A_B|HA14A|0,0.0888671875
3MZG_A_B|HA14A|1,0.0888671875
3MZG_A_B|HA14A|2,0.0888671875
3MZG_A_B|HA14A|3,0.0888671875
3MZG_A_B|HA14A|4,0.0888671875
3MZG_A_B|HA14A|5,0.0888671875
3MZG_A_B|HA14A|6,0.0888671875
3MZG_A_B|HA14A|7,0.0888671875
3MZG_A_B|HA14A|8,0.0888671875
3MZG_A_B|HA14A|9,0.0888671875
3MZG_A_B|HA167A|0,0.7470703125
3MZG_A_B|HA167A|1,0.7470703125
3MZG_A_B|HA167A|2,0.7470703125
3MZG_A_B|HA167A|3,0.7470703125
3MZG_A_B|HA167A|4,0.7470703125
3MZG_A_B|HA167A|5,0.7470703125
3MZG_A_B|HA167A|6,0.7470703125
3MZG_A_B|HA167A|7,0.7470703125
3MZG_A_B|HA167A|8,0.7470703125
3MZG_A_B|HA17A|0,0.00146484375
3MZG_A_B|HA17A|1,0.00146484375
3MZG_A_B|HA17A|2,0.00146484375
3MZG_A_B|HA17A|3,0.00146484375
3MZG_A_B|HA17A|4,0.00146484375
3MZG_A_B|HA17A|5,0.00146484375
3MZG_A_B|HA17A|6,0.00146484375
3MZG_A_B|HA17A|7,0.00146484375
3MZG_A_B|HA17A|8,0.00146484375
3MZG_A_B|HA17A|9,0.00146484375
3MZG_A_B|HB188A|0,-0.9853515625
3MZG_A_B|HB188A|1,-0.9853515625
3MZG_A_B|HB188A|2,-0.9853515625
3MZG_A_B|HB188A|3,-0.9853515625
3MZG_A_B|HB188A|4,-0.9853515625
3MZG_A_B|HB188A|5,-0.9853515625
3MZG_A_B|HB188A|6,-0.9853515625
3MZG_A_B|HB188A|7,-0.9853515625
3MZG_A_B|HB188A|8,-0.9853515625
3MZG_A_B|HA167A|9,0.7470703125
3MZG_A_B|HA167A|10,0.7470703125
3MZG_A_B|HA167A|11,0.7470703125
3MZG_A_B|HA167A|12,0.7470703125
3MZG_A_B|HA167A|13,0.7470703125
3MZG_A_B|HA167A|14,0.7470703125
3MZG_A_B|HA167A|15,0.7470703125
3MZG_A_B|HA167A|16,0.7470703125
3MZG_A_B|HA167A|17,0.7470703125
3MZG_A_B|HA167A|18,0.7470703125
3MZW_A_B|NB18T|0,1.703125
3MZW_A_B|NB18G|0,-1.142578125
3MZW_A_B|NB18A|0,-1.244140863418579
3N06_A_B|AA14H|0,-0.0869140625
3N06_A_B|AA14H|1,-0.0869140625
3N06_A_B|AA14H|2,-0.0869140625
3N06_A_B|AA14H|3,-0.0869140625
3N06_A_B|AA14H|4,-0.0869140625
3N06_A_B|AA14H|5,-0.0869140625
3N06_A_B|AA14H|6,-0.0869140625
3N06_A_B|AA14H|7,-0.0869140625
3N06_A_B|AA14H|8,-0.0869140625
3N06_A_B|AA14H|9,-0.0869140625
3N0P_A_B|AA17H|0,0.00244140625
3N0P_A_B|AA17H|1,0.00244140625
3N0P_A_B|AA17H|2,0.00244140625
3N0P_A_B|AA17H|3,0.00244140625
3N0P_A_B|AA17H|4,0.00244140625
3N0P_A_B|AA17H|5,0.00244140625
3N0P_A_B|AA17H|6,0.00244140625
3N0P_A_B|AA17H|7,0.00244140625
3N0P_A_B|AA17H|8,0.00244140625
3N0P_A_B|AA17H|9,0.00244140625
3N4I_A_B|EA79D|0,0.96484375
3N85_A_LH|WL91F|0,-0.9374998807907104
3N85_A_LH|WL94Y|0,0.491455078125
3N85_A_LH|WH30K|0,1.630859375
3N85_A_LH|WH30R|0,1.703125
3N85_A_LH|SH32Y|0,0.7578125596046448
3N85_A_LH|SH32A|0,-2.531249761581421
3N85_A_LH|SH50G|0,-1.4453123807907104
3N85_A_LH|SH52Y|0,0.1015625
3N85_A_LH|WH100F|0,-0.0078125
3N85_A_LH|WH100F|1,-0.0078125
3NCB_A_B|AA167H|0,-0.74365234375
3NCB_A_B|AA167H|1,-0.74365234375
3NCB_A_B|AA167H|2,-0.74365234375
3NCB_A_B|AA167H|3,-0.74365234375
3NCB_A_B|AA167H|4,-0.74365234375
3NCB_A_B|AA167H|5,-0.74365234375
3NCB_A_B|AA167H|6,-0.74365234375
3NCB_A_B|AA167H|7,-0.74365234375
3NCB_A_B|AA167H|8,-0.74365234375
3NCB_A_B|AA167H|9,-0.74365234375
3NCB_A_B|AA167H|10,-0.74365234375
3NCB_A_B|AA167H|11,-0.74365234375
3NCB_A_B|AA167H|12,-0.74365234375
3NCB_A_B|AA167H|13,-0.74365234375
3NCB_A_B|AA167H|14,-0.74365234375
3NCB_A_B|AA167H|15,-0.74365234375
3NCB_A_B|AA167H|16,-0.74365234375
3NCB_A_B|AA167H|17,-0.74365234375
3NCB_A_B|AA167H|18,-0.74365234375
3NCC_A_B|AB188H|0,0.970703125
3NCC_A_B|AB188H|1,0.970703125
3NCC_A_B|AB188H|2,0.970703125
3NCC_A_B|AB188H|3,0.970703125
3NCC_A_B|AB188H|4,0.970703125
3NCC_A_B|AB188H|5,0.970703125
3NCC_A_B|AB188H|6,0.970703125
3NCC_A_B|AB188H|7,0.970703125
3NCC_A_B|AB188H|8,0.970703125
3NGB_HL_G|TH33Y|0,1.6015623807907104
3NGB_HL_G|GH55S|0,1.70703125
3NGB_HL_G|AH57G|0,0.3359375
3NGB_HL_G|VH58T|0,-0.3984375
3NGB_HL_G|PH63K|0,-0.3935544490814209
3NGB_HL_G|VH74T|0,1.4912109375
3NGB_HL_G|YH75S|0,5.0234375
3NGB_HL_G|IH30T|0,3.33984375
3NGB_HL_G|KH52N|0,2.921875
3NGB_HL_G|RH54N|0,0.5078125
3NGB_HL_G|RH62Q|0,1.466796875
3NGB_HL_G|YL26S|0,3.7421875
3NGB_HL_G|IH30A|0,0.810546875
3NGB_HL_G|TH33A|0,0.0234375
3NGB_HL_G|WH47A|0,-4.43359375
3NGB_HL_G|WH50A|0,0.8685302734375
3NGB_HL_G|KH52A|0,0.1875
3NGB_HL_G|RH54A|0,0.033203125
3NGB_HL_G|GH55A|0,-0.957275390625
3NGB_HL_G|GH56A|0,-1.2578125
3NGB_HL_G|VH58A|0,-0.81640625
3NGB_HL_G|NH59A|0,-1.4453125
3NGB_HL_G|YH60A|0,-4.7109375
3NGB_HL_G|RH62A|0,2.208984375
3NGB_HL_G|PH63A|0,1.8994140625
3NGB_HL_G|QH65A|0,-0.9296873807907104
3NGB_HL_G|MH70A|0,0.046875
3NGB_HL_G|RH72A|0,-1.1953126192092896
3NGB_HL_G|VH74A|0,0.1201171875
3NGB_HL_G|YH75A|0,3.1640625
3NGB_HL_G|DH103A|0,-0.814453125
3NGB_HL_G|YH104A|0,-1.224609375
3NGB_HL_G|NH105A|0,-1.302734375
3NGB_HL_G|WH106A|0,0.6406247615814209
3NGB_HL_G|VL1A|0,-0.8828125
3NGB_HL_G|QL25A|0,0.6953125
3NGB_HL_G|YL26A|0,2.9140625
3NGB_HL_G|SL28A|0,-0.857421875
3NGB_HL_G|YL87A|0,0.2354736328125
3NGB_HL_G|EL88A|0,-0.142578125
3NGB_HL_G|FL89A|0,0.576904296875
3NPS_A_BC|QA23A|0,-0.294677734375
3NPS_A_BC|IA26A|0,-1.78125
3NPS_A_BC|IA45A|0,-0.986328125
3NPS_A_BC|DA46A|0,-3.16015625
3NPS_A_BC|DA47A|0,-0.353515625
3NPS_A_BC|RA48A|0,-0.595703125
3NPS_A_BC|FA50A|0,0.7421875
3NPS_A_BC|RA51A|0,-1.369140625
3NPS_A_BC|YA52A|0,-0.5673828125
3NPS_A_BC|RA82A|0,-4.267578125
3NPS_A_BC|FA89A|0,-7.281250476837158
3NPS_A_BC|NA90A|0,-3.396484613418579
3NPS_A_BC|DA91A|0,0.9277346134185791
3NPS_A_BC|FA92A|0,1.19140625
3NPS_A_BC|TA93A|0,-1.58203125
3NPS_A_BC|HA138A|0,3.554687261581421
3NPS_A_BC|QA140A|0,0.1015625
3NPS_A_BC|YA141A|0,-0.647705078125
3NPS_A_BC|TA144A|0,-0.65625
3NPS_A_BC|LA147A|0,1.361328363418579
3NPS_A_BC|EA163A|0,-0.16796875
3NPS_A_BC|QA168A|0,-0.0791015625
3NPS_A_BC|QA169A|0,-0.247802734375
3NPS_A_BC|DA214A|0,0.73828125
3NPS_A_BC|QA218A|0,-0.17578125
3NPS_A_BC|RA219A|0,0.96875
3NPS_A_BC|KA221A|0,-1.376953125
3NVN_B_A|RA193E|0,-1.009765625
3NVN_B_A|RB186S|0,0.26171875
3NVQ_B_A|RA157E|0,-0.21875
3NVQ_B_A|RA159E|0,-2.875
3PWP_ABC_DE|GC2L|0,0.75390625
3Q3J_A_B|YB100F|0,-0.5078125
3Q8D_A_E|RA202A|0,-0.1640625
3Q8D_A_E|RA202E|0,-1.923126220703125
3Q8D_A_E|RA209A|0,-5.07421875
3Q8D_A_E|FA227A|0,-3.712890625
3Q8D_A_E|RA228A|0,-1.3828123807907104
3Q8D_A_E|RA228E|0,-2.53125
3Q8D_A_E|RA97A|0,-2.0
3Q8D_A_E|RA12A|0,-5.072265625
3QDG_ABC_DE|DD26W|0,-3.7734375
3QDG_ABC_DE|DD26Y|0,-1.6025390625
3QDG_ABC_DE|RD27W|0,-2.218261957168579
3QDG_ABC_DE|LE95W|0,-3.03515625
3QDG_ABC_DE|FE97W|0,-1.140624761581421
3QDG_ABC_DE|TE99F|0,-1.412109375
3QDG_ABC_DE|GD28I|0,-1.8515625
3QDG_ABC_DE|GD28L|0,-1.63671875
3QDG_ABC_DE|GD28Y|0,-1.83984375
3QDG_ABC_DE|RD27P|0,1.68798828125
3QDG_ABC_DE|GD28P|0,-1.71484375
3QDG_ABC_DE|AE52P|0,-1.636718511581421
3QDG_ABC_DE|GD28N|0,0.2578125
3QDG_ABC_DE|FE97Y|0,0.130859375
3QDJ_ABC_DE|DD26W|0,-3.7578125
3QDJ_ABC_DE|DD26Y|0,-1.6171875
3QDJ_ABC_DE|RD27W|0,-2.18115234375
3QDJ_ABC_DE|LE95W|0,-3.109375
3QDJ_ABC_DE|FE97W|0,-1.134765625
3QDJ_ABC_DE|TE99F|0,-1.333984375
3QDJ_ABC_DE|GD28I|0,-1.851562261581421
3QDJ_ABC_DE|GD28L|0,-1.636718511581421
3QDJ_ABC_DE|GD28Y|0,-1.859374761581421
3QDJ_ABC_DE|RD27P|0,1.6000977754592896
3QDJ_ABC_DE|GD28P|0,-1.671874761581421
3QDJ_ABC_DE|AE52P|0,-1.62890625
3QDJ_ABC_DE|GD28N|0,0.21875
3QDJ_ABC_DE|FE97Y|0,0.1337890625
3QFJ_ABC_DE|FC5Y|0,-1.30078125
3QHY_A_B|NB10A|0,-2.08203125
3QHY_A_B|DB12A|0,-0.32421875
3QHY_A_B|WB13A|0,1.235840082168579
3QHY_A_B|TB17A|0,-2.3984375
3QHY_A_B|YB33A|0,0.76171875
3QHY_A_B|FB34A|0,-0.16796875
3QHY_A_B|LB51A|0,0.912109375
3QHY_A_B|NB72A|0,1.857421875
3QHY_A_B|YB73A|0,-1.2773438692092896
3QHY_A_B|DB91A|0,-1.220703125
3QHY_A_B|WB112A|0,0.0732421875
3QHY_A_B|DB127A|0,-1.1679688692092896
3QHY_A_B|SB129A|0,-0.90625
3QHY_A_B|DB130A|0,-1.095703125
3QHY_A_B|YB151A|0,-1.2070313692092896
3QHY_A_B|DB166A|0,-1.8007811307907104
3QHY_A_B|YB168A|0,-0.013671875
3QHY_A_B|FB169A|0,-0.513671875
3QHY_A_B|IB189A|0,2.0390625
3QHY_A_B|FB190A|0,-0.94921875
3QHY_A_B|YB208A|0,-2.197265625
3QHY_A_B|EB228A|0,0.1328125
3QHY_A_B|WB229A|0,0.94921875
3QHY_A_B|RB246A|0,1.224609375
3QHY_A_B|NB264A|0,-0.318359375
3QIB_ABP_CD|RC89P|0,0.0821533203125
3QIB_ABP_CD|NC94P|0,-0.60888671875
3QIB_ABP_CD|LD95P|0,-0.4951171875
3QIB_ABP_CD|QA57A|0,-0.0546875
3QIB_ABP_CD|AA61G|0,-0.4296875
3QIB_ABP_CD|AA64G|0,-1.23046875
3QIB_ABP_CD|KA67A|0,-2.08203125
3QIB_ABP_CD|AA68G|0,-0.76171875
3QIB_ABP_CD|EA75A|0,-0.78173828125
3QIB_ABP_CD|EB57A|0,-1.66796875
3QIB_ABP_CD|SB61A|0,-0.75537109375
3QIB_ABP_CD|QB62A|0,-0.4521484375
3QIB_ABP_CD|EB64A|0,-0.41796875
3QIB_ABP_CD|EB67A|0,-0.203125
3QIB_ABP_CD|AB71G|0,-0.6328125
3QIB_ABP_CD|DB74A|0,0.07421875
3QIB_ABP_CD|TB75A|0,0.1748046875
3QIB_ABP_CD|HB79A|0,0.408203125
3QIB_ABP_CD|YP6F|0,0.6044921875
3QIB_ABP_CD|KP8R|0,-0.326171875
3QIB_ABP_CD|TP11S|0,0.4560546875
3QIB_ABP_CD|TP11N|0,-0.4697265625
3R9A_AC_B|AA323W|0,-12.15625
3R9A_AC_B|YA325A|0,-8.8046875
3R9A_AC_B|YA325W|0,-9.140625
3R9A_AC_B|VA331D|0,-10.203125
3R9A_AC_B|GA165R|0,-5.7734375
3RF3_A_C|AC8K|0,-1.068359375
3S9D_A_B|SA18A|0,-0.47900390625
3S9D_A_B|LA19A|0,-0.671630859375
3S9D_A_B|FA20A|0,0.21533203125
3S9D_A_B|SA21A|0,-0.79345703125
3S9D_A_B|LA23A|0,-1.07666015625
3S9D_A_B|KA24A|0,-0.2509765625
3S9D_A_B|DA25A|0,0.1484375
3S9D_A_B|RA26A|0,0.48046875
3S9D_A_B|HA27A|0,0.91064453125
3S9D_A_B|DA28A|0,-0.0322265625
3S9D_A_B|EA34A|0,-0.611328125
3S9D_A_B|KA92A|0,-0.7900390625
3S9D_A_B|RA96A|0,-0.064208984375
3S9D_A_B|LA99A|0,0.0849609375
3S9D_A_B|KA102A|0,-0.8408203125
3S9D_A_B|EA103A|0,-0.9462890625
3S9D_A_B|KA104A|0,-0.87744140625
3S9D_A_B|KA105A|0,-0.939453125
3S9D_A_B|TB33A|0,-0.3369140625
3S9D_A_B|MB35A|0,1.236328125
3S9D_A_B|SB36A|0,-1.001953125
3S9D_A_B|KB37A|0,-1.017578125
3S9D_A_B|EB39R|0,-1.08837890625
3S9D_A_B|EB39A|0,-1.158203125
3S9D_A_B|KB42A|0,-0.91015625
3S9D_A_B|WB61F|0,1.884765625
3S9D_A_B|SB63A|0,-0.58837890625
3S9D_A_B|HB65A|0,0.767578125
3S9D_A_B|NB85A|0,-0.4736328125
3S9D_A_B|WB87A|0,1.984374761581421
3S9D_A_B|DB121R|0,-0.845703125
3S9D_A_B|LA8A|0,-0.224609375
3S9D_A_B|MA9A|0,1.41796875
3S9D_A_B|RA15A|0,0.38232421875
3S9D_A_B|RA16A|0,-0.216796875
3S9D_A_B|IA17A|0,-0.01171875
3S9D_A_B|SA18A|1,-0.47900390625
3S9D_A_B|LA19A|1,-0.671630859375
3S9D_A_B|FA20A|1,0.21533203125
3S9D_A_B|LA23A|1,-1.07666015625
3S9D_A_B|LA23V|0,-0.8876953125
3S9D_A_B|KA24A|1,-0.2509765625
3S9D_A_B|DA25A|1,0.1484375
3S9D_A_B|RA26K|0,0.1884765625
3S9D_A_B|RA26A|1,0.48046875
3S9D_A_B|RA26Q|0,-0.337890625
3S9D_A_B|HA27A|1,0.91064453125
3S9D_A_B|DA28A|1,-0.0322265625
3S9D_A_B|QA33A|0,0.3466796875
3S9D_A_B|RA96A|1,-0.064208984375
3S9D_A_B|KA102A|1,-0.8408203125
3S9D_A_B|EA103A|1,-0.9462890625
3S9D_A_B|KA104A|1,-0.87744140625
3S9D_A_B|KA105A|1,-0.939453125
3S9D_A_B|RA115A|0,-0.095703125
3S9D_A_B|AA116G|0,-0.2705078125
3S9D_A_B|AA116M|0,-1.091797113418579
3S9D_A_B|MA119A|0,0.905029296875
3S9D_A_B|RA120A|0,-0.28125
3S9D_A_B|SA123A|0,-0.85791015625
3S9D_A_B|LA124A|0,-0.58740234375
3S9D_A_B|NA127A|0,-1.39990234375
3S9D_A_B|QA48A|0,0.4169921875
3S9D_A_B|FA50A|0,0.16357421875
3S9D_A_B|NA51A|0,0.0616455078125
3S9D_A_B|SA54A|0,-0.69482421875
3S9D_A_B|TA55A|0,-0.156005859375
3S9D_A_B|KA56A|0,-0.06787109375
3S9D_A_B|SA59A|0,-0.582763671875
3S9D_A_B|TA65A|0,0.076171875
3S9D_A_B|LA66A|0,-0.373046875
3S9D_A_B|KA69A|0,-0.330078125
3S9D_A_B|YA71A|0,0.1708984375
3S9D_A_B|TA72A|0,-0.3154296875
3S9D_A_B|YA75A|0,0.390625
3S9D_A_B|QA76A|0,-0.35693359375
3S9D_A_B|NA79A|0,-0.07720947265625
3S9D_A_B|EA82A|0,-0.430908203125
3S9D_A_B|RA5A|0,-0.138671875
3S9D_A_B|LA8A|1,-0.224609375
3S9D_A_B|MA9A|1,1.41796875
3S9D_A_B|AA12W|0,-1.208984375
3S9D_A_B|RA15A|1,0.38232421875
3S9D_A_B|RA16A|1,-0.216796875
3S9D_A_B|IA17A|1,-0.01171875
3S9D_A_B|SA18A|2,-0.47900390625
3S9D_A_B|LA19A|2,-0.671630859375
3S9D_A_B|FA20A|2,0.21533203125
3S9D_A_B|LA23A|2,-1.07666015625
3S9D_A_B|LA23V|1,-0.8876953125
3S9D_A_B|KA24A|2,-0.2509765625
3S9D_A_B|DA25A|2,0.1484375
3S9D_A_B|RA26A|2,0.48046875
3S9D_A_B|RA26K|1,0.1884765625
3S9D_A_B|HA27A|2,0.91064453125
3S9D_A_B|DA28A|2,-0.0322265625
3S9D_A_B|RA91K|0,0.380859375
3S9D_A_B|KA92A|1,-0.7900390625
3S9D_A_B|RA96A|2,-0.064208984375
3S9D_A_B|KA102A|2,-0.8408203125
3S9D_A_B|EA103A|2,-0.9462890625
3S9D_A_B|KA104A|2,-0.87744140625
3S9D_A_B|KA105A|2,-0.939453125
3S9D_A_B|RA115A|1,-0.095703125
3S9D_A_B|AA116M|1,-1.091797113418579
3S9D_A_B|AA116G|1,-0.2705078125
3S9D_A_B|MA119A|1,0.905029296875
3S9D_A_B|RA120A|1,-0.28125
3S9D_A_B|SA123A|1,-0.85791015625
3S9D_A_B|LA124A|1,-0.58740234375
3S9D_A_B|NA127A|1,-1.39990234375
3S9D_A_B|EB17R|0,-1.974609375
3S9D_A_B|YB32A|0,-1.5390625
3S9D_A_B|TB33A|1,-0.3369140625
3S9D_A_B|IB34A|0,0.34765625
3S9D_A_B|MB35A|1,1.236328125
3S9D_A_B|MB35V|0,1.404296875
3S9D_A_B|SB36A|1,-1.001953125
3S9D_A_B|KB37A|1,-1.017578125
3S9D_A_B|EB39A|1,-1.158203125
3S9D_A_B|DB40A|0,-0.884765625
3S9D_A_B|KB42A|1,-0.91015625
3S9D_A_B|RB62A|0,0.046875
3S9D_A_B|SB63A|1,-0.58837890625
3S9D_A_B|TB64A|0,-0.181396484375
3S9D_A_B|HB65A|1,0.767578125
3S9D_A_B|EB66A|0,0.380859375
3S9D_A_B|AB67M|0,-0.986328125
3S9D_A_B|VB69A|0,-2.466796875
3S9D_A_B|HB84A|0,0.44775390625
3S9D_A_B|NB85A|1,-0.4736328125
3S9D_A_B|WB87A|1,1.984374761581421
3S9D_A_B|IB90A|0,1.141113042831421
3S9D_A_B|DB91A|0,-1.169921875
3S9D_A_B|DB121R|1,-0.845703125
3S9D_A_B|HB166A|0,-0.810546875
3S9D_A_B|RA120A|2,-0.28125
3S9D_A_B|EB66A|1,0.380859375
3S9D_A_B|IB90A|1,1.141113042831421
3S9D_A_B|TB33A|2,-0.3369140625
3S9D_A_B|IB34A|1,0.34765625
3S9D_A_B|MB35V|1,1.404296875
3S9D_A_B|HB65A|2,0.767578125
3S9D_A_B|EB66A|2,0.380859375
3S9D_A_B|WB87A|2,1.984374761581421
3S9D_A_B|IB90A|2,1.141113042831421
3S9D_A_B|DB91A|1,-1.169921875
3S9D_A_B|LA8A|2,-0.224609375
3S9D_A_B|LA19A|3,-0.671630859375
3S9D_A_B|LA23A|3,-1.07666015625
3S9D_A_B|RA115A|2,-0.095703125
3S9D_A_B|AA116G|2,-0.2705078125
3S9D_A_B|MA119A|2,0.905029296875
3S9D_A_B|RA120A|3,-0.28125
3S9D_A_B|SA123A|2,-0.85791015625
3S9D_A_B|LA124A|2,-0.58740234375
3SE3_B_A|NA53A|0,-1.744140625
3SE3_B_A|YA55A|0,-0.1962890625
3SE3_B_A|FA81A|0,-0.201171875
3SE3_B_A|EA96A|0,-2.021484375
3SE3_B_A|KA98A|0,-1.861328125
3SE3_B_A|LA116A|0,-0.96142578125
3SE3_B_A|DA117A|0,-0.06103515625
3SE3_B_A|SA120A|0,-1.150390625
3SE3_B_A|NA140T|0,0.849609375
3SE3_B_A|YA148A|0,-0.55859375
3SE3_B_A|TA166A|0,-0.6328125
3SE3_B_A|SA167A|0,-1.37841796875
3SE3_B_A|FA223A|0,-0.23046875
3SE3_B_A|RA226A|0,-0.568359375
3SE3_B_A|NA227A|0,-0.998046875
3SE3_B_A|NA230A|0,-0.89453125
3SE3_B_A|FA273A|0,1.306640625
3SE4_B_A|LA116A|0,-1.06005859375
3SE4_B_A|DA117A|0,0.009765625
3SE4_B_A|SA120A|0,-1.26953125
3SE4_B_A|NA140T|0,0.29296875
3SE4_B_A|YA148A|0,-0.7324221134185791
3SE4_B_A|TA166A|0,-0.634765625
3SE4_B_A|RA226A|0,-0.681640625
3SE4_B_A|NA227A|0,-1.046875
3SE4_B_A|NA230A|0,-0.908203125
3SE4_B_A|FA273A|0,1.2421875
3SE4_B_A|PB27A|0,0.86328125
3SE4_B_A|PB27L|0,1.01171875
3SE4_B_A|LB31A|0,-0.685546875
3SE4_B_A|MB130A|0,0.46923828125
3SE4_B_A|KB134A|0,-0.392578125
3SE4_B_A|KB134R|0,-0.505859375
3SE4_B_C|TC36A|0,-0.29248046875
3SE4_B_C|MC38A|0,0.7089846134185791
3SE4_B_C|MC38V|0,0.9375002384185791
3SE4_B_C|SC39A|0,-0.970703125
3SE4_B_C|HC68A|0,0.51513671875
3SE4_B_C|EC69A|0,-0.61328125
3SE4_B_C|VC72A|0,-1.39453125
3SE4_B_C|IC95A|0,1.1591796875
3SE4_B_C|HC172A|0,0.013671875
3SE4_B_C|PB27A|0,0.7265625
3SE4_B_C|PB27L|0,0.91796875
3SE4_B_C|LB31A|0,-0.76318359375
3SE4_B_C|MB130A|0,0.7408447265625
3SE4_B_C|KB134A|0,-0.76416015625
3SE4_B_C|KB134R|0,-0.451171875
3SE4_B_C|EC69A|1,-0.61328125
3SE4_B_C|KB134A|1,-0.76416015625
3SE4_B_C|KB134R|1,-0.451171875
3SE8_HL_G|RH30A|0,0.3251953125
3SE8_HL_G|WH47A|0,-6.7421875
3SE8_HL_G|WH50A|0,-0.8332517147064209
3SE8_HL_G|KH52A|0,0.990234375
3SE8_HL_G|LH54A|0,1.037109375
3SE8_HL_G|WH55A|0,1.84912109375
3SE8_HL_G|GH56A|0,-2.04296875
3SE8_HL_G|VH58A|0,-0.6484375
3SE8_HL_G|SH59A|0,-2.04296875
3SE8_HL_G|YH60A|0,-3.900390863418579
3SE8_HL_G|RH62A|0,2.142578125
3SE8_HL_G|QH63A|0,0.81640625
3SE8_HL_G|QH65A|0,-2.0234375
3SE8_HL_G|RH72A|0,-2.61962890625
3SE8_HL_G|QH76A|0,0.73828125
3SE8_HL_G|PH78A|0,-1.75
3SE8_HL_G|PH81A|0,-0.9843751192092896
3SE8_HL_G|DH110A|0,-0.21728515625
3SE8_HL_G|YH111A|0,-0.3173828125
3SE8_HL_G|DH114A|0,-0.54296875
3SE8_HL_G|FH115A|0,0.24755859375
3SE8_HL_G|EL1A|0,-0.310546875
3SE8_HL_G|QL27A|0,0.4921875
3SE8_HL_G|NL30A|0,0.65673828125
3SE8_HL_G|DL49A|0,1.90869140625
3SE8_HL_G|FL90A|0,2.021484375
3SE8_HL_G|EL91A|0,0.2822265625
3SE8_HL_G|FL92A|0,0.66455078125
3SE9_HL_G|LH34A|0,1.482421875
3SE9_HL_G|WH48A|0,-6.625
3SE9_HL_G|WH51A|0,0.37451171875
3SE9_HL_G|VH55A|0,0.955078125
3SE9_HL_G|TH56A|0,-1.0234375
3SE9_HL_G|GH57A|0,-1.16015625
3SE9_HL_G|VH59A|0,-0.203125
3SE9_HL_G|NH60A|0,-1.53515625
3SE9_HL_G|GH62A|0,1.572265625
3SE9_HL_G|PH64A|0,0.3046875
3SE9_HL_G|RH67A|0,-0.51953125
3SE9_HL_G|RH74A|0,-0.982421875
3SE9_HL_G|RH76A|0,-0.66015625
3SE9_HL_G|DH77A|0,0.853515625
3SE9_HL_G|YH104A|0,-1.275390625
3SE9_HL_G|TH105A|0,-0.216064453125
3SE9_HL_G|GH106A|0,-0.40234375
3SE9_HL_G|GH107A|0,-1.02001953125
3SE9_HL_G|GH109A|0,-0.896484375
3SE9_HL_G|VL3A|0,-1.138671875
3SE9_HL_G|YL28A|0,2.84375
3SE9_HL_G|GL29A|0,-1.73291015625
3SE9_HL_G|LL89A|0,1.373046875
3SE9_HL_G|EL90A|0,-0.71484375
3SE9_HL_G|FL91A|0,0.50830078125
3SEK_B_C|LC11E|0,-0.26220703125
3SEK_B_C|LC44E|0,-0.9375
3SEK_B_C|FC47E|0,0.5361328125
3SEK_B_C|LC48E|0,-0.8203125
3SEK_B_C|LC44A|0,-0.80078125
3SEK_B_C|FC47A|0,0.67578125
3SEK_B_C|LC48A|0,-0.72607421875
3SF4_A_D|RA202E|0,-4.2021484375
3SF4_A_D|NA264R|0,-5.09375
3SF4_A_D|WD8A|0,1.796875238418579
3SF4_A_D|ED19R|0,-0.09375
3SF4_A_D|KD27D|0,0.0576171875
3SGB_E_I|LI12G|0,0.376953125
3SGB_E_I|LI12A|0,1.279296875
3SGB_E_I|LI12S|0,2.095703125
3SGB_E_I|LI12C|0,-2.927734613418579
3SGB_E_I|LI12V|0,-0.5839846134185791
3SGB_E_I|LI12T|0,1.408203125
3SGB_E_I|LI12P|0,0.634765625
3SGB_E_I|LI12I|0,-1.271484613418579
3SGB_E_I|LI12M|0,0.185546875
3SGB_E_I|LI12N|0,0.974609375
3SGB_E_I|LI12D|0,1.072265625
3SGB_E_I|LI12K|0,0.615234375
3SGB_E_I|LI12Q|0,0.39141845703125
3SGB_E_I|LI12E|0,0.580078125
3SGB_E_I|LI12H|0,-0.9355471134185791
3SGB_E_I|LI12F|0,-0.9746096134185791
3SGB_E_I|LI12R|0,0.47802734375
3SGB_E_I|LI12Y|0,0.5224609375
3SGB_E_I|LI12W|0,-0.10546875
3SGB_E_I|AI9G|0,-1.839843988418579
3SGB_E_I|AI9S|0,-0.396484375
3SGB_E_I|AI9C|0,-3.464843988418579
3SGB_E_I|AI9V|0,1.51953125
3SGB_E_I|AI9T|0,0.60546875
3SGB_E_I|AI9P|0,-2.136718988418579
3SGB_E_I|AI9L|0,-1.021484375
3SGB_E_I|AI9I|0,0.20703125
3SGB_E_I|AI9M|0,-2.355468988418579
3SGB_E_I|AI9N|0,-1.578125238418579
3SGB_E_I|AI9D|0,-1.216796875
3SGB_E_I|AI9K|0,-0.84814453125
3SGB_E_I|AI9Q|0,-0.9990234375
3SGB_E_I|AI9E|0,-0.53125
3SGB_E_I|AI9H|0,-3.230468988418579
3SGB_E_I|AI9F|0,-1.773437738418579
3SGB_E_I|AI9R|0,-1.601562738418579
3SGB_E_I|AI9Y|0,-1.2265625
3SGB_E_I|AI9W|0,-3.386718988418579
3SGB_E_I|TI11G|0,-3.0546875
3SGB_E_I|TI11A|0,-2.64453125
3SGB_E_I|TI11S|0,-0.796875
3SGB_E_I|TI11C|0,-8.484375
3SGB_E_I|TI11V|0,-4.015625
3SGB_E_I|TI11P|0,-1.0
3SGB_E_I|TI11L|0,-4.14453125
3SGB_E_I|TI11I|0,-4.890625
3SGB_E_I|TI11M|0,-5.46875
3SGB_E_I|TI11N|0,-3.42626953125
3SGB_E_I|TI11D|0,-3.1787109375
3SGB_E_I|TI11K|0,-3.83203125
3SGB_E_I|TI11Q|0,-4.359375
3SGB_E_I|TI11E|0,-3.8125
3SGB_E_I|TI11H|0,-5.265625
3SGB_E_I|TI11F|0,-5.765625
3SGB_E_I|TI11R|0,-3.720703125
3SGB_E_I|TI11Y|0,-4.59375
3SGB_E_I|TI11W|0,-5.96875
3SGB_E_I|EI13G|0,-3.968750238418579
3SGB_E_I|EI13A|0,-2.3828125
3SGB_E_I|EI13S|0,-2.37109375
3SGB_E_I|EI13C|0,-8.609375
3SGB_E_I|EI13V|0,-2.681640625
3SGB_E_I|EI13T|0,-2.140625
3SGB_E_I|EI13P|0,-5.40625
3SGB_E_I|EI13L|0,-4.01953125
3SGB_E_I|EI13I|0,-3.507812738418579
3SGB_E_I|EI13M|0,-5.140625
3SGB_E_I|EI13N|0,-3.094970703125
3SGB_E_I|EI13D|0,-1.2109375
3SGB_E_I|EI13K|0,-3.789062738418579
3SGB_E_I|EI13Q|0,-2.125
3SGB_E_I|EI13H|0,-5.0390625
3SGB_E_I|EI13F|0,-5.4375
3SGB_E_I|EI13R|0,-4.4765625
3SGB_E_I|EI13Y|0,-4.5234375
3SGB_E_I|EI13W|0,-5.875
3SGB_E_I|YI14G|0,-4.0234375
3SGB_E_I|YI14A|0,-3.099609375
3SGB_E_I|YI14S|0,-2.3359375
3SGB_E_I|YI14C|0,-7.03125
3SGB_E_I|YI14V|0,-2.349609375
3SGB_E_I|YI14T|0,-2.12109375
3SGB_E_I|YI14P|0,-3.8515625
3SGB_E_I|YI14L|0,-2.462890625
3SGB_E_I|YI14I|0,-2.283203125
3SGB_E_I|YI14M|0,-4.296875
3SGB_E_I|YI14N|0,-2.4951171875
3SGB_E_I|YI14D|0,-2.58349609375
3SGB_E_I|YI14K|0,-3.453125
3SGB_E_I|YI14Q|0,-3.33203125
3SGB_E_I|YI14E|0,-3.32421875
3SGB_E_I|YI14H|0,-3.33203125
3SGB_E_I|YI14F|0,-2.5107421875
3SGB_E_I|YI14R|0,-3.6953125
3SGB_E_I|YI14W|0,-3.130859375
3SGB_E_I|RI15G|0,0.6757810115814209
3SGB_E_I|RI15A|0,1.644531011581421
3SGB_E_I|RI15S|0,1.691406011581421
3SGB_E_I|RI15C|0,-3.55859375
3SGB_E_I|RI15V|0,-0.98046875
3SGB_E_I|RI15T|0,-0.056640625
3SGB_E_I|RI15P|0,-2.93359375
3SGB_E_I|RI15L|0,-0.75390625
3SGB_E_I|RI15I|0,-1.94921875
3SGB_E_I|RI15M|0,-1.39453125
3SGB_E_I|RI15N|0,2.847656011581421
3SGB_E_I|RI15D|0,2.925781011581421
3SGB_E_I|RI15K|0,0.3168942928314209
3SGB_E_I|RI15Q|0,0.6582028865814209
3SGB_E_I|RI15E|0,1.292968511581421
3SGB_E_I|RI15H|0,-0.7265625
3SGB_E_I|RI15F|0,-0.88671875
3SGB_E_I|RI15Y|0,-0.0048828125
3SGB_E_I|RI15W|0,-1.85546875
3SGB_E_I|PI8G|0,-1.53125
3SGB_E_I|PI8A|0,-1.3984375
3SGB_E_I|PI8S|0,-1.615234375
3SGB_E_I|PI8C|0,-1.26171875
3SGB_E_I|PI8V|0,-1.58984375
3SGB_E_I|PI8T|0,-1.57421875
3SGB_E_I|PI8L|0,-1.4765625
3SGB_E_I|PI8I|0,-2.185546875
3SGB_E_I|PI8M|0,-3.53125
3SGB_E_I|PI8N|0,-2.107421875
3SGB_E_I|PI8D|0,-1.733154296875
3SGB_E_I|PI8K|0,-1.71875
3SGB_E_I|PI8Q|0,-2.130859375
3SGB_E_I|PI8E|0,-1.8798828125
3SGB_E_I|PI8H|0,-3.609375
3SGB_E_I|PI8F|0,-3.046875
3SGB_E_I|PI8R|0,-2.34375
3SGB_E_I|PI8Y|0,-2.1328125
3SGB_E_I|PI8W|0,-4.2109375
3SGB_E_I|KI7G|0,-0.427734375
3SGB_E_I|KI7A|0,1.2167969942092896
3SGB_E_I|KI7S|0,-0.0908203125
3SGB_E_I|KI7C|0,-0.751953125
3SGB_E_I|KI7V|0,0.537109375
3SGB_E_I|KI7T|0,0.427734375
3SGB_E_I|KI7P|0,-0.1728515625
3SGB_E_I|KI7L|0,0.095703125
3SGB_E_I|KI7I|0,-0.36474609375
3SGB_E_I|KI7M|0,-1.494140625
3SGB_E_I|KI7N|0,-0.587890625
3SGB_E_I|KI7D|0,-0.1630859375
3SGB_E_I|KI7Q|0,-0.353515625
3SGB_E_I|KI7E|0,0.279296875
3SGB_E_I|KI7H|0,-2.306640625
3SGB_E_I|KI7F|0,-1.705078125
3SGB_E_I|KI7R|0,-0.45703125
3SGB_E_I|KI7Y|0,-0.677734375
3SGB_E_I|KI7W|0,-2.369140625
3SGB_E_I|GI26A|0,-0.1484375
3SGB_E_I|GI26S|0,1.3515625
3SGB_E_I|GI26C|0,-6.179687023162842
3SGB_E_I|GI26V|0,-2.1640625
3SGB_E_I|GI26T|0,-0.1953125
3SGB_E_I|GI26P|0,-1.32861328125
3SGB_E_I|GI26L|0,-1.841796875
3SGB_E_I|GI26I|0,-3.0078125
3SGB_E_I|GI26M|0,-3.21875
3SGB_E_I|GI26N|0,-1.352783203125
3SGB_E_I|GI26D|0,-0.375
3SGB_E_I|GI26K|0,-3.0859375
3SGB_E_I|GI26Q|0,-2.30078125
3SGB_E_I|GI26E|0,-1.763671875
3SGB_E_I|GI26H|0,-3.3125
3SGB_E_I|GI26F|0,-3.078125
3SGB_E_I|GI26R|0,-2.640625
3SGB_E_I|GI26Y|0,-1.98046875
3SGB_E_I|GI26W|0,-3.1640625
3SGB_E_I|NI30G|0,-0.8124997615814209
3SGB_E_I|NI30A|0,1.9921875
3SGB_E_I|NI30S|0,0.9453125
3SGB_E_I|NI30C|0,-4.953125
3SGB_E_I|NI30V|0,1.7734375
3SGB_E_I|NI30T|0,0.884765625
3SGB_E_I|NI30P|0,-3.249999761581421
3SGB_E_I|NI30L|0,0.955078125
3SGB_E_I|NI30I|0,0.798828125
3SGB_E_I|NI30M|0,-0.6640622615814209
3SGB_E_I|NI30D|0,0.6162109375
3SGB_E_I|NI30K|0,-0.3749997615814209
3SGB_E_I|NI30Q|0,0.91796875
3SGB_E_I|NI30E|0,1.4375
3SGB_E_I|NI30H|0,0.13671875
3SGB_E_I|NI30F|0,-0.14453125
3SGB_E_I|NI30R|0,-0.4531247615814209
3SGB_E_I|NI30Y|0,0.6484375
3SGB_E_I|NI30W|0,-1.390624761581421
3SGB_E_I|LI12M|1,0.185546875
3SGB_E_I|GI26A|1,-0.1484375
3SGB_E_I|NI22S|0,-0.5625
3SGB_E_I|YI14H|1,-3.33203125
3SGB_E_I|GI26V|1,-2.1640625
3SGB_E_I|YI14D|1,-2.58349609375
3SGB_E_I|TI11E|1,-3.8125
3SGB_E_I|TI11S|1,-0.796875
3SGB_E_I|TI11V|1,-4.015625
3SGB_E_I|AI9V|1,1.51953125
3SGB_E_I|TI11A|1,-2.64453125
3SGB_E_I|LI12A|1,1.279296875
3SGB_E_I|LI12E|1,0.580078125
3SGB_E_I|LI12Q|1,0.39141845703125
3SZK_AB_C|NC35A|0,-0.8046873807907104
3SZK_AB_C|TC38A|0,-0.1259765625
3SZK_AB_C|QC39A|0,0.433837890625
3SZK_AB_C|YC40A|0,0.2138671875
3SZK_AB_C|YC41A|0,0.62109375
3SZK_AB_C|HC42A|0,0.748046875
3SZK_AB_C|FC43A|0,0.31982421875
3SZK_AB_C|FC44A|0,0.33203125
3SZK_AB_C|NC66A|0,0.192138671875
3SZK_AB_C|SC69A|0,-0.13671875
3SZK_AB_C|TC70A|0,0.091796875
3SZK_AB_C|DC120A|0,0.443359375
3SZK_AB_C|DC121A|0,0.0234375
3SZK_AB_C|GC122A|0,-0.8203125
3SZK_AB_C|EC123A|0,-0.51904296875
3SZK_AB_C|EC124A|0,-0.41845703125
3SZK_AB_C|VC27A|0,-0.6816407442092896
3SZK_AB_C|DC48A|0,-0.169921875
3SZK_AB_C|DC51A|0,0.193359375
3SZK_AB_C|KC56A|0,0.0458984375
3SZK_AB_C|KC57A|0,0.232421875
3TGK_E_I|NE170D|0,6.0
3U82_A_B|IB45A|0,-4.357421875
3UIG_A_P|EA47A|0,-0.609375
3UIG_A_P|KA58A|0,-6.4609375
3UIG_A_P|EA61A|0,-4.5078125
3UIG_A_P|DA67A|0,-12.265625
3UIG_A_P|EA72A|0,-6.828125
3UII_A_P|KA58A|0,-6.59375
3W2D_A_HL|YA45F|0,-0.5810546875
3W2D_A_HL|YA45L|0,-0.1064453125
3W2D_A_HL|KA67R|0,-1.9228515625
3W2D_A_HL|KA67N|0,-1.66015625
3WWN_A_B|RA221E|0,-1.046875
3WWN_A_B|RA224E|0,-1.5183104276657104
3WWN_A_B|KA225E|0,-5.609375
4B0M_A_BM|AB127G|0,-1.28515625
4B0M_A_BM|PM98A|0,-4.25
4B0M_A_BM|PM98S|0,-4.921875
4B0M_A_BM|PM99A|0,-1.6328125
4B0M_A_BM|PM99S|0,-2.265625
4B0M_A_BM|YM9G|0,1.203125
4B0M_A_BM|YM37A|0,-3.47265625
4B0M_A_BM|LM40A|0,-6.43359375
4B0M_A_BM|MA8A|0,-1.2109375
4BFI_A_B|LB29K|0,-3.5
4BFI_A_B|NB43D|0,-2.0390625
4BFI_A_B|NB43A|0,-3.630859375
4BFI_A_B|LB91A|0,-3.765625
4BFI_A_B|NB93K|0,-4.3515625
4BFI_A_B|FB95D|0,-3.87109375
4BFI_A_B|FB95A|0,-3.76171875
4BFI_A_B|KB99E|0,-1.175781488418579
4BFI_A_B|QB6K|0,0.0625
4BFI_A_B|SB17D|0,-1.5859375
4BFI_A_B|QB26K|0,-0.5244140625
4CPA_A_I|PI35G|0,0.412109375
4CPA_A_I|YI36G|0,0.63037109375
4CPA_A_I|YI36F|0,0.03515625
4CPA_A_I|VI37G|0,0.373046875
4CPA_A_I|VI37A|0,0.150634765625
4CPA_A_I|VI37L|0,0.18505859375
4CPA_A_I|VI37I|0,-0.1591796875
4CPA_A_I|VI37F|0,0.0078125
4CVW_A_C|DA720W|0,-2.775390386581421
4CVW_A_C|DA720R|0,0.107421875
4CVW_A_C|RC27A|0,0.349609375
4CVW_A_C|RC31A|0,0.96484375
4CVW_A_C|RC31W|0,-1.324218988418579
4CVW_A_C|LC34G|0,0.30029296875
4CVW_A_C|LC34W|0,-1.45361328125
4CVW_A_C|VC35D|0,-0.1796875
4E6K_AB_G|YG2F|0,0.48883056640625
4E6K_AB_G|KG40A|0,-2.67919921875
4E6K_AB_G|LG5A|0,-0.7158203125
4EKD_A_B|CA147R|0,5.51171875
4FTV_ABC_DE|KD66A|0,-1.1875001192092896
4FTV_ABC_DE|TA163A|0,-2.146484375
4FTV_ABC_DE|DD93A|0,-0.55908203125
4FTV_ABC_DE|RA65A|0,0.09375
4FTV_ABC_DE|DD93A|1,-0.55908203125
4FTV_ABC_DE|RA65A|1,0.09375
4FTV_ABC_DE|QE101E|0,-0.0224609375
4FTV_ABC_DE|QE101R|0,-0.1640625
4FZA_A_B|FA168E|0,-9.140625
4FZA_A_B|YA213A|0,-9.578125
4FZA_A_B|RA217A|0,-10.9296875
4FZA_A_B|EB122A|0,-1.396484375
4G0N_A_B|RB6A|0,-0.04638671875
4G0N_A_B|NB11A|0,-3.15234375
4G0N_A_B|QB13A|0,-1.447265625
4G0N_A_B|RB14A|0,0.35986328125
4G0N_A_B|TB15A|0,-0.466796875
4G0N_A_B|VB16A|0,-0.873046875
4G0N_A_B|KB31A|0,1.125
4G0N_A_B|VB35A|0,0.41796875
4G0N_A_B|IA21A|0,-4.130859375
4G0N_A_B|HA27A|0,0.2021484375
4G0N_A_B|EA31A|0,-1.8671875
4G0N_A_B|DA33A|0,-5.1796875
4G0N_A_B|IA36A|0,-6.333984375
4G0N_A_B|EA37A|0,-6.25
4G0N_A_B|DA38A|0,-7.50390625
4G0N_A_B|SA39A|0,-2.42578125
4G0N_A_B|RA41A|0,-5.39501953125
4G0N_A_B|VA45A|0,-1.6367188692092896
4G0N_A_B|FB8W|0,-1.6640625
4G0N_A_B|VB35I|0,-0.1025390625
4G0N_A_B|NB18R|0,0.94140625
4G0N_A_B|AB32K|0,-6.53125
4G0N_A_B|TA35A|0,-6.38671875
4G0N_A_B|KB12M|0,-1.343750238418579
4G0N_A_B|NB11A|1,-3.15234375
4G0N_A_B|NB11D|0,-0.09375
4G0N_A_B|VB16A|1,-0.873046875
4G0N_A_B|KB12A|0,-0.345703125
4G0N_A_B|KB12E|0,-0.26953125
4G0N_A_B|TB15A|1,-0.466796875
4G0N_A_B|RB14A|1,0.35986328125
4G0N_A_B|RB6A|1,-0.04638671875
4G0N_A_B|QB13A|1,-1.447265625
4G0N_A_B|KB31A|1,1.125
4G0N_A_B|KB31E|0,2.8359375
4G0N_A_B|EA31A|1,-1.8671875
4G0N_A_B|DA33A|1,-5.1796875
4G0N_A_B|RA41A|1,-5.39501953125
4G0N_A_B|RB6A|2,-0.04638671875
4G0N_A_B|NB11A|2,-3.15234375
4G0N_A_B|RB14A|2,0.35986328125
4G0N_A_B|VB16A|2,-0.873046875
4G0N_A_B|KB31A|2,1.125
4G0N_A_B|VB35A|1,0.41796875
4G0N_A_B|TA35S|0,-4.265625
4G0N_A_B|TA35A|1,-6.38671875
4G0N_A_B|DA38A|1,-7.50390625
4G2V_A_B|RA198E|0,-3.4453125
4G2V_A_B|NA260R|0,-5.1015625
4GNK_A_B|KA294A|0,-3.068359375
4GNK_A_B|LB764A|0,-0.86328125
4GNK_A_B|TB540E|0,-6.125
4GXU_ABCDEF_MN|DA189E|0,-6.83203125
4GXU_ABCDEF_MN|DA224G|0,-7.2890625
4HFK_A_BD|RB22A|0,-7.578125
4HFK_A_BD|LB45A|0,-8.70703125
4HFK_A_BD|EB46A|0,-6.640625
4HFK_A_BD|SB48A|0,-5.875
4HFK_A_BD|NB49A|0,-7.80029296875
4HFK_A_BD|LB50A|0,-8.81640625
4HFK_A_BD|EB56A|0,-6.8828125
4HFK_A_BD|TD72A|0,-5.9296875
4HRN_A_D|LD17A|0,-0.025390625
4HRN_A_D|SD43A|0,-0.791015625
4HRN_A_D|VD44A|0,0.896484375
4HRN_A_D|FD47A|0,-1.259765625
4HSA_AB_C|RA28V|0,-8.203125
4HSA_AB_C|WA40V|0,-5.375
4HSA_AB_C|YA58I|0,-8.01220703125
4HSA_AB_C|HA59S|0,-8.0078125
4J2L_A_CD|WC17A|0,-5.40966796875
4J2L_A_CD|LC20S|0,-6.6953125
4J2L_A_CD|VA23A|0,-4.34765625
4J2L_A_CD|SA34D|0,-7.28125
4J2L_A_CD|LA118E|0,-2.476562738418579
4JEU_A_B|RA169A|0,-1.498046875
4JEU_A_B|RA37C|0,-2.088623285293579
4JEU_A_B|IB215A|0,-6.09375
4JEU_A_B|RB3A|0,-0.134765625
4JEU_A_B|TB4A|0,0.5947265625
4JEU_A_B|LB7A|0,0.2509765625
4JFD_ABC_DE|AC4G|0,0.15234375
4JFE_ABC_DE|AC7I|0,-0.21337890625
4JFF_ABC_DE|EC1A|0,-0.072265625
4JFF_ABC_DE|GC4A|0,-0.1328125
4JFF_ABC_DE|GC6A|0,-0.3515625
4JFF_ABC_DE|IC7A|0,0.219970703125
4JFF_ABC_DE|LC8A|0,-1.359375
4JFF_ABC_DE|TC9A|0,0.21875
4JGH_ABC_D|WD44A|0,2.273437738418579
4JPK_HL_A|VA30N|0,-0.31005859375
4JPK_HL_A|SA41G|0,-0.21484375
4JPK_HL_A|FA63L|0,0.9619140625
4JPK_HL_A|RA81T|0,0.5218505859375
4JPK_HL_A|RA130K|0,0.6328125
4JPK_HL_A|FA144I|0,0.57177734375
4JPK_HL_A|TA35S|0,-0.30615234375
4JPK_HL_A|DA141R|0,0.2412109375
4K71_A_BC|GA503E|0,1.7890625
4K71_A_BC|AA545V|0,0.5078123807907104
4K71_A_BC|HA462A|0,1.0546875
4K71_A_BC|HA462F|0,-0.9570310115814209
4K71_A_BC|HB157A|0,1.28125
4K71_A_BC|HB157F|0,-1.3125
4K71_A_BC|AA545V|1,0.5078123807907104
4K71_A_BC|AA545V|2,0.5078123807907104
4KRL_A_B|DB112A|0,-0.61083984375
4L0P_A_B|TA11K|0,-0.66796875
4L0P_A_B|SA20F|0,-2.562499761581421
4L0P_A_B|EA27K|0,0.6718748807907104
4L0P_A_B|NA59S|0,-0.15625
4L0P_A_B|TA76Q|0,-2.640625
4L0P_A_B|TA140N|0,-1.95703125
4L3E_ABC_DE|RA65A|0,0.03125
4L3E_ABC_DE|YE48A|0,-6.4609375
4L3E_ABC_DE|YD26A|0,0.18115234375
4L3E_ABC_DE|YD50A|0,-1.57177734375
4L3E_ABC_DE|QA155A|0,-0.849609375
4L3E_ABC_DE|ND52A|0,-0.494140625
4L3E_ABC_DE|EA166A|0,-1.0625
4LRX_AB_CD|HA56N|0,-9.578125
4MNQ_ABC_DE|KC4A|0,1.179687738418579
4MNQ_ABC_DE|LC6A|0,-1.55078125
4MYW_A_B|IB48A|0,-4.25
4N8V_G_ABC|PG10A|0,-2.8046875
4N8V_G_ABC|KG38A|0,-0.46142578125
4N8V_G_ABC|YG39F|0,0.091796875
4N8V_G_ABC|YG124A|0,-0.109375
4NKQ_C_AB|RB80A|0,-0.419921875
4NKQ_C_AB|RB80D|0,0.0439453125
4NKQ_C_AB|NB81A|0,0.21875
4NKQ_C_AB|YB82A|0,-0.52685546875
4NKQ_C_AB|YB82F|0,0.04315185546875
4NKQ_C_AB|DB87A|0,-1.33984375
4NKQ_C_AB|DB87R|0,-0.998046875
4NKQ_C_AB|TB88A|0,-0.6591796875
4NKQ_C_AB|KB89A|0,-0.465576171875
4NKQ_C_AB|KB89D|0,0.1015625
4NKQ_C_AB|KB90A|0,-0.89501953125
4NKQ_C_AB|KB90D|0,0.328125
4NKQ_C_AB|IB91A|0,-2.337890625
4NKQ_C_AB|EB92A|0,-2.61328125
4NKQ_C_AB|QB120A|0,-0.77978515625
4NKQ_C_AB|KB121A|0,-0.833984375
4NKQ_C_AB|LB122A|0,-1.708984375
4NKQ_C_AB|SB123A|0,-0.791015625
4NKQ_C_AB|DB126A|0,-1.384765625
4NKQ_C_AB|DB176A|0,0.14453125
4NKQ_C_AB|DB176E|0,-0.9140625
4NKQ_C_AB|RB178A|0,-1.267578125
4NKQ_C_AB|RB178D|0,-0.38671875
4NKQ_C_AB|DC99K|0,-0.0859375
4NKQ_C_AB|RB178M|0,-2.570312738418579
4NKQ_C_AB|DB176A|1,0.14453125
4NKQ_C_AB|DB176N|0,-0.3388671875
4NKQ_C_AB|RB156Q|0,1.42529296875
4NKQ_C_AB|RB178M|1,-2.570312738418579
4NKQ_C_AB|DB176A|2,0.14453125
4NKQ_C_AB|DB176N|1,-0.3388671875
4NKQ_C_AB|RB156Q|1,1.42529296875
4NKQ_C_AB|NC4E|0,1.57421875
4NKQ_C_AB|IC6G|0,-1.01953125
4NKQ_C_AB|EC8R|0,-1.0566405057907104
4NKQ_C_AB|RC10D|0,-0.859375
4NKQ_C_AB|RC11D|0,-0.359375
4NKQ_C_AB|NC14D|0,-0.12890625
4NKQ_C_AB|LC15D|0,-1.142578125
4NM8_ABCDEF_HL|IB18M|0,-8.4267578125
4NM8_ABCDEF_HL|DB19N|0,-7.3671875
4NM8_ABCDEF_HL|RB25M|0,-9.015625
4NM8_ABCDEF_HL|TB32E|0,-9.5546875
4NM8_ABCDEF_HL|TB32I|0,-7.4296875
4NM8_ABCDEF_HL|TB32R|0,-8.94140625
4NM8_ABCDEF_HL|QB34T|0,-7.94921875
4NM8_ABCDEF_HL|QB34R|0,-7.7734375
4NM8_ABCDEF_HL|LB38Y|0,-10.671875
4NZW_A_B|KA77A|0,-5.85009765625
4NZW_A_B|EB49A|0,-2.28515625
4NZW_A_B|EB124A|0,-2.25390625
4O27_A_B|YA215A|0,-9.2421875
4O27_A_B|KA88A|0,-6.4541015625
4O27_A_B|EB42A|0,-3.203125
4O27_A_B|EB122A|0,-1.384765625
4OFY_A_D|QA34A|0,-5.31005859375
4OFY_A_D|MA36A|0,-0.47021484375
4OFY_A_D|DA38A|0,-0.98828125
4OFY_A_D|FA40A|0,-3.488281011581421
4OFY_A_D|QA85A|0,-4.67578125
4OFY_A_D|SA87A|0,-1.4140623807907104
4OFY_A_D|EA88A|0,0.681640625
4OFY_A_D|QD34A|0,0.907958984375
4OFY_A_D|LD42A|0,-2.617187261581421
4OFY_A_D|QD86A|0,-1.818359375
4OFY_A_D|RD96A|0,-2.2080078125
4OZG_ABJ_GH|NG29A|0,-1.009765625
4OZG_ABJ_GH|LG50A|0,-1.390625238418579
4OZG_ABJ_GH|YH46F|0,-1.6875
4OZG_ABJ_GH|QH48A|0,0.087890625
4OZG_ABJ_GH|NH50A|0,-0.619140625
4OZG_ABJ_GH|FH94A|0,1.07080078125
4OZG_ABJ_GH|FH96A|0,-0.037109375
4OZG_ABJ_GH|DH98A|0,-0.607421875
4OZG_ABJ_GH|YH101F|0,0.171875
4P23_CD_AB|KC40A|0,-2.8125
4P23_CD_AB|DC56A|0,-0.052001953125
4P23_CD_AB|QC58A|0,0.07421875
4P23_CD_AB|LC61A|0,0.07421875
4P23_CD_AB|QC62A|0,-0.986328125
4P23_CD_AB|NC63A|0,0.025390625
4P23_CD_AB|VC66A|0,0.55078125
4P23_CD_AB|KC68A|0,-3.77734375
4P23_CD_AB|HC69A|0,0.52734375
4P23_CD_AB|VC73A|0,-2.15625
4P23_CD_AB|KC76A|0,-0.6328125
4P23_CD_AB|FD1A|0,3.330078125
4P23_CD_AB|ED2A|0,-0.33203125
4P23_CD_AB|QD4A|0,0.2841796875
4P23_CD_AB|KD5A|0,0.23046875
4P23_CD_AB|KD7A|0,0.923828125
4P23_CD_AB|ND9A|0,0.83203125
4P23_CD_AB|KD10A|0,0.59228515625
4P23_CD_AB|VD12A|0,0.298828125
4P23_CD_AB|DD13A|0,-0.59716796875
4P23_CD_AB|ED68A|0,-1.0312501192092896
4P23_CD_AB|YD69A|0,-0.03515625
4P23_CD_AB|SD72A|0,-1.25390625
4P23_CD_AB|QD73A|0,-3.03125
4P23_CD_AB|PD74A|0,-1.6015626192092896
4P23_CD_AB|ED75A|0,-1.37109375
4P23_CD_AB|ID76A|0,-0.583984375
4P23_CD_AB|ED78A|0,-0.7578125
4P23_CD_AB|RD79A|0,-0.81640625
4P23_CD_AB|RD81A|0,-2.25
4P23_CD_AB|DD85A|0,-1.291015625
4P23_CD_AB|TD86A|0,-0.4140625
4P23_CD_AB|RD89A|0,-2.582763671875
4P23_CD_AB|HD90A|0,-0.134765625
4P23_CD_AB|ED93A|0,-0.525390625
4P5T_CD_AB|KC40A|0,-2.7265625
4P5T_CD_AB|DC56A|0,-0.164306640625
4P5T_CD_AB|QC58A|0,0.03515625
4P5T_CD_AB|LC61A|0,0.09765625
4P5T_CD_AB|QC62A|0,-0.974609375
4P5T_CD_AB|NC63A|0,0.052734375
4P5T_CD_AB|VC66A|0,0.578125
4P5T_CD_AB|KC68A|0,-3.718749761581421
4P5T_CD_AB|HC69A|0,0.45703125
4P5T_CD_AB|VC73A|0,-2.087890625
4P5T_CD_AB|KC76A|0,-0.5703125
4P5T_CD_AB|FD1A|0,3.234374761581421
4P5T_CD_AB|ED2A|0,-0.13671875
4P5T_CD_AB|QD4A|0,0.2265625
4P5T_CD_AB|KD5A|0,0.15625
4P5T_CD_AB|KD7A|0,0.720703125
4P5T_CD_AB|ND9A|0,0.65625
4P5T_CD_AB|KD10A|0,0.36328125
4P5T_CD_AB|VD12A|0,0.224609375
4P5T_CD_AB|DD13A|0,-0.814453125
4P5T_CD_AB|ED67A|0,-1.0468751192092896
4P5T_CD_AB|YD68A|0,-0.00390625
4P5T_CD_AB|SD71A|0,-1.3359375
4P5T_CD_AB|QD72A|0,-2.984375
4P5T_CD_AB|PD73A|0,-1.5781251192092896
4P5T_CD_AB|ED74A|0,-1.39453125
4P5T_CD_AB|ID75A|0,-0.60302734375
4P5T_CD_AB|ED77A|0,-0.8437501192092896
4P5T_CD_AB|RD78A|0,-0.7265626192092896
4P5T_CD_AB|RD80A|0,-2.1953125
4P5T_CD_AB|DD84A|0,-1.3125
4P5T_CD_AB|TD85A|0,-0.4375
4P5T_CD_AB|RD88A|0,-2.5751953125
4P5T_CD_AB|HD89A|0,-0.072265625
4P5T_CD_AB|ED92A|0,-0.6182861328125
4PWX_AB_CD|QA205A|0,-9.375
4PWX_AB_CD|EA206A|0,-9.416015625
4PWX_AB_CD|DA250A|0,-9.3828125
4PWX_AB_CD|KB65A|0,-7.98828125
4PWX_AB_CD|KB65D|0,-7.1297607421875
4PWX_AB_CD|KB68A|0,-7.68896484375
4PWX_AB_CD|KB68D|0,-8.13671875
4PWX_AB_CD|RB71A|0,-6.681640625
4PWX_AB_CD|KC1A|0,-0.318359375
4PWX_AB_CD|KC9A|0,1.0185546875
4PWX_AB_CD|YC15A|0,-3.47265625
4PWX_AB_CD|YC16A|0,-1.334228515625
4PWX_AB_CD|EC17A|0,-0.171875
4PWX_AB_CD|HC19A|0,1.8037109375
4PWX_AB_CD|QC20A|0,-1.9296875
4PWX_AB_CD|RC31A|0,-0.21875
4PWX_AB_CD|DC60K|0,0.00390625
4PWX_AB_CD|EC67K|0,0.703125
4RA0_A_C|AC66V|0,0.62158203125
4RA0_A_C|RC101G|0,-3.0078125
4RS1_A_B|NB150A|0,0.473388671875
4RS1_A_B|YB151A|0,-3.812500238418579
4RS1_A_B|YB151F|0,-1.078125
4RS1_A_B|TB172A|0,-0.04296875
4RS1_A_B|KB174A|0,-1.48828125
4RS1_A_B|IB175A|0,-4.48828125
4RS1_A_B|EB176A|0,-1.37890625
4RS1_A_B|QB202A|0,-0.89599609375
4RS1_A_B|KB203A|0,-1.726562738418579
4RS1_A_B|LB204A|0,-2.09765625
4RS1_A_B|SB205A|0,-1.091796875
4RS1_A_B|EA25A|0,-0.73046875
4RS1_A_B|EA25K|0,0.01171875
4RS1_A_B|DA28A|0,-0.19287109375
4RS1_A_B|DA28K|0,0.11328125
4RS1_A_B|QA79A|0,0.294921875
4RS1_A_B|QA79E|0,0.6552734375
4RS1_A_B|DA92A|0,-0.477783203125
4RS1_A_B|DA92K|0,-0.1015625
4RS1_A_B|LA95A|0,-0.076904296875
4RS1_A_B|FA99A|0,1.2109375
4RS1_A_B|EA88A|0,-1.115234375
4RS1_A_B|EA88Q|0,-0.517578125
4RS1_A_B|EA88K|0,-0.26953125
4RS1_A_B|NA89D|0,0.001953125
4RS1_A_B|NA89A|0,0.35693359375
4RS1_A_B|NA89K|0,0.50927734375
4RS1_A_B|KA91A|0,-1.025390625
4RS1_A_B|KA91Q|0,-0.3828125
4RS1_A_B|KA91E|0,-0.09765625
4RS1_A_B|DA92N|0,-0.138671875
4RS1_A_B|DA92A|1,-0.477783203125
4RS1_A_B|DA92R|0,-0.60009765625
4RS1_A_B|DA92K|1,-0.1015625
4RS1_A_B|IA6G|0,-1.23046875
4RS1_A_B|EA8R|0,-1.1174317598342896
4RS1_A_B|RA10D|0,-0.61181640625
4RS1_A_B|RA11D|0,0.05859375
4U6H_AB_E|NE21A|0,0.2265625
4U6H_AB_E|QE25A|0,0.302734375
4WND_A_B|RA201E|0,-4.0859375
4WND_A_B|NA263R|0,-4.734375
4X4M_AB_E|KE153A|0,-0.643798828125
4X4M_AB_E|HE154A|0,-0.32861328125
4X4M_AB_E|RE155A|0,-1.099609375
4X4M_AB_E|KE153E|0,-0.064697265625
4X4M_AB_E|HE154E|0,1.30029296875
4X4M_AB_E|RE155E|0,-0.57421875
4Y61_A_B|YA246A|0,1.2626953125
4Y61_A_B|RB86A|0,-1.48828125
4YEB_A_B|DA133A|0,-5.60546875
4YEB_A_B|AA114S|0,0.90234375
4YEB_A_B|RB88T|0,-0.3828125
4YEB_A_B|FB131A|0,-2.328125
4YFD_A_B|RA48A|0,-2.857421875
4YFD_A_B|RA169A|0,-1.119140625
4YFD_A_B|EA259A|0,-0.0458984375
4YFD_A_B|WB4A|0,2.366211175918579
4YFD_A_B|DB7A|0,-0.6015625
4YFD_A_B|KB71A|0,0.455078125
4YH7_A_B|RA48A|0,-2.90625
4YH7_A_B|RA169A|0,-1.216796875
4YH7_A_B|YA246A|0,1.3125
4YH7_A_B|DB7A|0,-0.67138671875
4YH7_A_B|DB258A|0,-0.461669921875
4ZS6_HL_A|YA160A|0,0.03466796875
4ZS6_HL_A|EA156A|0,0.116455078125
5C6T_HL_A|YA182A|0,-0.330322265625
5C6T_HL_A|NA183A|0,-1.09130859375
5C6T_HL_A|TA185A|0,-1.279296875
5C6T_HL_A|NA186A|0,0.268798828125
5C6T_HL_A|NA188A|0,-0.6796875
5C6T_HL_A|FA192A|0,-0.55712890625
5C6T_HL_A|EA194A|0,-0.1497802734375
5C6T_HL_A|FA199A|0,0.1219482421875
5C6T_HL_A|FA200A|0,0.05029296875
5C6T_HL_A|IA201A|0,-0.046875
5C6T_HL_A|RH31S|0,1.2890625
5C6T_HL_A|SH32A|0,-2.390625
5C6T_HL_A|NH97A|0,-0.55078125
5C6T_HL_A|YH98A|0,-0.99609375
5C6T_HL_A|FH99A|0,0.259765625
5C6T_HL_A|YH104A|0,-1.919921875
5C6T_HL_A|YL47A|0,-2.6484375
5C6T_HL_A|RL48A|0,1.726562738418579
5CXB_A_B|EB49D|0,1.953125
5CXB_A_B|TB52Q|0,-2.477783203125
5CXB_A_B|RB54A|0,-0.6093748807907104
5CXB_A_B|RB54E|0,-0.35156238079071045
5CXB_A_B|VB56W|0,-3.234375
5CYK_A_B|EB52R|0,0.49999988079071045
5CYK_A_B|EB52A|0,-0.234375
5E6P_A_B|IB22A|0,2.60009765625
5E6P_A_B|LB24A|0,0.03857421875
5E6P_A_B|RB42A|0,-3.84765625
5E6P_A_B|RB42E|0,-2.83203125
5E6P_A_B|YA468A|0,2.0078125
5E6P_A_B|AA494E|0,0.412109375
5E6P_A_B|AA495E|0,-0.07421875
5E9D_AB_CDE|GD27E|0,-0.57421875
5E9D_AB_CDE|TD90Q|0,-0.203125
5E9D_AB_CDE|VE49D|0,0.430419921875
5E9D_AB_CDE|AE98Y|0,-0.900390625
5E9D_AB_CDE|YD49W|0,-1.6484375
5E9D_AB_CDE|NE27G|0,0.125
5E9D_AB_CDE|SD50G|0,-0.5078125
5E9D_AB_CDE|KD96Q|0,0.09765625
5F4E_A_B|EA50A|0,-0.0419921875
5F4E_A_B|EA50K|0,0.173828125
5F4E_A_B|DA51A|0,0.19140625
5F4E_A_B|QA109A|0,-0.2333984375
5F4E_A_B|HA136A|0,1.048828125
5F4E_A_B|RA139A|0,-0.0703125
5F4E_A_B|RA139E|0,0.3291015625
5F4E_A_B|EB26A|0,-0.38671875
5F4E_A_B|EB26K|0,0.48437488079071045
5F4E_A_B|WB43A|0,2.1484375
5F4E_A_B|LB62A|0,-0.30615234375
5F4E_A_B|KB139A|0,-1.42236328125
5F4E_A_B|KB139E|0,-0.71875
5K39_A_B|MB108A|0,-0.75390625
5K39_A_B|MB112A|0,2.29541015625
5K39_A_B|SB115A|0,1.5078123807907104
5K39_A_B|FB142A|0,1.625
5K39_A_B|IB148A|0,2.66796875
5M2O_A_B|IB17A|0,-2.486328125
5M2O_A_B|SB18A|0,-0.390625
5M2O_A_B|VB21A|0,-3.2890625
5M2O_A_B|QB25A|0,-2.8515625
5M2O_A_B|KB32A|0,-0.9453125
5M2O_A_B|QB61A|0,-3.328125
5M2O_A_B|LB65A|0,2.015625
5M2O_A_B|NA64A|0,-1.9975587129592896
5M2O_A_B|NA71A|0,0.1328125
5M2O_A_B|KA73A|0,0.521484375
5M2O_A_B|LA75A|0,-0.16796875
5M2O_A_B|EA80A|0,-0.1015625
5M2O_A_B|HA117A|0,4.3671875
5M2O_A_B|NA120A|0,1.5947264432907104
5TAR_A_B|FB13A|0,1.2299805879592896
5TAR_A_B|MB18A|0,-0.36328125
5TAR_A_B|WB30A|0,0.40625
5TAR_A_B|EB86A|0,0.91796875
5TAR_A_B|WB88A|0,2.265625
5TAR_A_B|QB114A|0,0.763671875
5TAR_A_B|IB127A|0,-1.34423828125
5TAR_A_B|FB131A|0,-0.921875
5UFE_A_B|GA12D|0,-9.328125
5UFE_A_B|GA12D|1,-9.328125
5UFE_A_B|GA12C|0,-7.0087890625
5UFE_A_B|GA12V|0,-8.359375
5UFE_A_B|QB25R|0,0.6591796875
5UFE_A_B|GA12D|2,-9.328125
5UFQ_A_C|DA12G|0,9.234375
5UFQ_A_C|DA12G|1,9.234375
5UFQ_A_C|DA12C|0,2.2685546875
5UFQ_A_C|DA12V|0,1.0078125
5UFQ_A_C|DA12G|2,9.234375
5XCO_A_B|DA13C|0,2.149413585662842
5XCO_A_B|DA13G|0,9.0625
5XCO_A_B|PB6A|0,-0.630859375
5XCO_A_B|LB7A|0,-0.67919921875
5XCO_A_B|YB8A|0,0.525390625
5XCO_A_B|SB10A|0,-0.697265625
5XCO_A_B|YB11A|0,0.78955078125
5XCO_A_B|PB13A|0,-0.12646484375
5XCO_A_B|VB14A|0,-0.15087890625
